Name,Category,Phone,Email,Description
ABSA,Financing,012 366 5982 / 082 525 3996,,"Our Purpose and Goal
At Absa, we are driven by our Purpose to help people achieve their ambitions in the right way. This lays the foundation to reach our Goal; to become the financial services provider of choice.
Our Purpose and Goal underpin our effort..."
SM Architectural & Town-Planning Service cc,Town Planning,072 798 5428,,"Are you in search of affordable drafting services for your building plans? You've come to the right place! Our drafting services are reliable, cost-effective, and designed to meet all of your needs. SM Architectural &amp; Town-planning Services cc opened..."
National Small Business. & Cooperative Association,Gauteng,082 368 7466,,"The National Small Business &amp; Cooperative Association offers a range of Membership options for individuals, private companies and other Business Associations, Chambers, Forums and Non-profit Organizations interested in supporting and advancing the e..."
Lydenburg Mashishing Business Chamber,Mpumalanga,064 621 0972,,
AGS Kerk,Associated Partnerships,013 235 2509,,
Local Choice Pharmacy,Pharmacies,(013) 235-2321,,
Volle Evangelie Kerk / Full Gospel Church,Associations and Forums,0846885007,,
Capital City Business Chamber,Gauteng,012 542 1308,,"The Capital City Business Chamber (CCBC) is an innovative organization working for the success of the Business Community in the Capital City (Pretoria/Tshwane) of South Africa. The CCBC covers the whole of the City of Tshwane with a focus on:
1. Promotin..."
Stegmanns Inc,Directory,086 1333 402,,"Established in 1890 in Pretoria, Stegmanns Inc. (“Stegmanns”) is a well-respected legal partner that offers appropriate legal solutions and superior levels of client service to meet the dynamic legal requirements and challenges of South African corporates..."
FinanciallyFit Group,Directory,0126631899,,"We help businesses and individuals to become Financially FiT for Life through financial consulting, training, accounting and tax services."
Aon South Africa (Pty) Ltd,Insurance,0860 100 404,,"About AonAon is a leading global professional services firm providing advice and solutions in Risk, Retirement and Health at a time when those topics have never been more important to the global economy. Aon develops insights - driven by data and delivere..."
Cameron Consulting,Directory,0827135665,,"HR Specialist, consulting on Employee Contracts, Job Descriptions, Performance Management, HR Analytical Skills, Coaching, Disciplinary Management and more. A strong consulting professional with a Master of Business Administration (MBA) degree."
Uniquely You,Directory,0829073472,,"I help individuals, couples &amp; teams awake to your potential and greatness."
Dynamic OHS Consultants,Directory,0795187330,,"We change lives by saving lives. Protecting the health and safety of all South Africans, one workplace at a time and to ensure all workers return to their families at the end of each workday. Dynamic OHS Consultants (DOC) serves the community by promoting..."
Bluecare Insurance Brokers,Directory,082 494 5624,,"Bluecare is a registered financial service provider: Fsb nr 25045
Started as a small risk brokerage in 2006.
The Principle member/broker gained experience at Liberty Life since 2003.
Principle broker became independent in 2006"
Go3D,Directory,0782477757,,"Prototyping, 3D Printing, Mould making, Casting, Painting, Prop making"
Business Development Association of Southern Africa (BD...,Directory,0827742413,,Business Development Association of Southern Africa (BDASA) help Business Development Professionals &amp; entrepreneurs find and capture business opportunities
Friday Club Network,Directory,076 948 2641,,The Business Initiative was established&nbsp;to fill a significant gap that has&nbsp;been discovered&nbsp;in the business market today. Within the old political&nbsp;dispensation&nbsp;business&nbsp;was executed&nbsp;under a set of rules that no longer app...
Kitchen Project Management Inc,Directory,0836537570,,Kitchen Project Management Inc provides expert guidance throughout the whole design process and doesn’t stop until their clients are 100 percent happy with the finished look and service you chose. They believe the little things make the biggest difference...
Kwaramba electrical contractors,Directory,0829599032,,"We specialize in the design, installation, maintenance and repairs of electrical systems including smart home electrical installations. We also do network signal boosting- Never drop or miss a call due to network issues."
C Small Consulting,Directory,066 219 4207,,To purposefully provide clients with ethical and professional recruitment and related HR services. Having a clear understanding of a client’s business requirements enables the ability to source the right candidate who best meets the criteria of the positi...
Pop The Champagne Pty Ltd,Directory,012 941 9826,,"Our passion for seamless events led us to form Pop the Champagne in 2015, an outlet for our bubbling enthusiasm for events. Our passionate enthusiasm is evident in every event we create with our clients.
Our mission is to turn your dream event into a rea..."
Bluestream Consulting,Directory,0833040987,,At&nbsp;Bluestream&nbsp;we are inspired and intrigued by this very specific challenge. How do companies achieve and create long-term&nbsp; future competitiveness?&nbsp;“Innovation is rapidly becoming the critical success factor of the twenty-first century...
First Step Life & Investment Planners (Pty) Ltd,Directory,012 665 1241,,"First Step Life &amp; Investment Planners (Pty) Ltd established in 2007, is the brain-child of Director, Johan de Clerk, who envisaged the business and growth potential of the company within the Insurance Industry. In an already crowded and competitive in..."
GR8BIZ,Directory,0824139151,,GR8BIZ™ is an online business directory that showcases those businesses that aspire to Greatness and reassures consumers that they are dealing with businesses that commit themselves to living up to their brand promises. Operated by former Ombudsman Adv Ne...
All Technology Solutions (ATS),Directory,010 493 4710,,"ATS Centurion officially opened on 03 June 2019 in Jean Avenue right in the heart of Centurion and is a franchise of ATS Group, the first part of which was started in 2000. Our mission is to provide specialised Cloud Based VoIP (Voice over IP) solutions a..."
HBM Edu Tech,Directory,082 321 8120,,"We create cost effective online classrooms on a Learning Management System (LMS). We also provide:• LMS training: Administrator and/or Course builder, etc.• eLearning content development – which is in high demand.• Manage and monitor student performances...."
Sentinel Risk Management,Directory,082 953 1594,,"Sentinel Risk Management, the company that has your best interests at heart. Sentinel Risk Management has successfully completed various Risk Assessments, Close Protection assignments and Security Threat Analyses in South Africa, Africa, the Middle East,..."
For Your Eyes Only,Directory,012 807 6919 / 4842,,"We started building For Your Eyes Only early 2015. Since then our focus has always been on providing 100% satisfaction to our customers.
We value each customer as a member of the FYEO family by giving them the best service possible and making them feel r..."
Simplistic Accounting,Directory,087 898 8401,,"Simplistic Accounting is a Chartered Accountancy practice specializing in cloud-based accounting solutions and system implementations to optimize the financial function in small and medium enterprises.
We focus on your accounting, so you can focus on you..."
Small Business Institute (SBI),National Chambers,012 348 5440,,"SBI stands for a free-market approach to grow SMEs, create jobs, and provide ethical leadership. We envision a country where small- and medium-sized businesses are supported by thoughtful, evidence-based policy that limits obstacles to their success and s..."
Franchise Association of South Africa,Associations and Forums,011 615 0359,,"South Africa can be proud to hold the torch for franchising in Africa. As the oldest internationally recognized Franchise Association on the continent, FASA has been responsible for the roll-out of ethical franchising in South Africa. It was founded in 19..."
Alberton & JHB South Business Forum,Gauteng,011 867 1069                                                                                            011 867 1069,,"AJSBF is affiliated with the&nbsp;AHI, affording us the opportunity to interact on National and Provincial level as well as direct access to expert views, business material and quality presenters.
Our dream is to incorporate the majority of the business..."
Renico Construction2,Directory,011 794 1177,,"Renico Construction was established in 1998 when Nico Louw, at that time a partner in a successful West Rand Estate Agency, realised that the demand for housing in the area, particularly for the first time homeowner, was growing rapidly. Over the years, t..."
Central Development Property Group,Property Developers,083 656 5083 / 083 449 3694,,"Property Developer in Gauteng
Gauteng’s largest residential developer in our market segments for affordable housing. New Developments for Sale, Retirement &amp; Rentals.
Inception
Established in business since 2002. Our developments include rental comp..."
Old Mutual Life Assurance,Business Support,021 5092757,,"We offer a broad spectrum of financial solutions to retail and corporate customers across key markets in 14 countries.
Old Mutual can offer you and your business tailored advice that is designed to achieve your goals. Advice that delivers a financial pla..."
Mangaung Chamber of Commerce and Industry,Local Chambers,051 522 1710,,"There is an urgent need to make MCCI more relevant for its members and ensure that the MCCI is regarded by all as a relevant force in the local economy. The following key objectives of the MCCI are used as basis to determine the main focus, core business..."
Lemon & Lime Creative Studio,Finance & Business Services,072 348 7084,,
RuggaChick Productions,Online Marketing,,,
VIRI Media,Corporate Gifts & Branding,012 734 3028,,
Labour Law,Cullinan,012 309 4000,,
Pro TV and Appliances,Media,012 734 2454,,
Postnet,Finance & Business Services,011 207 2900,,
Momentum,Third Party,012 671 8911,,"Assurance:
Life assurance, trauma / disability assurance, income replacement assurance, bond assurance
Retirement planning:
Retirement annuities, provident funds, pensions funds, living annuities
Insurance:
Household, business interruption, vehicle,..."
Pieter-Momentum Planner,Financing,,,
Solutions 4,Human Resources,083 310 7680,,
Hutech international Group,Communications (ICT),012 343-1685,,"IT consultants are contracted to work with industrial and commercial clients who are seeking help and advice about business and IT problems. A typical project involves:&nbsp;

Consulting staff&nbsp;
Defining objectives&nbsp;
Determining information sy..."
RBO Funerals (pty) ltd,Funeral Services,012 734 5065,,
Mosekhu Investment Group,Energy,,,
Raboko WET,Finance & Business Services,,,
Marong rong cash loans,Finance,013 935 1228,,
Standard Bank Besigheids Bank,Finance,082 465  5957,,
Bezt Forex,Tax & Legal Consulting,011 867 1818,,"BeztForex (Pty) Ltd is a Foreign Exchange, Global Trade and Banking intermediary company.
We provide a wide spectrum of Foreign Exchange and Banking Solutions to Importers and Exporters in South Africa as well as to banks on the African Continent.
Our s..."
Enamen Consulting,Consulting & Strategies,011 806 1500,,
Yndi40 Projects,Communications (ICT),,,
ShopFomo,Consulting & Strategies,083 441 3014,,
Mingeomet,Consulting & Strategies,,,
My Go Ideas (Pty) Ltd (Member),Finance & Business Services,,,
All Star Placements,Cullinan,062 483 6676,,
Elite Recoveries Gauteng Pty (Ltd),Accounting,071 659 2509,,
Rusoord,Preventative Care,012 664 5835,,
Rayton Optometrist,Health & Medical,012 734 5700,,
Le Earley Hair & Beauty Salon Nail Bar,Health & Medical,,,
DG Lab Services,Cullinan,011 397 2899,,
NETHERLANDS EMBASSY,Embassies,012 425 4500,,
Kingdom Of Morocco Embassy,Embassies,012 343 0230,,
Embassy : Argentine Republic,Embassies,012 430 3513,,
Embassy of Cuba,Embassies,021 346 2215,,
Embassy of the Sultanate of Oman,Embassies,Embassy of the Sultanate of Oman,,
Nigerian Embassy,Embassies,012 342 0905,,
Embassy : Eritrea,Embassies,012 333 1302,,
RUSSIAN FEDERATION Embassy,Government Services,012 362 1337,,
A2Pay & Sparesboyz,Sector Support,,,
South African Property Owners Association SAPOA,Infrastructure & Construction,011 883 0679,,
JDS Creations,Building Services,,,
Raw Solutions,Building Services,0703 656 6797,,
Amakhosi Amahle Projects(Pty)Ltd,Cullinan,,,
Oda Property Holdings,Building Services,,,
K2015116846 (SOUTH AFRICA) (Pty) Ltd,Infrastructure & Construction,,,
TJ PROFFESIONAL,Construction,076 5228 737,,
Steel & Construction,Construction,010 786 0282,,
Sethitho Projects,Manufacturing,072 723 4907,,
Rhalane Construction,Construction,,,
Phahlo Trading Enterprise (Pty) Ltd,Infrastructure & Construction,013 265 1789,,
Mathamago Constructions,Construction,,,
Gomba Building,Cullinan,,,
Africa Moon Trading,Cullinan,,,
Ethandwayo General Trading,Construction,0606479262.,,
Elmarie Moss-Dormehl,Renovations & Maintenance,082 920 4929,,
LJ Maintenance Masters,Renovations & Maintenance,084 569 9258,,"About Us
We are experienced handymen and maintenance experts willing to take all your home maintenance needs into our hands. We specialize&nbsp;in general residential maintenance, minor home improvement projects, plumbing and home security systems. T..."
A-Z Gauteng Plumbing (Pty) Ltd,Centurion Business Forum,011-888 9998,,
Voxfire,Centurion Business Forum,012-653 5866,,
Ibert (PTY) LTD,Architects,010 5908373,,
Murray Smith Architects,Architects,082 332 9466,,
3 Point Architects,Professional Services,012 460 9182,,
JHI PROPERTIES,Developers,011 911 8000,,
Resilient,Property Developers,011 612 6800,,
Real one Real Estate,Estate Agents,083 250 3130,,
Earle Agencies,Professional Services,,,
Rockern Projects,Professional Services,012 803 8761,,
NAFCON TSHWANE,Property Management,011 807 5063.,,
Kaofela Quantity Surveyors,Professional Services,010 549 1234,,
VAL-Co Property Valuers,Infrastructure & Construction,012 348 8643,,
Thokad Group (PTY)LTD,Property Developers,,,
Roda Management,Property Developers,012 755 9624,,
Sufficient GrageTrading,Property Developers,,,
Leapfrog,Property Developers,012 997 3899,,
McCormick Property Development,Developers,: 012 654 6330,,
Delta Development (Pty)Ltd,Infrastructure & Construction,072 554 0632,,
Sinovitch Group,Property Developers,012 347 5010,,
Shapiro Group,Developers,012 346 4350,,
Shant Holdings,Property Developers,,,
Pienaar Property Developments,Property Developers,,,
Whleisure Group,Developers,,,
JT Group,Developers,,,
iThemba Properties,Property Developers,087 330 0005,,
Twin City,Property Developers,012 460 9226,,
The Regency,Developers,012 111 9292,,
Stabilizer,Developers,,,
5KG,Property Developers,010 060 1555,,
Mesure,Developers,011 492 1740,,
Property Coza Centurion West,Developers,011 568 4513,,
Nethold,Property Developers,012 3642555,,
Mradi Project Controls Solutions,Infrastructure & Construction,083 609 0180,,
Robprop,Property Developers,011 706 7030,,
Respublica,Developers,0100 200 300,,
Raudev,Property Developers,011 794 9390,,
Prop Developments,Property Developers,,,
Lingana Properties,Developers,012 325 6184,,
Lapalaka Property Projects,Infrastructure & Construction,011 706 5391,,
Landman Properties,Developers,083 381 2908,,
Irene Land Corporation,Property Developers,082 900 4209,,
Growthpoint,Property Developers,011 944 6000,,
Gro Properties,Property Developers,012 347 8400,,
G5 Properties,Developers,010 060 1555,,
Faircity,Developers,011 429 2600,,
D-Kon Properties,Property Developers,012 346 6031,,
Craft Homes,Developers,011 510 9999,,
Cosmopolitan Projects,Developers,010 045 9000,,
Encha Property Services,Property Developers,"175 Lunnon Rd, Hillcrest, Pretoria",,
Emira Property Fund,Property Developers,011 028 3100,,
CIH,Property Developers,012 348 5654,,
Bothongo Group,Developers,012 320 4421,,
Badec Bros,Property Developers,086 132 2332,,
Accura Development Management,Property Developers,082 411 2898,,
Waterford Bridge Property Group,Property Developers,083 7019 845,,"Our Vision &amp; Mission
Deeply rooted in property, primarily residential, we are embarking on an exciting journey together with the aim of becoming a Property Development and Service company of excellence.We pay attention to the finest detail and we put..."
Trencon Construction,Building Services,011 451 8000,,
Invicta Construction,Building Services,012 332 3495,,
Paint Wise Centurion,Building Services,012 653 5206,,
Desere S Qu Lity Furniture,Infrastructure & Construction,012 541 1543,,
Fire and Security Techniques,Fire Alarm Systems,012 621 9400,,
Amalembe Construction & Projects,Finance & Business Services,081 357 5964,,Construction development and fuel supply.
Semarium Projects,Construction,079 891 9269,,"The consultation firm is&nbsp;spearheaded by two building managers with combined construction and management experience of more than 40 years.
&nbsp;
We are a&nbsp;consultation&nbsp;firm&nbsp;in the residential, commercial,&nbsp;industrial and agricultu..."
CBF Academy,Technology,087 803 3787,,"The CBF Academy was established to alleviate the void in affordable education. Thus impacting lives through constant education, whilst making it affordable for both companies to also train their staff continuously, as well as for individuals looking to co..."
Irhalanae Construction cc,Construction,013 932 5148 /086 571 1416,,"halane Construction cc (Bronkhorstspruit) is listed on our site as an industry related company's branch. Their Contact information is here due to an association with the Lead information we provide. This includes, but is not limited to Private Constructio..."
C-Pro Construction,Construction,012 809 4129,,
Tranacon Construction,Building Services,082 318 7699,,
MBK Mogotsi Construction,Building Services,(012) 546-6470,,
GN Air,Building Services,012 653 8622,,
Fundani Tourism,Tourism & Events,081 403 1279,,
Go Get It Logistics cc,Travel,012 932 3893,,
Khempi-Maleke shuttle services,Shuttle Services,076 3457 708,,
Green Bush Pig,Safaris,083 576 5935,,
Areyeng,Travel,012 358 4848​​,,"The Municipality was established on 5 December 2000 through the integration of various municipalities and councils that had previously served the greater Pretoria regime and surrounding areas.​ On 28 May 2008, a proclamation through the Government G..."
Bronberg Landgoed,Conferencing,076 452 6182,,
Cullinan Diamond Lodge,Tourism & Events,012 734 2255,,
Casablanca Manor,Functions & Events,012 940 8184,,
The Snackery,Retail,073 312 2444,,
DFIStudio7,Tourism & Events,078 141 7969,,
Elephant Sound and Lighting Productions,Audio Visual,084 557 1179,,"Elephant Sound and Lighting Productions (Pty) Ltd. is a technical services and production company based in Pretoria, Gauteng, South Africa. We provide high end Sound, Lighting, Musical Instruments, Staging and Audio Visual systems, for any type of event i..."
Monument Restaurant,Restaurants,012 321 6230,,
John Dory's Wonderpark - Fish Grill Sushi,Food & Beverage,012 549 0404,,
Tin Roof Café,Food & Beverage,084 821 3555,,
Cullinan Trading Post,Restaurants,082 787 6824,,
Cullinan Golf Club,Tourism & Events,012 734 1078,,
Steers,Food & Beverage,013 935 1362,,
Rogany's Indian Cuisine,Tourism & Events,079 709 8580,,
Forthmac Enterprise,Food & Beverage,081 755 9370,,
Whispering Oaks,Food & Beverage,073 230 4500,,
Gems on Oak,Restaurants,072 7234 907,,
Jovem Holdings PTY (Ltd) t/a Captain DoRegos Lydenburg,Restaurants,072 2249 840,,
Toeka Se Spens/ Crystal+ Gift shop,Food & Beverage,,,
Studio14 Bistro,Food & Beverage,084 254 3495,,
Cockpit Brewhouse,Tourism & Events,066 270 9153,,
The Village Wine Tasting Room,Liqour Distributors,071 742 1844,,
Big Mama Tavern,Catering,011 984 1592,,
Courtyard Hotel Arcadia,Hotels,012 342 4940,,
Morning Star Express Hotel,Functions & Events,012 442 0600,,"Welcome to&nbsp;Morning Star Express Hotel&nbsp;in Pretoria. We are extremely proud of our modern, convenient and affordable accommodation, which is ideal for business guests, stopovers, and short stay travellers.
Situated in the heart of the beautiful J..."
Palms Boutique Hotel,Hotels,083 794 6339,,
Misty Mountain,Hotels,083 794 6339,,
Amani Boutique Hotel and Conference centre,Hotels,013 235 1578,,
Ula Guesthouse,Guest Houses,012 991 8221,,
Noxolo Quest House,Guest Houses,078 183 0895,,
Tours 2 Moz (Member),Safaris,+27 71 462 4271,,We offer a unique experience to tourist and potential tourist by making Mozambique affordable and reachable. Tours2Moz tailor-makes a tour to your requirements and relaxation needs. We have a 4x4 VW 7 Seater bus to assist where required. Assisted Tours Se...
Orania Beweging (Member),Lodges,053 207 0062,,"Orania lewe! Dit lewe van entoesiasme en ondernemingsgees. Meer nog, dit lewe, want hier woon mense. Die dorp wat vroeër deur die Departement van Waterwese gebou is en jare leeg gestaan het, is vandag wêreldwyd bekend as tuiste van Afrikaners.
OMGEWING..."
Rosetoli Guest House,Accommodation,079 839 3479,,
Cullinan Diamond Lodge,Accommodation,(012)734 2255,,"About us
Cullinan Diamond Lodge still reflects the unique ambience of this little mining town, just east of Pretoria.
Apart from the 28 stylish twin rooms, it also hosts a restaurant.
Cullinan Diamond Lodge not only offers luxurious accommodation for o..."
Louvre Guesthouse,Accommodation,056 515 3549,,
Nutzen Networks,Network Set-up & Security,076 501 3126,,
Innovative People Zone,Communications (ICT),(012) 349-2462,,"About Us&nbsp;
The Innovative People was established 2006 by Winstone Jordaan (BScH) and Johan Viljoen (Hons. BCompt). Together Winstone and Johan, recognized the need for a company that would develop software and recoup revenues as annuity incomes or re..."
606 Truck,Manufacturing & Logistics,083 675 4178,,
Centurion Aerospace Village,Aerospace,012 662 5379,,
Artic Glas,Manufacturing & Logistics,012 533 7301,,
Roelf Kruger Auto Repairs,Manufacturing & Logistics,012 734 5002,,
Isazi Propshaft (Pty) Ltd,Cullinan,012 327 6007,,
FHAM Logistics,Cullinan,079-720-9884,,
S4 Integration,Engineering,081 483 1438,,
Orange Auto (PTY) LTD,Automotive,08 2452 8813,,"""You Drive We Sell ""concept was started by the van der Veen, father and son combination.&nbsp;Sharing motor industry experience in excess of 40 years, they are able to assist you with the best advice during the process of selling your car.&nbsp;Based in P..."
Shatterprufe,Automotive,012 309 0665,,
"University of the Witwatersrand, Johannesburg",Research & Knowledge,011 717 1000,,
Heideland,Research & Knowledge,012 660 0241,,
In Cloud Learning Solutions,Online Training,079 893 8036,,
ABBOTTS College,Research & Knowledge,012 809 1208,,
Brainwave Learning Academy,Research & Knowledge,012 320 8830,,
St Alban's College,Research & Knowledge,012 348 1221,,
Queenswood Christian College,Research & Knowledge,012 331 8274,,
Prudency College,Research & Knowledge,012 3286 174,,
Parklands College,Research & Knowledge,013 932 5497,,
Meridian College,Research & Knowledge,012 800 4070,,
Greenwood College,Research & Knowledge,012 326 1141,,
Florauna Akademie,Research & Knowledge,012 567 6793,,
Confidence College (Good Samaritan),Research & Knowledge,012 324 1212,,
Christian Brothers' College Mount Edmund,Research & Knowledge,012 804 1801,,
Charlton Vos College Of Education,Research & Knowledge,012 542 1246,,
Capital Tutorial College,Research & Knowledge,012 343 9797,,
Bastion College,Research & Knowledge,012 651 2251,,
Assumption Convent School,Research & Knowledge,012 565 5234,,
Al Ghazali College,Research & Knowledge,012 370 1049,,
National Auto Glass Mashishing,Automotive,013-235 4906,,
H2O Centurion,Retail,012 653 2335,,
Moto Shed Simple Tradesman,Wholesalers,,,
Toeka se Spens / Crystal & Gift Shop,Wholesalers,(076) 766 3550,,
Van Der Bank Jewellers,Retail,012 663 4304,,
SDTC (Pty) Ltd,Retail,011 594 1325,,
Cell C,Retail,084 694 0031,,
Wooden it be nice,Retail,084 618 0012,,
The Art of Silver,Retail,072 432 1894,,
Rust in White,Retail,012 734 1583,,
Sinoville Vleismark,Retail,012 566 3707,,
Subtropico,Retail,012 460 9910,,
Hirsch's Silverlakes,Retail,012 001 2640,,
House Of Superior Clothing,Wholesale & Retail,012 362 1968,,
The Sixth Goblet,Shopping Centre,079 9639 349,,
Cullinan Junction Shops,Retail,081 5843 843,,
BCE Batsumi CE (PTY) LTD,Retail,013 235 1177,,
Toptiles,Building Suppliers,074 114 4071,,
Oranje Toyota,Servicing,087 350 6420,,
Anglo American,Mining,012 683 7000,,
Minerals Council South Africa,Platinum,011 498 7100,,
"Hluma Minerals, Mining South Africa",Platinum,: 012 003 1560,,
The Drain Dr,Plumbing,086 175 8623,,
Moodie Loodgieters,Renovations & Maintenance,(012) 993-5776,,"Moodie Loodgieters&nbsp;is gebaseer in die oostelike voorstede van Pretoria en werk regoor Suid Afrika, veral in die Limpopo Provinsie, Mapumalanga en Gauteng. Ons spesialiseer in konstruksie loodgieterswerk, maar het ook 'n instandhoudingsbeen, sowel as..."
iPlumbing,Plumbing,012 330 2008,,
Florri Electrical Contractors,Electrical,011 953 1957,,
Keller Williams Realty,Building Automation,082 220 8915,,
Tombfu Tombstones,Building Automation,013 235 2230,,
Cranefield College,Colleges,012 807 3990,,
Upex Trading,Physiotherapist,060 348 4532,,
Inspiril Marketing Solutions,Market Research,012 881 1339,,
Signarama Gezina,Finance & Business Services,012 761 0100,,SIGNARAMA Gezina&nbsp;is your full service sign centre. We use the latest technology and highest quality products to produce custom signs for your business. SIGNARAMA Gezina has been servicing businesses in the Pretoria as well as all over Gauteng since 2...
LabourNet,Payroll,012 991 1445,,
Rensmed Healthcare,Health & Medical,071 681 3444,,
Antiques and Collectables,Health & Medical,(083) 458 2648,,
CJG Consulting (Pty) Ltd,Business Support,010 065 0788,,
KruKon CC,Consulting & Strategies,013 235 0011,,
ML Konsultante Pty (Ltd),Business Support,071 286 9442,,
Centurion Tax and Accounting,Accounting,087 234 8493,,
Hiepgro,Accounting,0861 443 7476,,
De Jager en Genote,Auditors,012 313 9423,,"We provide services within the Finance field as well as in Accounting. Key Services: Accounting, Tax, Auditing, Finances, Legal advice, Tshwane/Pretoria, Villieria."
Alpha Group,Financing,082 441 3368,,
Waterberg Sakekamer Business Chamber,Limpopo,014 007 0572,,"The Waterberg Afrikaans Chamber of Commerce is ‘n non-political business organisation which accommodates al ramifications of the corporate framework.
All members of the Chamber are treated equally.&nbsp; The size of the business or enterprise is not a..."
East Rand Chamber of Commerce & Industry,Gauteng,011 814 7111,,The East Rand Chamber of Commerce is a creative organisation specializing in tailored membership solutions for businesses who seek a long-term partner to improve their ROIOur success is rooted in our member relationships and our hands-on approach to custo...
Golden Triangle Chamber of Commerce,Gauteng,071 623 9608,,MORE ABOUT US / MEER OOR ONS The Golden Triangle Chamber of Commerce is a multi-sectorial business organization that has won several awards over the past 50 years. It has been awarded the Best Business Chamber in South Africa award for THREE consecutive y...
Tshwane Chamber of Commerce and Industry (TCCI),Gauteng,,,"A proud history of Commerce in Pretoria is in fact the history of Pretoria itself and to a large extent that of the Province and of South Africa.
On 24 August 1891 a number of businessmen of the Capital of the Transvaal Republic met and decided to form t..."
Rand Besigheidsforum,Gauteng,082  900 5350,,
NAFCOC,Gauteng,011 807 5063,,The National African Federated Chamber of Commerce and Industry (NAFCOC) is federated chamber .It is one of the largest business chambers in South Africa with representation in all 9 provinces of South Africa. It was established in 1964 by black traders i...
Midvaal Sakekamer,Gauteng,0833 057 570,,
Magaliesburg Business Chamber,Gauteng,0836 009 965,,
Centurion Business Forum,Gauteng,012 664 6559,,"About UsVisionTo create a warm, friendly networking platform and a dynamic presentation that transfers business knowledge, in order to support financial growth.
MissionTo care for our fellow-members &amp; facilitate competent business choices in order to..."
Diamond Chamber of Commerce,Gauteng,012 305 2501,,"We are a company which carries a task to help other companies grow, and further increase membership. We like to see DCC grow out of Dinokeng area. We help companies engage with each other."
RavCom Business Chamber,Associated Partnerships,'082 397 0652,,
Hoedspruit Chamber of Commerce,Associated Partnerships,0726 980 515,,"The Chamber was established at a community meeting in 2012 noting the need to have a membership based association&nbsp;representing the direct needs of the business and indirect impact on the broader community. With a diverse range of stakeholders, there..."
Soutpansberg Sakekamer,Limpopo,,,Ensuring a Future.The Chamber represents the business sector to ensure the creation of wealth in the community to ensure a future for all people of the local and surrounding economies. This is achieved through a-political efforts to promote good corpora...
South African Council For Business Women (SACBW),Associated Partnerships,0824582478,,
Olievenhoutbosch Business Forum,Gauteng,071 941 0545,,"What we offer
NetworkingAs an entrepreneur, networking is a key activity that is not only fun, but critical to your personal growth and business development. Small business is all about networking, building relationships and taking action.
It’s natural..."
Ndahekelekwa  (Pty)  Ltd,Manufacturing & Logistics,079 405 0957,,
Barney M,Manufacturing & Logistics,082 391 3921 /083 957 5952,,
Kego and Associates,Manufacturing & Logistics,,,
Fifi Construction & Project (PTY) LTD,Directory,071 279 0659,,
Mphene Construction & Cleaning Service,Construction,066 112 9165,,
Moloko Tabudi Civil  Construction and Projects,Infrastructure & Construction,079 329 9820,,
Stigga Construction& Projects,Infrastructure & Construction,076 285 0169,,
Ditaba  Mmago Community Engineering & Construction (PTY...,Infrastructure & Construction,060 865 3145,,
AM Kate Trading & Projects (PTY) Ltd,Directory,,,
Sihabo Trading Enterprise  (PTY) LTD,Infrastructure & Construction,082 587 5845,,
Tswelopele Business Development Forum,Gauteng,079 329 9820,,"Tswelopele Business Development Forum (TBDF), is a non-profit membership organisation and the driving force fuelling small business growth throughout the African continent. The real purpose behind the organisation is fostering the sustainability and growt..."
Style Africa Paving & Cladding,Infrastructure & Construction,076 688 6641/ 065 890 9771,,
BNP Projects,Infrastructure & Construction,082 267 9053/ 081 250 9945,,
Mmapatinyana AND Associates (PTY) LTD,Infrastructure & Construction,060 665 1770,,
Kufuma Ishungu Construction and Project (PTY) LTD,Infrastructure & Construction,079 030 4108,,
TNC Tswelopele Civil Company,Manufacturing & Logistics,064 667 2419,,
Roodepoort Chamber Of Commerce & Industry  (ROCCI),Gauteng,010 595 9644 /082 574 3505,,"The Roodepoort Chamber of Commerce and Industry (ROCCI)&nbsp;started in 1983, serving the business sector and community for over 4 decades. Situated in the community of Region C, of the Greater Johannesburg Metropolitan Area.&nbsp; ROCCI has established a..."
Randburg Chamber of Commerce and Industry,Gauteng,086 101 9218,,"Randburg Chamber of Commerce and Industry
- Protects the interests of business in the region, promote the private enterprise system and market-orientated approach with equal opportunities for all while assisting businesses to adapt to realities that cann..."
African Badge Manufacturing,Steel,072 484 9127,,
Tiendlen Multipurpose Co-oparative LTD,Manufacturing & Logistics,076 326 1201/  083 341 0836,,
That Thing Trading,Agriculture & Environment,066 112 9165,,
Ibhayi Small Business Chamber,Associated Partnerships,084 400 3890,,"If you own a business, manage a business or work for a business in Port Elizabeth, you need to join the iBhayi Small Business Chamber.
We will focus particularly on reducing red tape, the supply of financing, and opening up access to markets. Members can..."
George Business Chamber,Western Cape,044 8743349 / 083 303 7801,,"George Business Chamber was established in 2002 when the George Chamber of Commerce and Industry and the George Sakekamer amalgamated and became the George Business Chamber. In 2015, the George Business Chamber NPC Southern Cape was formally registered as..."
Mieliehoofstad Sakekamer,Free State,082 9581 897/056 515 1071,,
Fgf Chamber Of Business,Free State,051 943 0594 / 083 408 2320,,"To be a positive link between business and statutory organizations. To add value to our Business and our Town, To promote and protect business in the Goldfields. To promote and encourage positive publicity about the Goldfields. To promote and maintain hig..."
Albertinia Sakekamer,Western Cape,0836 042 108,,
Nocci Upington,Northern Cape,083 4579 542,,"The Upington Business Chamber&nbsp;is a local organisation of businesses and companies in Upington with the intention to develop and further the interests of local businesses.
Many businesses are international operating companies with offices in South Af..."
Klerksdorp Sakekamer,North West,082 780 3889,,
Greater Tzaneen Chamber of Commerce,Limpopo,073 308  6403,,
Mokopane Besigheidskamer,Limpopo,015 491 8458,,"The Mokopane Chamber of Business strives to be the representative voice of local business,to create a conducive business environment and to enhance member’s interests.
Create a suitable environment in Mokopane/ Mogalakwena, for the establishment of busin..."
Lephalale Sakekamer,Limpopo,0845 855 759,,
Magalies Business Forum,North West,0766 487 188,,The MBF aims to advance economic growth and productivity in Magaliesburg and surrounds.
Hannah's Prayer Learning Institute,Education,0000-00-00,,"About Hannah's Prayer Learning Institute
Let the children come to me. 
Hannah’s Prayer Day Care Centre is a multi-cultural pre-school founded on sound, Christian values."
Wheel & Castor (Pty) Ltd,RossKlerk Business Forum,012 541 3359,,
Bridetonia cc,Associated Partnerships,(081) 584 3843,,
Uitkykvleis- en supermark,Tourism & Events,(012) 804-3280,,Vleismark Bakkery Supermark Groente en Vrugte Biltong Kiosk Warm &amp; Koue Deli Spyseniersbedryf Wildsbewerking Spitbraai / Potjie Verhuring Groothandel sowel as kleinhandel(Aflwering vir groothandel klant)
Seidensticker,Tourism & Events,012 346 5871,,"Far more than merely sticking a logo on a shirt, Seidensticker delivers tailor-made solutions, customisable from design phase, to production, to that delicate nuance that makes you stand out from the crowd.
From&nbsp;caps, to&nbsp;belts, to&nbsp;golf-shi..."
SPECTRUM TECHNICAL,Engineering Services,035 789 6563,,"WHAT WE DOStrategically located in the coastal city of Richards Bay, one of the major aluminium and heavy minerals capitals of the world, SPECTRUM TECHNICAL has grown to become an important solution provider to the local metallurgical and mining industrie..."
Martin's Funerals Pretoria,Health & Medical,0860 911 777,,"Martin's Funerals is a well-known and trusted brand name in the funeral and insurance industry. We are full members of F.A.S.A (Franchise Association of Southern Africa) and fully comply with their rules, regulations and standards in regards to franchisin..."
"University of Limpopo, Turfloop",University,015 268 3332,,
Mangosuthu University of Technology,University,031 819 9280,,
Ulungeni Raadgewende Ing.,Zulu Land,082 449 3557   035 792 1026  035 792 2283,,
University of Pretoria,Research & Knowledge,012 420 3111,,"About the University of Pretoria
UP is a leading research university in South Africa and one of the largest in the country.
The University has seven campuses as well as a number of other sites of operation, such as the Pretoria Academic Hospital. Centra..."
UNIVERSITY OF LIMPOPO MEDUNSA,University,012 521 4961,,
Unisa (University of South Africa),University,012 441 5628,,
Tshwane University of Technology (Pretoria),Research & Knowledge,(012) 318-5911,,
Stellenbosch University,University,021 808 9111,,"Stellenbosch University&nbsp;(Afrikaans:&nbsp;Universiteit Stellenbosch) is a&nbsp;public&nbsp;research university&nbsp;situated in&nbsp;Stellenbosch, a town in the&nbsp;Western Cape&nbsp;province of South Africa. Stellenbosch is jointly the oldest univer..."
Ekurhuleni Tvet College,Colleges,011 730 6600,,"Ekurhuleni East TVET College (EEC) is located in five towns of Ekurhuleni Metropolitan Municipality (EMM). These are: Springs, Kwa-Thema, Daveyton, Benoni and Brakpan. There are however six college sites that are spreading across the five towns. These sit..."
Forever Living,Image Consulting,082 045 6524,,"Need a new lifestyle?&nbsp;
Like to be your own Boss?
Start part time or full time.....
If you are a hard worker with a great attitude, you could potentially earn anything between R3 000 and eventually build up to a way over R30 000+++ per month, plus..."
LTG Logistics Transport Globally (Pty) Ltd,Warehouses,087 236 8530,,"LTG Logistics Transport Globally (Pty)&nbsp;Ltd is a leading international freight management and supply chain company, offering its clients a personalised service with dedicated hubs for all their global logistics and freight requirements.
The compa..."
Ionic GPECS,Renovations & Maintenance,010 020 5377,,"IONIC Definition:
A strong bond formed by the electrostatic attraction of oppositely charged ions.
In our own words:
We are the positive force attracted by the negative (problem) which then forms a strong bond with the client when we’ve sorted out the..."
IABC Group,Accounting,011 023 5530 / 073 555 7775,,"What We Do
IntelliLogic Africa Business Consulting (“IABC”) group of consulting businesses offer a broad range of fully integrated services in areas of consulting and financial advisory. IABC’s integrated approach to offering powerful business solutions..."
Hervormde Kerk Lydenburg,Associated Partnerships,013 235 3554,,
Calabash Original Leather Goods,Leather Manufacturer,012 347 1207,,
Santie Korf Photography,Functions & Events,083 306 1654,,
Kia Ora Backpackers,Tourism & Events,012 322 4803,,
Kgwebong Consulting,Logistics,826 635 389,,
KFC Pretoria North,Restaurants,012 443 4053,,
Kayz Tours Chauffeur Services,Car Rental,(011) 075-2829,,
Kaya Consulting,Finance & Business Services,012 443 6468,,"Organisational Description:
The ability to transform organisational performance lies within your people. The knowledge. The collective wisdom. The potential. It’s all already there. At Kaya we draw on over 150 years of research into performance, behaviou..."
Kallie Khaki,Retail,,,
Juan Q Digital,Finance & Business Services,(072) 352-3598,,"Marketing is an age-old part of any business, but in today’s world, keeping up with new forms of marketing can be a challenge. There are so many platforms out there that attract a vast array of audiences – which one is right for your business?
We at JQ D..."
JTM Brokers,Finance & Business Services,(012) 347-9024,,"We offer a comprehensive range of Short Term solutions to our customers in South Africa. Our firm has been actively involved in the industry since 1991.
We will ensure that the wide variety of products and options available in the market are carefully co..."
Jaco Fourie Properties,Infrastructure & Construction,(073) 445-8477,,
Ivory Sun Trading 127 (Pty) Ltd,Finance & Business Services,087 150 4874,,
iThemba Training and Development,Training,012 998 0809,,"Themba established itself as a Training and Development Consultancy early in 1988. Its initial focus was on Recruitment, Selection and Secretarial training. Subsequently, the demands to address a broader spectrum in Human Resources&nbsp;development has sh..."
IT @ Large,Manufacturing & Logistics,071 268 9211,,
Isi-senge Lodge,Lodges,(012) 504-1014,,
Into SA Limited,Tax & Legal Consulting,012 941 1509,,"20 Years of Legal Advice in Sub-Saharan Africa
Established in 1995, INTO SA assists foreign companies venturing with their brands and products into Sub-Saharan Africa, by offering a safe and sound legal framework for doing business safe and successfu..."
Integrated Avionic Solutions,Energy Optimisation,012 567 7312/2,,
Insight Outdoor,Finance & Business Services,012 345 1716,,
In Cloud Learning Solutions,Colleges,798 938 036,,
Impact Power Innovation,Engineering Services,861 357 732,,
Ile de chocolat	kirsten@iledechocolat.com,Technical Support,1059,,
IED Skills with results,Finance & Business Services,012-807 3322,,
Ice Cool Digital Productions,Productions,082- 449 -1865,,"At Ice Cool Digital we pride ourselves on the quality of our work. Established in 2002, we have grown as a company in leaps and bounds, producing work for many of Pretoria’s educational institutions and countless Wedding and Corporate Video Productions...."
Huntsman Media,Online Marketing,012 567 7420,,"Huntsman Media is a new business, established in January 2018, with a lot of miles on the road of social media. At HM we believe that social media is the most effective and cost efficient way of marketing your brand, but sadly also the most underutili..."
Hulda's Haus Self Catering Accommodation,Accommodation,083 449 4224,,
HRG Rennies Travel,Car Rental,010 219 6620,,
HR Solutions for Tomorrow (Pty) Ltd,Finance & Business Services,011 024 4346,,
Hotbox Vapoury,Wholesale & Retail,,,
HOMELIX GROUP,Wholesalers,791 268 197,,
Hoerskool Lydenburg,Colleges,(013) 235-2111,,
Hlakano Systems,Communications (ICT),082 633 0114,,
Hlakano Coal Trans,Manufacturing & Logistics,082 633 0114,,
Hills Incorporated,Legal Compliance,(012) 342-1987,,"The firm strives to render excellent service at an affordable and negotiated fee, as well as placing our clients at an advantage, so to ensure successful representation. The firm is administrated under the leadership and guidance of Mr. P.J Hills and Mr...."
Highlands Panorama,Restaurants,(013) 235-2287,,"&nbsp;

Die eienaars en redaksie van die Highlands Panorama News gemeenskapskoerant vir die Mpumalanga Platorand, wil graag volgens die volgende standaarde die koerant&nbsp;bedryf:Eerbaarheid: deur in eerlike handelspraktyke te volhard;
&nbsp;
Regverd..."
Highland Run Estate,Energy,,,
HGL Engineering CC,Professional Services,012 541 0416,,
Helderberg Afrikaanse Sakekamer,Colleges,0818 531 535,,
Harris Arc Weld,Mining,013 2353082,,
Hardware direct (PTY) ltd,Professional Services,012 541 3336,,
Hanas Hardware Mica,Manufacturing & Logistics,(013) 235-2674,,
Hambisana Consulting (Pty) Ltd,Communications (ICT),012 653 5098,,
Hakuna Matata Gifts,Finance & Business Services,(012) 546-9999,,"We operate mainly in Gauteng but also supply goods to all the areas in South Africa; We make use of the following branding methods: - Embroidery, - Printing - Pad Printing, Silk screening, - Embossing, Blind, Foiling, - Engraving - Laser, Scratch, - Heat..."
Guest Resource Services,Finance & Business Services,012 542 1358 / 074 112 2727,,"Guest Resources Services welcomes you
Employers all envisage an environment in which passionate and knowledgeable staff work together to drive the core values of their organizations to greater heights. Through our very long experience in human resources..."
Grofin,Investment,012 998 8280,,GroFin&nbsp;is a pioneering development financier specialising in financing and supporting small and growing businesses (SGBs) across Africa and the Middle East. We combine patient capital and specialized business support to grow emerging market enterpris...
Grobbelaars Church and Funeral Services,Therapy,(012) 329-3682,,Both companies boast with histories dating back to late 1800 and early 1900. The Grobbelaars name is well known in the funeral industry. WH Rogers was the first funeral home in Pretoria and opened its doors in 1898. As funeral directors we are deeply cons...
Grippon cc,Professional Services,0147121180,,
Greenpak,Food & Beverage,0565152712,,
Greater Tshwane Business Forum,Gauteng,,,Greater Tshwane Business Forum (GTBF) strives for the creation of an economically vibrant community where its residents live decently. The GTBF provides a platform to built partnership amongst all sectors of the community thereby creating an efficient and...
Glencore Lydenburg Works,Coal,(013) 230-6000,,
GHH Mining,Platinum,013 235 1238,,
Fuchs Roux Inc,Legal Compliance,012 342 7911 / 0860 123 153,,"Our values in everything we do are: excellence, respect of each other and people’s individuality, collegiality, and sharing of knowledge and innovation.
We work together to create a working environment that is both challenging and enjoyable – one in whic..."
Alert Plumbing,Plumbing,,,
50HZ Electrical (Pty) Ltd,Infrastructure & Construction,079 241 3297,,
Fokus Coaching,Energy,123 470 562,,
Traffic Fine Manager,Automotive,083 442 4663,,"Traffic Fine Manager will manage all traffic infringement notices and enforcement orders&nbsp;
on your behalf, whether personal, commercial or corporate.&nbsp;
Traffic Fine Manager collaborates with entities who proved that they get results, and get thi..."
Jurgens Ci,Manufacturing,011 797 7300 / 012 797 7300,,
.,Attorneys,012 663 6227,,
FEBA Radio SA,Finance & Business Services,(012) 335 5764,,"ABOUT US
FEBA RADIO (FEBA) and our partner FEBC (Far East Broadcasting Company) is an international Christian missions organisation which broadcasts the Gospel of Jesus Christ to the least-reached nations on earth.
Our mission is to broadcast the Gospel..."
Execuspecs Kolonnade,Optometrists,(012) 548-7206,,An eye examination is a series of tests performed by an optometrist to assess one’s vision and ability to focus and discern objects. Other tests and examinations pertaining to the eyes and vision are also performed during an eye test to determine if there...
Ergospace Africa (PTY) LTD,Finance & Business Services,083 264 3236,,"The office environment’s impact on productivity is no myth. Many international studies have conclusively proved that productivity improvements of up to 40% can be achieved by changing the work environment.
The office environment have outgrown the idea of..."
5 Star Tool & Gauge,Manufacturing & Logistics,012 541 6084,,
Eendag Meule (Pty) Ltd,Manufacturing & Logistics,0565151309,,
ABS Hyper Army Stores,Retail,,,
Eagle Fluea Injection,Retail,834 076 791,,
Driehoek Kunsmis Bk,Associated Partnerships,0565154100,,
JDM Collective Media,Media,(012) 548-2370,,
Janine Smit Editorial Services,Finance & Business Services,(012) 349-2029,,"Your publication is our masterpiece
Successful corporate communication requires innovative and creative communication products that can reach the precise audience for which it is intended with a custom-made message. To do this for your company, you need..."
Jana's Gift Box,Wholesale & Retail,(076) 457-9866,,
Jan Harmsgat  Agterplaas SE (Member),Functions & Events,012 734 1583,,
Jalia Technologies (Pty) Ltd,Communications (ICT),012 683 8893,,
Tiggsfurno,Associated Partnerships,795 411 195,,
Steelburger/Lowvelder,Agriculture & Environment,,,
La Coco C Food Purveyors,Tourism & Events,012 809 1603,,
Kwapele Learning and Consulting (PTY) Ltd,Finance & Business Services,(082) 897-2766,,
Konsortium Solutions,Marketing,072 328 1996 / 012 567 0769,,"Our Story
Shelley Kotze, owner of Konsortium Solutions, has been working in the digital marketing space since 2011. A highly-competent and focused professional, she has an in-depth understanding of the digital landscape with a passion for communication a..."
Klofiesig Backpackers,Accommodation,083 625 4234,,
Kruger Lowveld Chamber of Business and Tourism,Associated Partnerships,(013) 755-1988,,
Klitzgras Chalets,Self  Catering,(013) 235-2758,,
Koi Restaurant & Sushi Bar - Lynnwood Bridge,Food & Beverage,012 348 5722,,
Klinkenberg Attorneys,Legal,012 653 2048,,
Kifaru Travel,Travel,(083) 345-0340,,
Green House Media,Finance & Business Services,073 174 6284,,"Green House Media is a registered CC, reg. no. 2010/118933/23 and B-BBEE 4 contributor. This thriving business is owned by Multimedia Artist, Nicole Weatherby, who has her MA Media Art from Manchester Metropolitan University, UK, who specialises in creati..."
Forever Hotel @ Centurion,Hotels,(012) 644-6013/21,,
Garden Court Hatfield,Accommodation,012 432 9600,,
Foundry Guest Lodge,Game Lodge,083 333 9579,,
Gautrain,Logistics,0800 428 87246,,
Glotram International,Manufacturing,012 991 2583,,
Future Planning,Finance,012 346 3409,,
Customer Service Excellence,Business Support,(0)83 255 2729,,ARMS (Audio Recording Monitoring System) is primarily an uplifting skills development and managing tool to help staff get better at their jobs and improve customer service.This system empowers staff to adapt their approach and techniques according to the...
Fireplan,Finance & Business Services,010 010 7154 / 012 663 1362,,We have a reputation for introducing performance based design approaches in locations where such designs have not been applied before. Our Fire Engineering experience can deliver state of the art design advice. Fire safety engineering is a rapidly develop...
Feature Doors,Office Furniture,013 235 4521,,
Full Range Employers Organisation,Legal,012 660 0414,,
Financial Solutions,Finance & Business Services,(012) 365-3146,,"Signum is an exciting financial services company, which offers professional, independent financial advice to our clients. Our qualified, registered financial advisors offer a unique one-stop integrated service, providing a diverse range of solutions and o..."
Fine Art Printers cc,Corporate Gifts & Branding,(012) 666-7093,,"A company's image is it's finest selling point. We at Fine Art Printers, are committed to service, technology and providing each client with individual solutions to their specific needs. We believe in keeping pace with the exciting technological advances..."
Extra Engineering,Manufacturing & Logistics,012 541 0453,,
Expasa Business Consulting,Finance & Business Services,(086) 554-1275,,"Welcome to Expasa Business Consulting
EBC was founded in 2003 and is a business consulting agency that focuses on business optimization and human resource enhancement.
We believe that every human being, irrespective of their social standing or educa..."
Global Kingdom Communications,Technology,,,"In 2019, the freedom to connect is a fundamental human right.
Kingdom Global Communications seeks to advocate for that right
by expanding data access to users globally.
Using satellite reach, internet connectivity, and mobile platforms,
Kingdom Global..."
Excel Recovery Services,Risk Management,(086) 111-3826,,"About Us
Our Secret to Success
Our success rate reflects, amongst other things, our specialised knowledge of dilectual liability in Motor Law.
We are also fully aware of the vital importance of a well managed recovery system to control any department o..."
Energy Cybernetics,Engineering,012 369 9880,,
Enomis Solutions,Hardware & Software,082 387 1106,,"With over 25 years experience in the field, we pride ourselves on professional service and long standing business relationships with our clients."
Fastrak Trading,Manufacturing,012 803 0333,,"Fastrak is a retailer focusing on providing quality audio and electronics equipment to aspiring DJ’s and musicians as well as establishments such as places of worship,educational institutions and taverns. We also cater for car audio enthusiasts and th..."
Citadel Philanthropy Foundation,Funding Support,021 670 9100,,"MORE THAN JUST WEALTH MANAGEMENTTransformation and giving back are strategic focus areas for Citadel. This encompasses large initiatives that include driving transformational change within the financial services industry, to the smaller things that touch..."
Loving Thy Neighbour,Funding Support,012 665 5743,,"Loving Thy Neighbour was started by Inequity Holdings as an attempt to address their social responsibility. The Non-Profit Company was registered during 2016 and we started assisting our Partners during the early part of 2017.
The focus of Loving Thy Nei..."
MTE,Sector Support,0115794940,,"Mining and Technical Exhibitions (MTE), a division within IMD, celebrated its 25th birthday in 2018 and has made a name for itself since 1993 through countless shows at mines across South Africa and the African continent.
Since the dawn of the new South..."
Institute for Rural and Community Development,Sector Support,082 651 3456,,"Our country is facing challenges that will determine the future of its success. Strikes, poverty and hunger on a large scale, the continued threat of HIV/AIDS and an emerging youth growing up without a clear direction of the future. We are reminded of the..."
E-Commerce,Technology,(012) 665 5749,,"Inequity Holdings is the GrowSA partner for E-commerce. As a result of this partnership, business chambers can receive online payments for:1. Membership fee’s2. Event registrations, and3. Project funding"
EMS Industries Pty LTD,Engineering,012 348 7464 / 083 698 1154,,"Our mission as EMS Industries is to provide professional competitive solutions with excellence to meet the needs of our clients in the realms of technology, product development and system design. - Telemetry Systems - Measuring and Monitoring Systems - Em..."
EMD Professional Consulting Services,Communications (ICT),012 331 3563,,"PRODUCTIVITY IS THE KEY TO BUSINESS SUCCESS.
USE AFFORDABLE CUSTOMISED COMPUTER PROGRAMMES
We develop all types of customised computer programmes at extremely affordable prices to enable your business to become more productive.&nbsp;
Do not underestima..."
ESKOM,Electrical,012 421 3225 / 012 421 3225,,
Electroweb,Manufacturing & Logistics,(012) 403-8300,,"Established in 1990, Electroweb from humble beginnings on a 60 square meters premises with a staff of four members grew to the current approximate 6,000 square meters factory with a staff count of more than 65 people and a turnover of R43 million (US$6 mi..."
Electrosec,Manufacturing & Logistics,0861557755,,
EDU Advertiser,Marketing,076 152 7320,,
Easy Health Wellness,Slimming / Weight loss,082 852 3202,,Weight loss authority Ajita Ratanjee is a registered dietitian in Pretoria. She completed her BDietetics degree and graduated from the University of Pretoria. Her professional career started at the state hospital Steve Biko where she consulted a variety o...
E & S Engineering,Manufacturing,012 541 5006,,
Duvenhage Prokureurs,Legal,072 012 2596,,
Driving school and transport,Manufacturing & Logistics,0760881057,,"Guest Resources Services welcomes you
Employers all envisage an environment in which passionate and knowledgeable staff work together to drive the core values of their organizations to greater heights. Through our very long experience in human resour..."
Dr. Tooth Little Express “Dentist on the Move”,Health & Medical,012 548 3381,,"Dr Surine Barnes, the brainchild behind Dr Tooth Little, has over 13 years of dental experience,
including surgery. Surine has children of her own, so she has just the right touch to make your little one feel comfortable.
Dr Tooth Little not only works..."
Philton Leather,Manufacturing,012 803 8815,,
Hirsch's Silverlakes,Wholesalers,012 817 4900,,"An appliance repairman who unwittingly became an entrepreneur, Allan Hirsch and his wife Margaret started their family-run appliance business in a tiny showroom on Umhlanga Rocks Drive, Durban, in 1979 with just R900 that they had saved.Today, Hirsch’s ha..."
Professionality Institute (SA),Business Support,082 774 2413,,"VISION:&nbsp;
Help grow the next generation of visionary and capable business leaders,
making Africa more competitive.
COMMERCIAL MISSION:&nbsp;
Make strategy easy; Coaching business success.
&nbsp;SOCIAL MISSION:&nbsp;
Get people workplace ready; M..."
Multi Waste,Waste Removal,012 808 0011,,
Le Sentier,Associated Partnerships,,,
Lybasol,Agriculture & Environment,(013) 235-2115,,
Lydenburg Dental Centre,Health & Medical,(013) 235-1983,,
LM in the East,Tourism & Events,012 348 3359,,
Longtom Superspar,Shopping Centre,(013) 235-2764,,
LINK Business Brokers,Insurance,082 600 3848,,
Linda Jacobs,Retail,,,
Liezel Korf Associates,Finance & Business Services,084 606 2666,,
Life Med,Health & Medical,(012) 330-9412,,
Leriba Hotel and Spa (Member),Lodges,012 660 2433,,
Le Gae African Cuisine,Tourism & Events,(074) 040-3681,,
LED consult,Finance & Business Services,(082) 452-9306,,
Laske Nakke,Tourism & Events,(013) 235-2886,,
Langsipad Vetkoek Deu & Take-Away,Food & Beverage,,,
Langs Die Spaar Succulents,Associated Partnerships,,,
LAB.FAM.TRUST,Associated Partnerships,832 301 096,,
Mobile Crane Hire / Truck Hire,Road Transport,082 457 4663,,
Mercfire Amalgamated (Pty) Ltd,Finance & Business Services,012 549 0396 / 082 892 2170,,"&nbsp;Welcome To Mercfire Extinguisher Services
Breaking out of the habit is the number one priority in your fire safety strategy. Good housekeeping, including some simple steps such as banning smoking, testing ele..."
Mentor Associates (Management & Business Consultants),Coaching & Mentoring,082 755 4100,,"Management &amp; Business Consulting, Coaching, Mentorship. Let us help you to take your business to the next level. Develop a competitive advantage by identifying and launching that next big breakthrough or advance in your industry. Somebody is going to..."
Melissa Burger Kinesiology,Health & Medical,076 410 9006,,"The pressures of modern-day life are numerous and those pressures affect us all. The bad news is that left unattended, these pressures will influence your health negatively and can even do permanent damage to your health and overall well-being. Kinesiolog..."
Maureen Kritzinger Tandarts,Associated Partnerships,(013) 235-1035,,
Mashilo and Nell (Pty) Ltd,Finance,828554433,,
Martins Funerals Lydenburg,Insurance,(084) 587-5666,,
Mapogo Shield,Safety & Security,012 679 5011,,
Malakoot Asset Risk Protection,Safety & Security,012 663 1362 / 010 010 7154,,"MALAKOOT ASSET RISK PROTECTION was founded in 2013. The company’s value- added services are marked by professionalism and quality – with a client base consisting of Embassies, Residential Estates, Warehouses, Factories and Business Parks.
We are a proudl..."
Machics Restaurant & Alehouse,Restaurants,012 807-2783,,
Mabule International,International Trade,071 875 0854,,
M & M Caterers,Catering,,,
Lydenburg Toyota,Wholesale & Retail,(013) 235-1780,,
Lydenburg Eiendomme,Associated Partnerships,(013) 235-1986,,
Netshield (PTY) LTD,Manufacturing,861 114 428,,
Nedbank Business Banking,Banking,(013) 283-1700,,
Namaskar Restaurant,Restaurants,012 342 9081,,
MV Glas + Aluminium,Building Services,(082) 499-5432,,
MSSA,Finance & Business Services,(012) 346 0718 / 083 252 9176,,Marketing Surveys &amp; Statistical Analysis (MSSA) is a leading market research company in South Africa. Market research is an organised effort to gather information about markets or customers. It is used as an important component of a business strategy....
Moyahabo Projects,Infrastructure & Construction,(082) 452-9306,,
Move,Health & Medical,(082) 572 3971,,
Motherson,Engineering,012-541-1575,,
Montigroei Distributors,Manufacturing & Logistics,012 804 1280 / 082 469 6723,,"We currently have two members in the corporation. Izak du Plessis, who has matriculated in 1980, studied B Comm (Accountancy). He has worked as a financial manager at Sanachem until he started his own business with Johan in 1999. He is currently the Manag..."
Montes Advisors (Pty) Ltd,Finance & Business Services,(083) 227-4625,,
Monarch Transnational Trading,Import & Export,,,
Monarch Transnational Marketing,Marketing,012 734 2112,,
Mokheseng Commodities,Associated Partnerships,815 777 012,,
Rooidraai Konstruksie,Construction,(013) 235-1488,,
Retief en Muller,Associated Partnerships,0565152125,,
Platform 9,Furniture,,,
Plam Island In,Hotels,828 149 079,,
Pieter Pieterse,Associated Partnerships,,,
Piet van der Merwe & Ass Inc t/a vdma,Legal,011 063 2560,,
Phoenix Flying Squad,Associated Partnerships,,,
Petit Cadeau,Retail,,,
Omni Delta (Pty) Ltd,Engineering,012 541 1995,,
Obaro,Preventative Care,(012) 381-2935,,"Die Obaro Storie Obaro se kliëntebasis sluit die hele spektrum van boerdery-aktiwiteite in, sowel as die algemene publiek. Die Obaro winkels bied ?n wye reeks landboubenodigdhede soos saad, kunsmis, chemikalieë, besproeiingstoerusting, veevoere en medisyn..."
NPA Accountants,Accountants,823110993,,
NOMCEBO PRINTER,Copying & Printing,132354542,,
Nicci Angelo,Associated Partnerships,,,
NG Kerk Lyd Suid,Associated Partnerships,(087) 808-6384,,
New Season Jewellery,Wholesale & Retail,,,
DIY Depot,Associated Partnerships,0565154000,,
Divine Touch Piano,Exhibitions & Shows,078 107 0141,,"WELCOME...&nbsp; &nbsp; &nbsp;
Welcome to a few minutes of quiet time with me…
To share my Passion… My dream!
The biggest blessing on earth is certainly to be a ‘Servant of Music’ to..
Corporate Breakfasts, Lunches or Gala Dinners..
Hotel Lounges and..."
Ditasa,Training,012 682 9580,,
Discovery Specialist,Health & Medical,(083) 604-4647,,
Dinonyane Bush Lodge,Lodges,082 710 8440,,
Destinata Capital,Financing,012 991 3558,,"Destinata Capital is a registered Venture Capital Company in terms of Section 12J of the Income Tax Act 58 of 1962, and licensed in terms of Section 7 of the Financial Advisory and Intermediary Services Act.
Our goals are to offer investors a tax efficie..."
Baptiste Kerk,Associated Partnerships,(013) 235-3051,,
Anglican Church,Associated Partnerships,,,Anglican Church in Lydenburg and Mashishing
Cavalier Group,Associated Partnerships,1059,,
Denise James(Sr),Associated Partnerships,(083) 632-2901,,
De Ark Guest House,Guest Houses,(013) 235-1125,,
Data and Decision Pty (Ltd),Communications (ICT),079 113 8626,,
Dankhof Guest House,Accommodation,079  971 3713,,
D-FORCE Security,Safety & Security,,,
Curro Thatchfield priv School,Training & Development,082 567 7373,,
CSI Africa,Finance & Business Services,(086) 127-4911,,"Private Forensic Investigation - Pretoria, Gauteng
Pretoria-based CSI Africa was established in 2002. We are driven to promote honesty and increased efficiency in the workplace by assisting companies and individuals with our in-house expertise and access..."
Croatia High Precision Engineering,Engineering,012 541 5052/53,,
SA AIRLINK (PTY) LTD (Member),Easy Travel,(011) 451-7300,,"Airlink's new direct 'City to City' flight, in partnership with South African Airways, will provide Tshwane's business and leisure travellers with a convenient choice of flights between Pretoria, (Wonderboom Airport) and Cape Town. Airlink offers up to 3..."
DailySun,Media,012 485 9048,,
Crown World Wide,Manufacturing & Logistics,076 763 7181,,
Crydel Technologies,Communications (ICT),087 997 0929,,
Creative ME,Websites,0815843843,,
Crawdaddy's Good Food - Menlyn,Food & Beverage,012 460 0889,,
Cornerstone Guest Lodge,Functions & Events,012 361 8100,,"The Cornerstone Lodge is not just another guesthouse but indeed a home that offers you a truly tranquil and private stay. Our home is dedicated to my husband Fritz, who was a cornerstone in so many lives and in particular, mine. He was my mentor and..."
Constantia Guest Lodge,Tourism & Events,012 803 5525,,
Col'Cacchio Pizzeria - Lynnwood Bridge,Restaurants,012 348 3025,,
Consult 10,Hardware & Software,(072) 651-2377,,Provider of business management software to small and medium sized companies Support / Training We offer training and support solutions for all Sage Pastel products. It is essential in the modern workplace for staff to be trained sufficiently in the use t...
Citadel INVESTMENT Investment Management,Financing,012 470 2500,,Citadel is a specialist wealth manager who helps clients explore the true potential of their hard-earned money. We achieve this through character-rich engagement and strong relationships based on mutual respect and trust. For us it’s not just about the nu...
CGS Corporate Security Services,Finance & Business Services,012 546 9483,,"With over 25 years of operation experience, CGS Corporate Security Services has extensive experience in all segments of the market and is among the most preeminent security companies in South Africa.
Our team of exceptional professional work in close par..."
CFO ON CALL,Accountants,012 997 5039,,
Collectables at Café Bree,Food & Beverage,012 346 1904,,
Case V,Attorneys,76821713,,
Business Partners,Finance & Business Services,(012) 347-3208,,"Our mission is to invest capital, skill and knowledge into viable entrepreneurial enterprises in South Africa, Africa and all markets where we have a presence. Our vision is to live our name, being the premier business partner for small and medium enterpr..."
Blue Pointer Steel Office Furniture Manufacturer,Steel,012 541 2472,,"Welcome
BLUE POINTER STEEL OFFICE FURNITURE MANUFACTURER (Pty) Ltd was established in 2003 with the main aim being the manufacturing of steel case goods. Initial products manufactured included items such as Stationery cupboards, Filing cabinets, Lockers,..."
Black Plumb Corporate Enterprises t/a Plumb Creative (P...,Building Services,073 913 3579,,
Bhekani Phezulu,Finance & Business Services,(071) 688-5096,,Bhekani Phezulu&nbsp;is a Pretoria based business which offers training solutions to businesses and educational institutions that have a need to improve skills and knowledge of their employees. The training solution is in the form of e-learning and mobile...
Bestmed Medical Scheme,Life & Disability,(012) 472 6000,,"About Us
Much has changed during the 52 years Bestmed has been in operation. But we’re proud to say that one thing has remained constant:
Our values:&nbsp;Four of which we live, eat and breathe.
Mutual:&nbsp;We believe in a shared experience that i..."
Beeld,Finance & Business Services,012-485-9048,,"Beeld&nbsp;(English: Picture) is an Afrikaans-language daily newspaper that was launched on 16 September 1974. Beeld is distributed in four provinces of South Africa: Gauteng, Mpumalanga, Limpopo, North West. Beeld (English: The Image) was an Afrikaans-la..."
BCE Consulting,Logistics,012 361 1485,,"Welcome to BCE
Welcome to BCE Consulting. We are a customs and incentive service provider, assisting companies in obtaining the maximum benefit from current South African Government incentive programmes. We empower our customers with business tools and s..."
Bachelor Party Venue,Venue Hire,076 661 0116,,
Atrium Architects,Engineering Services,(012) 460-1776,,"Atrium Architects is an architectural business with a distinctive multidisciplinary approach. A spectrum of architectural services is rendered to developers, landlords &amp; other property professional &amp; consultants. Atrium is a design company maintai..."
Arifullah International T/A Super Chicken Centre,Food & Beverage,(012)325-7940,,
Alpha Group,Accounting,082 441 3368,,"We (Alpha Group) are a team of dedicated professionals assisting businesses with our knowledge of finance by creating financial and&nbsp;management statements that provide the necessary information required to drive businesses forward.
We have recently i..."
Alenti 126 Pty Ltd,Agri Processing,087 943 2297,,"Cornerstones
Our Company takes pride in its basic cornerstones, which are independent, teamwork and quality service. Being an independent company, enables us to make prompt decision that are customer suiting. Working in teams, in which we encourage, moti..."
Alan Kissoon Attorneys,Legal Compliance,012 342 7383,,"The firm's areas of specialization includes:

Corporate and Commercial law
International Law
Exchange control advice
Cost Consulting
Forensic Investigations
Labour Law
drafting of contracts and commercial agree-ments
Magistrates and High Court li..."
A La Doodle,Agriculture & Environment,(082) 715 2226,,
Omega Risk Solutions,Safety & Security,012 361 0620,,"Omega Risk Solutions&nbsp;was established by a consortium of risk management experts who are passionate about providing advanced, integrated security solutions to their clients. The management team offers international security management experience gaine..."
Nooitgedacht Trout Lodge,Lodges,(013) 235-3185,,
Plus Plan Short Term Insurance Adm,Finance & Business Services,083 308 6065,,
Office Objects,Furniture,012-342 2501,,"As TURN-KEY SPECIALISTS and Project Managers in the Corporate Office Environment, our comprehensive list of services we render to our clients, include: 


Space planning to optimise your work space; 
Office moves and changes to accommodate your growin..."
Oak Avenue Hair and Beauty (Member),Beauty Services,127 340 527,,
NJW Engineering,Engineering,012 541 3933,,
Nima Marketing Solutions,Marketing,073 702 3177,,
New Africa Developments (Pty) Ltd,Property Developers,012 662 3411,,"Here at NAD, a holistic approach is followed to property development.&nbsp;The focus is not only on creating cost-effective developments that are aesthetically pleasing, but also catering specifically for the needs of the local communities. We want to thi..."
Networds,Finance & Business Services,(+27) 87 470 0498,,"NETWORDS Technology gives you the edge
Competitor Analysis Software
Which keywords are your opposition buying or performing well on?
Keywords and Phrase generation Software
Our software helps us market in “The Long Tail”.
The Long Tail Explained
Fro..."
Oxnead Guesthouse,Guest Houses,012 993 4515,,
Other Lake Restaurant,Tourism & Events,012 808 5250,,
OUTsurance,Finance & Business Services,08 600 60 000,,
Pinnacle Occupational Safety And Health Services,Finance & Business Services,(083) 581-7354,,"Pinnacle - Occupational Safety &amp; Health Services
Pinnacle Occupational Safety and Health Services was established in May 2009 by a group of dedicated Occupational Health and Safety practitioners to establish an organisation that is able to deliver qu..."
Phenyo Global Logistics,Warehouses,072 154 6845,,"Phenyo Global Logistics (PGL)&nbsp;is a&nbsp; South African-based Distribution and Logistics company. PGL is a 100% Black owned, B-BBEE Level 1 contributor committed to maintain B-BBEE status and contribute towards B-BBEE.
We are a fast growing supply ch..."
PB Waardeerder,Associated Partnerships,,,
Pillay Thesigan Inc,Finance & Business Services,012 751 6120,,"Drawing from our strengths and expertise, we have the ability and capacity to offer the following services: Court cases;Divorces;Accident Claims;Deceased Estates;Conveyance;Contracts Labour Matters;Disciplinary Hearings;Business Plans;Business Registratio..."
Pamphlet Experts,Finance & Business Services,012 547 1732,,
Padlangs,Tourism & Events,042 283 0798,,
PwC,Tax & Legal Consulting,(012) 429-0600,,"Other services include accounting and regulatory advice, and attest and attest-related services. Tax assists clients in complying with tax-related legislation and regulations. Our advice covers all aspects of Southern African tax and incorporates human re..."
Producut Pty (Ltd),Steel,(012) 804-0844 / (083) 443-5924,,"Producut offers a more effective&nbsp;alternative&nbsp;lubrication technique in Metal Working Processes compared to the use of Flood Coolant/Water, Soluble Oil and other traditional methods. Our Minimal Quantity Lubrication systems are able to reduce oper..."
Protea Hotel Capital,Tourism & Events,012 322 7795,,
Process Design and Automation,Manufacturing & Logistics,012 547 6524,,PDA enables business systems to become real time and integrated with their value adding processes. We are a single source solution company that provides tools to support the application of world class strategies and constraints-based management principles...
Probity Advisory,Consulting & Strategies,087 822 1095,,"A culmination of long-standing friendships and professional relationships has resulted in the formation of Probity Advisory where skilled professionals have combined in a unique consulting environment, providing an unparalleled service offering to the mar..."
RBI Technical Solutions International (Pty)Ltd,Electrical,(012) 566 3653,,
Private Wealth Management,Finance & Business Services,012 366 1100,,
Quantum Scio / Indigo,Health & Medical,(012) 654-0863,,"Indigo Electro-Physiological Biofeedback system:
The Indigo Biofeedback system is used as a Biofeedback multimedia system. It is designed for stress detection and stress reduction. The system doen not diagnose or treat any disease. It works on stress. St..."
Rascal Frames,Manufacturing,012 335 6012 / 082 901 1339,,
Prima Cut,Manufacturing & Logistics,,,
Potato Seed Production,Agri Processing,(013) 235-3891,,
Pretoria Executive Cottages & Conference Venue,Tourism & Events,(012) 997-2192,,
Pleroma Makelaars,Insurance,082 552 7880,,
WTS SA,Accountants,083 701 8898,,"WTS Global is a leading international tax network. We have a clear tax focus and offer a full-fledged tax service portfolio in all countries. To supplement our offering, we provide adjoining legal and financial advisory services.
Since our foundation in..."
RMS Chartered Accountants,Accountants,(012) 361-7125,,"The business was founded in 2000. &nbsp;In 2004 the practise changed its name to RMS Chartered Accountants.&nbsp;
The managing director Rozel Scheepers has been practising since 2000 and have been joined by Karien de Villiers in May 2012.
Our offices ar..."
Ratio Accounting,Accounting,012 689 2141,,
Probity Advisory,Accountants,087 822 1095,,"A culmination of long-standing friendships and professional relationships has resulted in the formation of Probity Advisory where skilled professionals have combined in a unique consulting environment, providing an unparalleled service offering to the mar..."
Jaylee Financial and Advisory Services,Vat Recovery,012 751 8365,,"Jaylee Group is a broad based business consultancy firm that has three main divisions focused on: Training &amp; Development, Financial Services Consultancy and Project Management Services.&nbsp;The organisation has more than 20 years projects experience..."
IABC Group,Finance & Business Services,011 023 5530 / 073 555 7775,,"What We Do
IntelliLogic Africa Business Consulting (“IABC”) group of consulting businesses offer a broad range of fully integrated services in areas of consulting and financial advisory. IABC’s integrated approach to offering powerful business solutions..."
I-Value,Consulting & Strategies,012 345 2502,,"i-Value are a specialist in Corporate Government Services including:
The retirement fund industry&nbsp;relevant to:

Risk Management
Internal Audit
Forensic investigations
King IV Compliance Reviews
Ad-hoc reviews

The current statistics relevant..."
ESP Bookkeeping Solutions,Finance,(082) 730-1762,,"We use Pastel Business on-line which offers reports on Accounts Receivable, Accounts Payable, Income Statement, Balance Sheet and Trial Balance. As the business owner you can also access your own account on-line, giving you up to date information regardin..."
Bizz acc Accountants,Accountants,(012) 993-0786,,"We are a young accounting firm, with a passion for entrepreneurs &amp; what they do. We pride ourselves in giving them the best service &amp; advice at an affordable price. We service both small to medium sized entities &amp; offer a full accounting packa..."
AMAX SA,Vat Recovery,(086) 111-1964,,
Quick Sell Realty Property Management,Infrastructure & Construction,132354575,,
RAFIYA DEVELOPMENT,Infrastructure & Construction,834 213 271,,
Quick Fit Cupboards,Finance & Business Services,(012) 546-1990,,"QUICK FIT CUPBOARDS CC, is a company with 20 years extensive experience in the Home Improvement industry.
Our phenomenal accelerating growth during the last quarter of 2006 brought us closer to ensure the systematic establishing of professional and busin..."
Quademo Professional Accountants (Member),Accountants,(082) 334-7454,,"It is our believe to provide the most streamlined, ethical, versatile and confidential services in the business. Our founding member Wildie Goosen drives the team with proficiency, passion and vision, to always offer our clients the best possible service..."
LA du Toit Accounting and Management Consultants,Finance & Business Services,078 789 5414,,
Profit Line By Design Pty. Ltd,Accountants,011 510 0067,,
Mazars,Tax & Legal Consulting,012 347 3820,,"Mazars has a long history of professional excellence in South Africa.
Our commitment to the care of our clients and their businesses is strongly reflected in the loyalty they show us - some client relationships we have maintained for over 50 years.
We p..."
Property Coza Centurion West,Developers,,,
Progressive Industrial Relations,Human Resources,071-659-2509,,"In our experience we have determined that time constraints, regular VAT law amendments and in some instances, financial restrictions, prevent companies from thoroughly assessing their VAT affairs. Finance departments often assume that all of the necessary..."
Profit Recovery Solutions (Pty) Ltd,Communications (ICT),0861 000 656,,
Royal Mechanical Services,Engineering,012 541 7818,,
Rosslyn Petro City Joued Trading Pty Ltd,Petrol Stations,012 541 1800,,"Over nearly a century, Total has grown its business in more than 130 countries. Total is now a major player in the oil, gas and chemical industries. Its shareholders and employees come from a diverse range of backgrounds.
The Total brand’s presence in th..."
Royal Mechanical Services,Engineering,012 541 7818,,
Rosslyn Health Shop,Health & Medical,082 504 8244,,
Ross & Jacobsz Ing.,Finance & Business Services,012 348-1088,,
Rooidraai Konstruksie,Construction,(013) 235-1488,,
Roelof van Rooyen Vennote,Finance & Business Services,(012) 547-0490,,
Ristorante L'isola,Tourism & Events,012 807 7931,,
Robertson Sakekamer,Associated Partnerships,0833 812 461,,
Roy Campbell Recycling,Energy Optimisation,(078) 181-6641,,
Rifan Packaging	alet.beukes@gmail.com,Manufacturing,0823549208,,
RMG Forensic Service,Safety & Security,(012) 543-6400,,
Ritrovo Ristorante,Tourism & Events,012 460 5173,,
Rhino Roastery,Tourism & Events,012 347 6050,,
Rhapsody's Lounge,Tourism & Events,012 348 0591,,
Sherewood Lodge,Tourism & Events,012 809 2398,,
Stock Market College,Finance & Business Services,011 315 1000,,"Stock Market College’s mission is to provide quality, learning opportunities to all candidates wanting to educate themselves in the Stock Market. The aim is to produce independent students able to play a creative role in their community as well as in broa..."
Shayamanzi Game Pty. Ltd,Finance & Business Services,(012) 460-0207,,"There are probably less leopards left in the world than the number of rhinoceros left in South Africa. www.leopard.tv is a true South African website with a combination of game, predator and leopard stories, as well as a leopard project, uniquely packaged..."
Shanduka Black Umbrella,Finance & Business Services,(012) 342-5678,,
SG Smith & Kie Ouditeure,Tax & Legal Consulting,012 644 0390,,
Selati Roof Trusses,Building Automation,(013) 235-4198,,
Sectional Title Administrators,Professional Services,012 547 6785,,"Sectional Title Administrators &nbsp;is the brainchild of Johan van der Walt .
He has a B.Comm degree and years of experience as a trustee in various portfolios in two schemes.
He has 30 years of managerial&nbsp;experience in various industries&nbsp;lik..."
Secor Precision Tools (Pty) Ltd,Manufacturing & Logistics,(012) 541-3321,,
Scibotron (Pty) Ltd,Communications (ICT),0733080396,,"History
Scibotron was founded in 2013, and has since gained a reputation as an automation company that “turns projects around” through industry leading technical solutions and exemplary project management.
“For Eternity”, our slogan, speaks to our quali..."
Santam,Investments,012 369 1227,,"At Santam, we believe in a simple principle.We believe that insurance is something that should add value, not questions or uncertainty. It should provide peace&nbsp;of mind, not parameters or excuses, and that has been our philosophy since we first opened..."
Sanlam Business Market,Life & Disability,0860 100 539,,"About
Since our establishment in 1918, Sanlam has been a prominent part of the South African business landscape. We have always held a long-term view of how business adapts to the demands of the environment in which it operates.
Today, in a dynamic worl..."
Sanctuary Farm Produce,Food Manufacturer,,,
Sacramento Spur,Food & Beverage,,,
SABC,Finance & Business Services,(012) 431-5319,,"VISION&nbsp;
The SABC inspires change through enriching, credible, relevant and compelling content that is accessible by all.
Mission
To educate, inform and entertain all audiences accessing SABC services.
Values


Conversations and Partnerships
&..."
SA Poskantoor,Finance & Business Services,,,
SA AIRLINK (PTY) LTD,Easy Travel,(011) 451-7300,,"Airlink's new direct 'City to City' flight, in partnership with South African Airways, will provide Tshwane's business and leisure travellers with a convenient choice of flights between Pretoria, (Wonderboom Airport) and Cape Town. Airlink offers up to 3..."
Vehicle control systems,RossKlerk Business Forum,125 418 647,,
DS Business Coaching,Consulting & Strategies,010 109 1106,,"ActionCOACH&nbsp;is the world's number one business coaching firm. Started in 1993 by Brad Sugars,&nbsp;ActionCOACH&nbsp;is the largest Business Coaching Company in the world, with offices and Business Coaches from Singapore to Sydney to San Francisco. Fr..."
Zylmari Properties,Estate Agents,(012)3477673,,"Home&nbsp;ZYLMARI PROPERTIES&nbsp;has been in the South African Property market since 1987. Although a small firm, we are firmly entrenched in the East of Pretoria, as well as Centurion.
Some of our agents have been with us for more than 11 years. Our of..."
Woodlands Business System cc,Programming,012 547 6893,,"ADSSA is a well established web solution business. As an Internet Service Provider, ADSSA have the proper skills and structure to provide competitive, well-created websites that are visible and effective. Dynamic interactive websites with well designed da..."
Wannenburg Motors,Automotive,(012) 335-2531,,"Welcome to Wannenburg's
At Wannenburg’s, we specialize in selling new and used motor spares for all makes and models of vehicles. We are the leading dismantler of accident damaged motor vehicles, and we have over sixty years of experience in the new and..."
Van Der Merwe Prokureur,Cullinan,,,
Uniqon Wonings Pty. Ltd,Property Management,(012) 809 0262/3,,"UNIQON Wonings (Pty) Ltd was founded in 1985 by Henry Bendeman and has undoubtedly established itself as a Specialist and Leader within its expertise of Project Management and Property Developments.
UNIQON is the proud Developer of Shopping Centers, Offi..."
Union Caterers,Functions & Events,(012) 807-3500,,"Utopia Place&nbsp;- Home of Union Caterers - is based in the East of Pretoria. We cater for all Functions and Events, big and small throughout Gauteng and even across borders.
Your Special Occasion Catering Specialists
Our mission is to provide quality..."
Uitkyk Vleis- en Supermark,Wholesale & Retail,012 804 3280,,"ABOUT UITKYK
&nbsp;

We are proud suppliers of the highest quality meat and fresh produce in Pretoria.Our loyal customers come back time and time again to visit our friendly staff.Take a tour of our store and meet our people"
Tushiyah,Training & Development,087 358 9709,,"We specialise in : Business Management Personal Development Entrepreneurial Skills (this includes innovative thinking to create new revenue streams and grow the business) Technical Skills (specific to each business sector and type)
► Business model desig..."
TimeNet Computers & Networks (Pty)Ltd,Communications (ICT),(012) 546-0011,,"At TimeNet we have extensive skills and experience in the implementation, maintenance and management of firewalls and Internet gateways.
These skills and experiences come from providing support and management to global corporates.
Part of our value-add..."
Takalani Distributors,Distributors,012 547 7032 / 083 582 1001,,Bake bread and cakes Distributors
Synergy Law,Commercial Law,012 433 6597,,"Synergy Law is a legal consulting company that focusses on providing practical and cost effective legal solutions to businesses in South Africa.
We assist businesses ranging from small-medium enterprises to big corporate companies with their day to day l..."
Steenkamp De Bruyn,Finance & Business Services,084 491 9911,,
StoreNet,Warehouses,012 807 0212 / 083 455 6505,,
Staza Cleaning Services (PTY) Ltd,Agriculture & Environment,061 624 4305,,"“There are no unimportant jobs, for every job holds a path to greatness when treated in an important way”.
That is our approach to serving our clients. We take our role as a Hygiene and Cleaning partner very seriously. Our success is tied to that of thos..."
Standard Bank,Investment,,,
Social Doctus,Finance & Business Services,011 100 5028,,"Social Doctus Your Social Media Marketing Solution
We assist businesses in the following additional services:

Graphic Design.
SEO Optiimization.
Building Websites that work for you businnes (Wordpress).
Paid Facebook Ads.
Paid Google Ad-Word Ads...."
Skitterblink Lynnwood,Valet Services,084 250 0225 / 084 701 3777,,"Cleaning Services
&nbsp;

Whether you are a time-crunched homeowner, a business owner, a Skitterblink franchisee or a Skitterblink employee, our goal is the same: to give you&nbsp;more quality time for yourself and your family.&nbsp;By franchising Sk..."
Speedy Tyre & Fitment (Akasia),Spare parts,012 751 1331 / 2,,"Tyres – new and retreads for passenger, LDV, truck, agricultural and industrial vehiclesWheel balancing and wheel alignment for passenger, LDV and trucks/trailersShock absorbers, batteries, exhausts, tow bars, CV joints, brakes, steering and suspension re..."
Sinoville Vleismark (Sinoville) (Member),Butchery,0000-00-00,,We are an established butcher shop with top quality meat and friendly staff with A grade Super MeatWe are an established butcher shop with top quality meat and friendly staff with A grade Super MeatWe are an established butcher shop with top quality meat...
Solrenson Business Financial Administration,Tax & Legal Consulting,083 307 7000,,
Shared Services Investment,Finance & Business Services,012 346 9047,,"Our innovative company was founded to provide cost effective and quality business solutions across all industries. Our services include Human Capital Solutions, Training and Development, Outsourcing and Shared Services, Strategy and Efficiency Improvement..."
Seat King,Bus Seats,084 821 3555,,"The 4500 m² facility is located in Pretoria, South Africa where 95% of product range is completely manufactured. The staff complement is around 90 with current capacity of 10 000 seats per month. Seat King is the biggest supplier of passenger seats to..."
Run/ Walk for Life Rietondale,Image Consulting,(079) 493-9030,,"The scientific and computerised measurements recorded by each member after every session have shown that within as little as three to six weeks, you will be showing a definite increase in fitness levels and weight reduction, depending on your goals. You w..."
Rozess Supplies,Health & Medical,(012) 548-2248,,Rozess Supplies&nbsp;have been supplying and serving a salon supply services to salons throughout South Africa and Namibia. We are the preferred salon services provider for thousands of salon and beauty outlets. Whether you require slimming salon or beaut...
Quick Fit Cupboards,Carpentry,(012) 546-1990,,"QUICK FIT CUPBOARDS CC, is a company with 20 years extensive experience in the Home Improvement industry.
Our phenomenal accelerating growth during the last quarter of 2006 brought us closer to ensure the systematic establishing of professional and busin..."
PayDay Software Systems (Pty) Ltd,Centurion Business Forum,012-803 7730,,
Nyati Industrial Paints,RossKlerk Business Forum,012 541 0627,,
N N Metals,Agriculture & Environment,(012) 541-0547,,"ABOUT USNN Metals is a proudly South African company established in 1985. We are a licensed ferrous and non-ferrous dealer with over 30 years experience in purchasing, collecting and processing of recyclable material. With various state-of-the-art process..."
Showme Pretoria,Marketing,,,
Nandi's Guest House,Guest Houses,012 549 1643 / 084 556 4531,,"Nandi’s Guest house&nbsp;is a charming bed and breakfast&nbsp;(B &amp; B)&nbsp;located at&nbsp;324 Kremetart street, Amandasig, Pretoria, South Africa.
Nandi’s Guest House&nbsp;provides a serene setting for our guests to enjoy the many splendours of the..."
Shimazu Proprietary Limited,Legal Compliance,012 665 2500,,"Shimazu is a legal service provider for businesses, drawing from extensive national and international experience, to offer our Clients world-class legal solutions.
We have a strong focus on technology and we have formulated our solutions with a future-re..."
Multiprof Property Intelligence,Engineering Services,(012) 361 5095,,"Multiprof was founded in 1998 by Abrie Snyman. Abrie qualified as a Town and Regional Planner at the University of Pretoria in 1980, after which he spent the next ten years gaining experience as a senior Town Planner at the City Council of Pretoria and th..."
Mogotsi Lifestyle Centre,Tourism & Events,012 756 6666,,"Mogotsi Functions Venue and Lifestyle Centre will present you with a memorable experience of a lifetime for any occassion. We are located at the foothills of the magnificent Magalies Mountain in a modern suburban area called Akasia. Weddings, Bachelor &am..."
Menlyn Tyres,Automotive,(012) 348-8876,,Autowiel was established in 1969 as a specialist wheel alignment centre. The current management included the sale of passenger and light commercial vehicle tyres to the scope of the business in 1987. Autowiel is in the unique position to have managers tha...
Manage All,Health & Medical,(086) 110-1368,,"We apply the correct strategic medical cover that will suit your individual, family, and corporate needs. We want you to enjoy your choice of the best fit for purpose and pocket medical scheme products.
To have satisfied and informed clients is of the ut..."
Mamre Property Management,Professional Services,(082) 901-6834,,"MAMRE PROPERTY MANAGEMENT (PTY) LTD is an established property management company, registered with the Estate Agency Affairs Board, and specializing in the management of Bodies Corporate, Home Owners Associations, and shopping complexes of existing and ne..."
Labapro,Payroll,012-546 3874,,"We strive to give excellent personalized service to each of our customers and therefore, we do not strive to become the biggest role player in the market, but rather to be available when our clients need us the most. Labapro is based in Pretoria and conce..."
La Frans Guesthouse,Functions & Events,012 549 4929,,At La Frans we provide premium comfort in a welcoming atmosphere. We aim to ensure 'a Home away from Home' for all our guests. La Frans strives not only to provide an excellent customer service but also to establish close relationships with our guests and...
Koopkrag beperk,Finance & Business Services,(012) 348-5452,,"CONVENIENCE You can even use your card at any of the following stores countrywide (Ackermans, Bata,Builders Express,Builders Warehouse,Checkers,Checkers Hyper,Contempo,Dion wired,Dis-Chem,Game,House &amp; Home,Hunger Lion,Jay Jays, Liquor shop, Medirite,O..."
Kgabotse Field Repairs,Petrol Stations,(012) 546-8648,,
Greger Sound Services,Tourism & Events,(012) 804-1700,,"We offer you the full spectrum of all your multimedia and training requirements.We specialize in:Audio-visual, Projector Hire Sales, Maintenance all Visual Systems and PA Systems.No project is too big or small for us. With many years of experience, we are..."
FMW Labour Group,Human Resources,012 546-7269,,"F M W Group has the infrastructure, specialist resources and necessary skills to assist clients with all aspects pertaining to their Human Resources and Industrial Relations Requirements which include but are not limited to the following:
Employment Rela..."
Fitzanne Estates,Professional Services,(012) 342-3710,,"Since 1982, our knowledge and skills have been continually refined and we strive to continue. Not only do we keep you informed on the very latest in property industry, sales, section 21 companies and more, we also empower by expanding your knowledge base...."
Experto BDM Services,Finance & Business Services,0832658013,,"Transforming small to large companies to become smarter and more agile to enable the organisation its leadership and people to meet current and future business requirements.

Focus on delivering Increased Customer Value;
Establish&nbsp;and foster Proje..."
DFR Engineers,Building Services,(012) 546-7574,,"DFR Engineers
Electronic engineering
Founded in 1998, DFR Engineers is a dynamic and experienced consulting engineers with the capacity to provide comprehensive and value-driven design and project management services.
PROVIDERS OF ENGINEERING SOLUTIONS..."
Concise Operations (PTY) LTD,Business Support,(079) 354-7934,,Concise Operations is a consultancy aimed at building sustainable and constantly growing businesses that contribute to the economy and communities collectively. We specialize in sourcing of finance for businesses and start-ups and th...
Caracal Software Solutions (Pty) Ltd,Communications (ICT),082 330 5861,,"We improve productivity and efficiency of mobile teams.
MobiWork, our flagship mobile workforce solution is cloud based with very strong functionality in Field Services, Field Sales,Asset Management, Logistics &amp; Field Marketing.
Our other solutions..."
Business Print (Member),Marketing and Advertising,0000-00-00,,"BusinessPrint stands behind the quality of its products and services. Our vision is focused on the principle of “Reliable Perfection”, to provide our clients with the finest solutions, on time, every time! BusinessPrint takes great pride in its commitment..."
Bono Tours & Safaris,Travel Agencies,073 636 7018 / 072 701 5589,,"Welcome to Bono Tours &amp; Safaris
Bono Tours &amp; Safaris specialize in tailored Tours and Safaris, specifically designed to suit diverse and different individual needs. Our main concern is to ensure that ALL our guests are TOTALLY satisfied, by excee..."
Body and Mind Foundation,Employee Wellbeing,(079) 634-1340,,"IS YOUR FIRM THROWING AWAY GOOD MONEY?
Here are a few straight-forward questions about your marketing:
Are you sure that your marketing strategy is on target – or even in place?
Before you can mastermind brilliant concepts, methods, and techniques – wh..."
Bizgro,Business Support,083 625 7721,,"What we do
Our practical and relevant workshops, based on experience and not theory alone, are tailored to suit&nbsp;
your&nbsp;organisational requirements, ensuring you receive the most 'bang for your buck'!!
BizGro&nbsp;specialises&nbsp;in half-day t..."
BitConnect Lionel,Network Set-up & Security,087 802 0204,,"Bitconnect specializes in the planning, installation, maintenance and support of business networks whether it be CAT5/6/7, fibre optic or wireless networks.
We can help you optimise your network according to your needs and with our service level agreemen..."
Ask Afrika Pty Ltd,Finance & Business Services,(012) 428-7400,,"Over a period of almost two decades, Ask Afrika has grown to be the largest independent South African market research company with fieldwork capabilities in 95% of Sub-Saharan Africa. Proud of our local relevance, we continuously benchmark ourselves..."
Aquilla Advisors,Life Coaching,012 993 3287,,"Aquilla Advisors is a focuseson providing wholistic solutions in the areas of business management, people management &amp; financial serivices.&nbsp; Aquilla Advisors has a history of outstanding customer service and a combination of unique products.
&nb..."
Anti Burnout Solutions,Business Support,(012) 332-3506,,"Wilhelm Lombard is a Burnout Prevention Specialist/Life &amp; Business Coach , Keynote speaker, Trainer &amp; Facilitator. Qualifications: Masters degree MPhill(PiPL) Research topic . A Personal, Interpersonal &amp; Professional Leadership perspective on..."
Advanced Paramedic Assist,Health & Medical,(012) 808-0649,,"As one of the leading Emergency Services in the industry from 1996, we have developed many systems that are still in operation today.
Advanced Paramedic Assist otherwise known as APA, is a 24 hour Emergency Medical Service that specializes in: Medical /..."
Accounting For Entrepreneurs,Accountants,(086) 100-0243,,"A4E is an accounting, auditing and consulting organization. We focus on the support, training, growth and development of entrepreneurs and their businesses. Our success is measured not by what we achieve, but by the contribution we make to the success of..."
2 Life Travel,Car Rental,012 361 5924,,"WE ARE A FAMILY RUN BUSINESS THAT PRIDE OURSELVES IN THE FACT THAT WE RESEARCH AND TRAVEL EXTENSIVELY SO THAT WE CAN GIVE YOU THE BEST INFORMATION AND GUIDANCE POSSIBLE.
Welcome to the official website of 2Life Travel! My name is Adriaan and my wife is S..."
Vanani Fresh Produce,Finance & Business Services,012 328 3851/5,,"ABOUT US:-
Vanani Fresh Produce (Pty) Ltd is a registered company as per CIPC requirements with its premises strategically situated within the premises of Tshwane Fresh Produce Market in Pretoria Gauteng. Vanani is compliant in every respect in terms of..."
Corporate Guarding Security Services (Member),Guarding and Surveillance,0000-00-00,,Safety and Security  Guarding and Surveillance
Avbob Pretoria Oos,Insurance,012 460 3745,,"&nbsp;

AVBOB Vision
AVBOB as a mutual assurance society is the pacesetter in the funeral industry.
AVBOB Values

Customer Focus
People
Integrity
Excellence
Teamwork

AVBOB Commitment
The AVBOB group acknowledges that the majority of our popu..."
ATA Training (Automotive Training Academy),Skills Development,087 350 3580,,"Training &amp; HR Knowledge customised solutions. Both Technical Training (Fork Lift Training, Road and Transport Management.) and Soft Skills Training (Leadership, Supervisory,Microsoft, Conflict Management , Strategic management: Development and Trainin..."
Agricad,Agri,(086) 100-1204,,AgriCAD&nbsp;was founded in 2001 as a designing company in which Theo Lotter had created various designs for the transport and agricultural sectors.In 2009 Paul Pretorius joined and AgriCAD was then converted to a manufacturing company with its focus on t...
Damelin Menlyn,Colleges,(012) 471-3300,,"Training &amp; HR Knowledge customised solutions. Both Technical Training (Fork Lift Training, Road and Transport Management.) and Soft Skills Training (Leadership, Supervisory,Microsoft, Conflict Management , Strategic management: Development and Trainin..."
BeztForex,Finance,011 867 1818 - 083 700 8076,,"By way of introduction,&nbsp;BeztForex&nbsp;&nbsp;www.beztforex.co.za&nbsp;is an intermediary company, offering Foreign Exchange &amp; Global Trade solutions to importers, exporters and manufacturers in South Africa with commensurate foreign currency flow..."
Warrior Paints,Building Services,(012) 541-3596,,"Do you need paint that can outlast all the others? You'll get no surprises when using our affordable quality paint. Get the combination of gorgeous colours that work for you. Paint is an investment - get it from Warrior Paints, South Africa's leading pain..."
BB Truck and Tractor Pretoria,Spare parts,012 564 4000,,"We aim to offer a&nbsp;friendly and professional&nbsp;service to all our customers whilst&nbsp;maintaining and improving on standards, service and profitability.&nbsp;We aim to provide, through a&nbsp;skilled and caring workforce, a quality, value for mon..."
Gerotek Test Facilities,Automotive,0123712065,,"Gerotek&nbsp;is a multi-disciplinary organisation, providing an accredited, independent test and evaluation service, product promotions, corporate events and advanced driver training and development programmes to the security forces, defence and other ind..."
Feenstra Group Ltd,Developers,,,
Caliber Properties,Developers,,,"Caliber is a Property Development Group which was founded in January 2003.
Our main goal is the definitive development of property in the residential and commercial real estate markets.
The expertise of Caliber’s directors facilitate speedy and cost eff..."
Lebra Development,Property Developers,012 940 4378,,"Lebra Developments Pty Ltd is a medium size property developer in Pretoria, concentrating in the residential market ranging from high density housing to luxury single stands to rural estate living. They also undertake civil construction projects."
VDO Architects,Architects,012 348 1343,,"successfully completed more than 2000 projects which bear witness to the scope of our expertise and integrity. Our success is rooted in the depth and breadth of our skills and the trust we have earned from delighted clients.
VDO offers clients the conven..."
TEROPO Town and Regional Planners,Infrastructure & Construction,087 808 7925,,"TEROPO TOWN AND REGIONAL PLANNERS offers customer service in creating property value and adding value to existing and proposed infrastructures.
We offer solutions and plans that are based the sound spatial, economic, engineering, environmental and social..."
Phuhlisa Development Solutions,Developers,'011 794 9390,,
Pendo Energy Solutions,Professional Services,010 035 0232,,"Pendo seeks to provide energy solutions to national and international markets, with a specific focus on turnkey solutions.
We specialise in the design and project management of the following disciplines:

• Substations
• Cable networks
• Power lines..."
The Learning Link,Finance & Business Services,011 608 1178,,"WELCOME TO THE LEARNING LINK
The Learning Link, we recognise the importance of maximising the transfer of training to the job. The Learning Link programmes are therefore designed and presented to optimise transfer.
The Learning Link is owned and run by..."
Maduludi cc,Building Services,010 223 7060,,The origins of the company date back to 1985 when Maduludi cc was formed then later on the company became&nbsp;Maduludi Pty (Ltd) . The company is one of South Africa’s leading Civil Engineering and Construction Company providing quality construction solu...
Business DNA,Finance & Business Services,012 346 2600,,"As a group of experienced specialists we work with you on all the phases of a project – from diagnostics to strategic planning, customising the programme, creating creative tactics and training programmes that will excite, ignite, engage and empower your..."
Beehive Occupational Health & Safety,Finance & Business Services,012 376 4184 / 072 594 5989,,
ATS - All Technology Solutions,Centurion Business Forum,010-493 4700,,
PriFactor,Functions & Events,082 380 5231,,"Prifactor is an event management company and a leading provider of technical solutions based in Pretoria, South Africa. We understand that every event has very specific needs. Planning a successful event requires a wide range of products and services to c..."
Phuzamanzi Industrial Maintenance Projects,Building Services,012 656 7877 / 012 752 8884,,"Phuzamanzi Electrical is duly registered with the Department of Labour (annual registrations), and we have an Installation Electrician (Wireman’s licence) who is also registered with the DOL. We also are the members of the Electrical Contractors Associati..."
Moolman Group,Developers,012 361 7970,,"MAIN ACTIVITIES&nbsp;
PROPERTY INVESTMENT
The Moolman Group's core business involves the expansion of its property portfolio through both direct acquisition and greenfield development.
PROPERTY DEVELOPMENT
The Property Development Division acquires an..."
McCarthy Volkswagen Menlyn,Wholesale & Retail,(012) 470-8700,,"Volkswagen cars&nbsp;are characterized by their innovation and dynamism, expressly built for the enthusiastic driver with a passion for life.
From our passenger cars, SUVs, to commercial vehicles. Bidvest McCarthy Volkswagen thrives on creating a unique,..."
The Waste Group,Electronic & Waste Recycling,(012) 562-0330,,"Managing Waste for a Friendlier Environment
The Waste Group specializes in the re-think, reduse, re-use, recycle, remove, treatment and reporting of waste generated in the domestic, industrial, commercial, municipal and mining sectors.
We provide our cl..."
All Office,Building Services,(011) 262 5792,,"Who we areAll Office was established in 1978 and has become synonymous with the supply of ergonomically designed office furniture.
We listen, we care, and we continue to uphold our long standing tradition of not only meeting but exceeding our customer’s..."
Standard Bank Rosslyn,RossKlerk Business Forum,0860 123 000,,
FNB Business Banking,Finance,087 736 6059,,"FNB is the oldest bank in South Africa, and can be traced back to the Eastern Province Bank formed in Grahamstown in 1838. Today, FNB trades as a division of FirstRand Bank Limited. When looking at FNB's history, two things in particular stand out. The fi..."
ActionCOACH Faerie Glen,Employee Wellbeing,(076) 984-9248,,Introducing Michael Andrew Are you working longer hours than you want to or ever thought you would be? Do you want to regain the vision and dream that led you to forming your own business in the first place? What would you do to regain control of your lif...
3@Marion Guesthouse,Accommodation,082 549 9790,,Warm rooms &amp; apartments in a relaxed guesthouse offering a BBQ area &amp; complimentary breakfast.
Curo Health,Pharmacies,(012) 748-3000,,"Curo Health is a Health and Wellness management company based in Gauteng, South Africa with offices in the Western Cape, KwaZulu Natal, Eastern Cape, Limpopo and the Free state. The Curo Health Group of companies was created in 2012 by acquiring the f..."
About Catering Hire,Restaurants,(012) 379-7734,,"Welcome to About Catering Hire (est. 2007) where we live our company motto, “It’s all about your function needs”. &nbsp;Over the past years we built up an excellent track record. Testimony thereof is that the most of our clients are by “word of mouth”.
W..."
Curo Health,Health and Medical,0000-00-00,,"Curo Health is a Health and Wellness management company based in Gauteng, South Africa with offices in the Western Cape, KwaZulu Natal, Eastern Cape, Limpopo and the Free state. The Curo Health Group of companies was created in 2012 by acquiring the follo..."
ARC.LNR,Accounting,012 427 9700,,
Cavalier Abattoirs,Agriculture & Environment,,,
Casa Toscana Lodge & Die Blou Hond Theatre,Lodges,012 348 8820,,
Carpe Diem Academy,Training,083 321 9250,,
Calamos Communications,Communications (ICT),082 551 2190,,"Since 2007, Calamos Communication has been a fully authorised reseller/agent for iConnect SA. iConnect is a fully-licensed and independent telecommunications service provider, focused on end to end integrated communications solutions and services. iConnec..."
Cafè Crust,Food & Beverage,(013) 235-3344,,
C4K Centurion,Finance & Business Services,083 308 7754,,
BusinessPrint,Marketing,(012) 843 7600 / 0861 42 4259,,Business Print&nbsp;is a state-of-the-art printing service. Our customers are at the core of our business. The foundation and success of our business is the unique relationship that develops between us and our customers; it is this interdependence and tru...
Brew @ Home,Food & Beverage,(083) 314 4288,,
Skill Indawo,Coaching & Mentoring,641 608 227,,
Brain & Gerda Whitehorn(Estate Agent Pam Golding),Professional Services,0795157799,,
Bothaville Spar,Functions & Events,0565154815,,
Bothaville Rekenaardienste,Office Services,0565152277,,
BMT Security Sevices,Finance & Business Services,(012) 771-2702,,
Bluemoon Upholstery & Distribution,Manufacturing,,,
Blue Flame Grill,Restaurants,(012)548-2716,,
Something Fishy,Tourism & Events,012 565 6433,,
Sonja du Toit t/a BAN,Accounting,012 772 3096,,
Snappy Chef,Tourism & Events,(012) 997-1611,,"Who Are We?
The Snappy Chef Group was established in 2010 to take advantage of the energy crisis that plagues not only South Africa but is also a problem in many countries across the globe. Snappy Chef has become the Leader in Induction Appliances in Sou..."
Speaking in Public,Life Coaching,0827366548,,"Speaking in Public is an International Wealth company that works with entrepreneurs, investors, including private and public companies. We focus on skills development, coaching, and mentoring in the field of Sales, &nbsp;Marketing, Property, and Business..."
2 Spice up Marketing,Websites,081 450 9183,,
Signum Financial Services,Finance & Business Services,(012) 365-3146,,"Signum is an exciting financial services company, which offers professional, independent financial advice to our clients. Our qualified, registered financial advisors offer a unique one-stop integrated service, providing a diverse range of solutions and o..."
Sungardens,Health & Medical,(012) 348-1934,,"An experienced, specially trained nursing sister assesses the patient and makes a commitment to be accessible whenever the need arises, visiting the patient on a regular basis at home and providing physical care and emotional support. In-patient care We h..."
The Willows Country Lodge,Lodges,012 807 4100,,
The Cowshed,Catering,(072) 243-2429,,
The Lemon Tree Garden Route,Food & Beverage,012 734 0778,,
Talrad Engineering,Manufacturing,,,
Sure African Imprint Travel,Travel Agencies,(012) 542-1911,,
Successful Sales,Marketing,(087) 751-1445,,
Sterkspruit Veterinary Clinic,Health & Medical,(013) 235-4132,,
Benla Enterprises,Manufacturing,712 742 592,,
Steak-Inn Grill & Butcher,Restaurants,012 991 4733,,
Beefcor,Wholesale & Retail,012 386 6079,,
Stay Easy Pretoria,Hotels,012 407 0600,,
The Woodpecker Inn Guest House Pretoria,Guest Houses,012 993 5838,,
Beauco Security,Finance & Business Services,061 339 6278,,
Bearing Man Group Lydenburg,Manufacturing,013 235 1092,,
The MusicShop,Retail,132350115,,
Batter Boys Village,Catering,(012) 548-0101,,
The Brazen Head,Restaurants,012 807 3509,,
Barnard Finansiele Dienste,Finance & Business Services,0834476188,,
The Branding Factory,Finance & Business Services,072 172 0809,,
The Black Bamboo,Food & Beverage,084 508 9752,,
The Blades,Food & Beverage,012 808 9943,,
TDJB Engineering,Manufacturing & Logistics,0125414255,,
Barko Development PTY Ltd,Marketing,(013) 235-1030,,
Tamboti Bush Lodge,Accommodation,012 711 0909,,
Balkin Hardware (Pty) Ltd,Manufacturing & Logistics,0565152029,,
Ballenden & Robb Consulting Engineers C C,Manufacturing & Logistics,012 348 8555,,
Time Square Casino,Hotels,0860 846 377,,"&nbsp;A world-class business destination in Tshwane &nbsp;
A trailblazing first for South Africa, The Maslow Time Square features a variety of hotel accommodation all under one roof. Located in the heart of the technologically advanced Menlyn Maine Preci..."
Progressive Industrial Relations,Skills Development,(012) 803-8438,,"Progressive Industrial Relations&nbsp;was founded in 1987.
We provide advice, representation, training, support, planning and guidance in the following:

Discipline and dismissal in respect of misconduct
Discipline and dismissal in respect of incapaci..."
Casa Bourguesa,Food & Beverage,012 991 0781,,
Captains,Restaurants,072 600 4191,,
Cappuccinos Waverley,Food & Beverage,(012)332-0344,,
Burger Shack,Tourism & Events,061 851 5421,,
Brasseriede Paris,Restaurants,012 460 3583,,
Box Office Pizza Pasta,Restaurants,011 472 9045,,
Boston BBQ (Wonderboom),Restaurants,(012)567-7152,,
Blos Café,Restaurants,012 991 1790,,
Big Bite Fast Foods,Restaurants,012 565 5752,,
Baobab Café and Grill,Restaurants,012 368 1003,,
Bakgat Kafee,Food & Beverage,071 314 7963,,
Big Al's,Restaurants,082 573 9305,,
Piccola Italia,Tourism & Events,012 460 0836,,
Avbob Mutual Assurance Society,Insurance,086 128 2621,,"Old Mutual provides investment, savings, life assurance, asset management, banking and property and personal insurance in Africa, Europe, the Americas and Asia.
Visit the Old Mutual website to find information on the South African Market which is specifi..."
Astra Solar Energy,Manufacturing,012 364 2420 / (082) 766-1842,,"The photons of light from the sun excite the electrons in the solar cells into a higher state of energy allowing it to act as charge carriers for an electric current. This energy is known as a Direct Current (DC) 12v 24v 36v etc.
In order for this energy..."
As Greek as it Gets,Lodges,083 632 5364,,
Arma Iuris,Legal,0861 282 282,,
Arcadia Hotel,Tourism & Events,012 326 9311,,
Aquizi Lodge,Accommodation,,,
Anton Boswell Attorneys,Legal Compliance,012 345 4640,,"We develop customised solutions for each client, delivering on the client's needs and solving their legal, HR, IR, compliance and risk issues.
With more than 20 years of experience, we are perfectly positioned to provide key strategies to our clients to..."
Anton Bakker,Legal,(012) 460-9789,,
Amanzintaba Resort,Self  Catering,079 734 3773,,
Almeida-Grobler Attorneys,Legal,128 072 205,,
Allemans Concrete,Manufacturing,082 567 5363,,"Allemans concrete walls is a family business. We have been manufacturing and installing concrete walls, concrete tools sheds, concrete garden sheds and Zo Zo houses for more than 30 years.
&nbsp;
We are also capable of building you your dream house, wit..."
All Telecoms,Website Development,012 940 8863,,"ABOUT ALL TELECOMS
All-Telecoms started in 2004 as a marketing firm that quickly evolved into a mobile marketing agency. We are one of the few proudly South African companies that specialize in creating local products, which eliminates the need to rely o..."
Aliquot Integrated Marketing,Marketing & Networking,129 973 746,,
Villa San Giovanni,Food & Beverage,012 111 8888,,"Discover
OUR STORY
✻
No matter how many times one eats at Villa San Giovanni, there is always a traditional Italian taste to be experienced. Our food is a true celebration of southern Italian flavours that have been carefully prepared by the owner and..."
Villa Sterne Hotel,Hotels,012 346 2255,,
Toolmaking Association of South Africa - Gauteng (TASA),Engineering,(012) 643-1285,,
Town Lodge Menlo Park,Accommodation,012 348 2711,,
Top 2 Bottom Cleaning Solutions,Finance & Business Services,(073) 722-7913,,
Villa Jana Guesthouse,Accommodation,071 034 0961,,
Villa Amor,Tourism & Events,083 231 2063,,
VAN ZYL LE ROUX INCORPORATEDConveyancing and Real Estat...,Legal,(012) 435-9444,,"Specialist departments at this law firm create an opportunity for broader and more efficient service provision by directors and personnel with specific skills, experience and knowledge of local and national markets. Since our establishment in 1943, our le..."
Veroz Boutique Hotel,Accommodation,012 542 1118,,
Two Rivers Platinum (Pty) Ltd,Platinum,(013) 230-2800,,
Tram Village Lodge & Conference Center,Accommodation,012 346 2880,,
Town Lodge Menlo Park,Accommodation,012 348 2711,,
WIMPY,Food & Beverage,013 932 3090,,
WI Training,Finance & Business Services,(072) 170-0299,,
Al Dente,Accommodation,012 460 9686,,
Wesvaal Chamber of Business,Associated Partnerships,715 800 667,,
Vivid Technologies,Network Set-up & Security,012 751 2979,,
Afrocentric IP,Telecommunications,012 844 0686,,"Our Phylosophy&nbsp;
Afrocentric IP stands for Afrocentric Intellectual Property. The name is derived from the urgency that Africa must begin to generate or create HER own Intellectual Property through innovation and begin to be in the for front of putti..."
Africa Implemente,Associated Partnerships,0565154380,,
Wegezi Power,Electrical,012 386 9490,,
Waterfalls Boutique Hotel Pretoria,Hotels,012 346 6218,,
Africa Guest House,Guest Houses,072 643 8474,,
Voice of God Business Forum,Associated Partnerships,604 349 148,,
"Adapt IT Training & Development, a Division of Adapt IT...",Skills Development,(012) 425-5707,,"Based in Monument Park, Pretoria, Adapt IT's training centre caters for all training and conferencing needs. Our training services are focused on empowering people with essential skills and relevant knowledge. Besides boosting productivity, basic skills c..."
VDT Attorneys Inc,Legal Compliance,012 452 1300,,"We offer tailor-made and effective solutions to solve any legal problem in a cost-effective manner. Acting in a professional manner, we strive to render a professional service at all times and specialise in diversification to suit every legal need.
We al..."
ADALTA,Communications (ICT),011 465 9621,,
Vanani Wholesale Enterprises CC,Fruits & Veggies,012 328 3851/5,,"ABOUT US:-
Vanani Fresh Produce (Pty) Ltd is a registered company as per CIPC requirements with its premises strategically situated within the premises of Tshwane Fresh Produce Market in Pretoria Gauteng. Vanani is compliant in every respect in terms of..."
Active Service Excellence of SA,Finance & Business Services,012 547 6243,,"Welcome to ASESA

Active Service Excellence South Africa (ASESA) has been operating as a toll free hotline service provider since 1999. The hotline is designed to gather valuable intelligence, concerning service related deviations that impact negative..."
Wubbeling Engineering (Pty) Ltd,Infrastructure & Construction,012 541 2237,,
WOZANI IoT SOLUTIONS,Communications (ICT),083 675 9146 / 012 343 1685,,"Wozani – IOT Solutions:
Business development, Resourcing and account management, brings together products, solutions, and partners, within the IOT Industry through&nbsp;SMART-biz4all&nbsp;making business, factories, construction sites, mines and homes et..."
Wise Design Africa,Engineering Services,012 541 0924,,
Xmets Security,Safety & Security,(076) 461-0302,,
Yendelela Engineering,Professional Services,132 350 079,,
Wilna Joubert Consultancy,Finance & Business Services,082 7858 288,,
Young Minds at Work,Education,(079) 682-1081,,
Zamori (Member),Engineering Services,125 433 487,,
AccTech Systems,Communications (ICT),086 111 1680,,
About IT Pretoria,Communications (ICT),(012) 460-1003,,"&nbsp;
Founded in February 2003 and with its&nbsp;head office&nbsp;based in Gauteng, South Africa, the About IT Group has grown in leaps and bounds establishing branches in Pretoria, Johannesburg, Port Elizabeth, Nelspruit, Bloemfontein, Durban and the W..."
ABE Fire Consultant,Finance & Business Services,082 730 1782,,
Zizwe Opencast Mining (Pty) Ltd,Coal,(013) 235-2688,,
Pro Admin (Member),Property Management,(012) 481-6060,,Within twenty years Pro Admin has grown to be a market leader in property management in South Africa. The company engaged in a continuous quality management process in terms of the requirements of the INTERNATIONAL STANDARDS ORGANISATION. During 2008 we a...
Omnival Valuations Pty (Ltd),Professional Services,(012) 335-4993,,
Rainbow Junction,Property Management,012 548 6270,,"Welcome to Rainbow Junction
Rainbow Junction is a 140ha premier, mixed-use, modern lifestyle and business development nestled in the foyer of the City of Tshwane, only 6 km north of Pretoria's CBD.
With excellent access to all major arterial roads, rail..."
Redefine Properties,Developers,011 283 0182,,"We're not landlords. We're people.
Redefine is a trusted partner in the property market, with a focus on owning, managing and developing quality property. We continue to grow our diversified portfolio and are one of the largest listed property companies..."
Property Development Financial Feasibility Consultants,Property Developers,(082) 457-8913,,"PDFF Consultants is a firm of Quantity Surveyors managed by Professionals with expertise in Property Consulting, Property Development and Construction Industry
Our Company was formed with the mission of understanding our client’s business as well as thei..."
Zero Plus Developments,Property Developers,,,
Brooklyn Property Group,Property Developers,,,
Atterbury Property,Developers,,,
Sharon Christian College,Research & Knowledge,012 804-4262,,
Woodhill College,Research & Knowledge,012 998 1774,,
Waterkloof Christenskool College,Research & Knowledge,081 333 5158,,
Universal College Outcomes Pretoria,Research & Knowledge,012 321 2780,,
Tyger Valley College,Research & Knowledge,012 809 2879,,
TSHWANE NORTH TVET COLLEGE,Research & Knowledge,012 401 1727 / 1961,,
Thuto Bophelo Nursing Academy Pty Ltd,Research & Knowledge,0861 687 7464,,
THE MONTESSORI ACADEMY AND COLLEGE,Research & Knowledge,012 996 0855,,
Susca Watts Beauty Academy,Research & Knowledge,083 276 5557,,
Summat College: Pretoria,Research & Knowledge,012 323 0201,,
Star College Pretoria,Research & Knowledge,012 807 2346,,
Srq Ambulance Training College Cc,Research & Knowledge,0860 102 214,,
Shepperd Academy,Research & Knowledge,012 320 8334,,
Sedcocollege,Research & Knowledge,012 753 3753,,
Saint Alban's College,Research & Knowledge,012 348 1221,,
SA College School,Research & Knowledge,012 326 1461,,
Rostec Technical Fet College,Research & Knowledge,012 320 8078,,
Rosebank College Pretoria Campus,Research & Knowledge,012 320 7270,,
Princess Park Secondary School & College,Research & Knowledge,012 324 5075,,
Princess Park College,Research & Knowledge,012 324 5074,,
Pretoria Technical College,Research & Knowledge,012 320 3600,,
Prestige College,Research & Knowledge,012 711- 8600,,
PCD College,Research & Knowledge,012 335 5793,,
OAKFIELDS COLLEGE,Research & Knowledge,012 361 0416,,
New Dawn College,Research & Knowledge,(012) 270-3659,,
MSC Business College,Research & Knowledge,(012) 322 2800,,
Menlyn Technical College,Research & Knowledge,012 320 8985,,
Lyceum College,Research & Knowledge,012 320 0390,,
Loreto Convent School,Research & Knowledge,012 326 6342,,
KINGS & QUEENS COLLEGE,Research & Knowledge,012 752 8975,,
Jintek Varsity College,Research & Knowledge,012 320 2455,,
JEPPE COLLEGE of Commerce & Computer Studies,Research & Knowledge,012 323 5927,,
Intec College,Research & Knowledge,012 352 9000,,
Inscape Education Group,Research & Knowledge,012 346 2189,,
EDUSA College,Research & Knowledge,012 320 4747,,
Ed-U-College Secondary School,Research & Knowledge,012 323 0413,,
DSDC COLLEGE OF SA,Research & Knowledge,012 323 5962,,
Denver College,Research & Knowledge,012 320 4339,,
Dansa International College,Research & Knowledge,012 320 4677,,
CTI Education Group,Research & Knowledge,012 348 3060,,
Crawford College,Research & Knowledge,012 343 2257,,
Crane International Academy,Research & Knowledge,013 656 2614,,
Cornwall Hill College in Irene,Research & Knowledge,012 667 1360,,
CORNERSTONE COLLEGE,Research & Knowledge,012 804 8350,,
COLLEGE SA,Research & Knowledge,080 021 2322,,
COLLEGE CAMPUS,Research & Knowledge,(012) 343-2504,,
Churchil Resource College,Research & Knowledge,012 767 8870,,
BRITISH INTERNATIONAL COLLEGE,Colleges,012 343-5237,,
Boston City Campus & Business College,Research & Knowledge,012 343 1731,,
Boekenhoutkloof Traffic College,Research & Knowledge,012 372 8000,,
Anchor Christian Academy,Research & Knowledge,012 800 2387,,
Akademia,Colleges,086 122 2888,,"ABOUT Akademia
With the advent of the information revolution, the education and training landscape not only domestically but worldwide undergo drastic changes.&nbsp;Where higher education traditionally been reserved for a few lucky ones are there today i..."
Pretoria Institute of Architects (pia),Associations,012 346 1051,,"The Pretoria Institute for Architecture (PIA) is a Voluntary Association recognised by the South African Council for the Architectural Profession (SACAP), and is a ‘Regional Institute’ of the South African Institute of Architects.
The PIA has its origins..."
Massage Onsite,Health & Medical,(012) 751-6707,,
Annique (Jennifer Greyling),Health & Medical,072 202 2416,,
"Gemoedsrus,Exhibitions and Motors",Servicing,(012) 993-1813,,
Nedbank Ltd,Financing,(012) 436-7000,,"Your dedicated business manager is the interface between you and Nedbank and will act as your primary point of contact for all your personal and business banking needs, providing you with relevant solutions, which reflect our in depth understanding of you..."
Standard Bank Tshwane,Finance & Business Services,011 721 6992 / 011 721 7728,,"Personal banking
Whether you want to transact, save or borrow, we have the financial solution for you. With innovative products and services designed to evolve with your changing needs.&nbsp;
Business banking
As South Africa&rsquo;s leading Busines..."
Agri Skills Transfer Pty Ltd,Skills Development,012 460 9585,,"Welcome To Agri Skills Transfer
Agriskills Transfer was established in 2004 for training mainly in the Agricultural Sector (Primary and Secondary).
Agriskills Transfers training is developed on the SAQA system. We took a business decision to align with..."
Miadi Consulting,Skills Development,(082) 776-5511,,"Arie Penning is a registered Industrial Psychologist and completed his Masters Degree at the University of Pretoria in 1988. Arie started his own company, Miadi Consulting, in 2006 after spending 21 years in the Financial Sector. Being a generalist for mo..."
iThemba,Skills Development,,,
BPC HR Solutions,Skills Development,012 807 2504,,"Recruitment and Skills Development Training Consultants
BPC HR Solutions has been established in 2002 and is currently registered as a Private Further Education &amp; Training College.
We provide the following comprehensive, integrated and specialist co..."
Mooirivier Beskerming Pretoria,CCTV,(012) 546-0373,,"We provide Cutting edge Electronic CCTV Security Systems catered to the customers own specific needs We are know for our dedicated service, hands-on management and affordable rates with many years of experience in the security industry. Mooirivier Beskerm..."
Nceda Business Technologies,CCTV,012 003 2966,,"ABOUT US
NCEDA Business Technologies was established in 2009 with the aim of creating, improving and managing intelligent business technologies. Our vision is to become one of the leading service providers in Africa that support businesses through innova..."
Kgwebong Consulting,Broadcasting,082 663 5389,,"Established in 2012, Kgwebong Consulting (Pty) Ltd is a 100% black owned and managed enterprise. Kgwebong Consulting (Pty) Ltd is a multi-service provider of a wide range of technical consulting and support services across various business sectors. We pro..."
RBJ Marketing Solutions,Marketing & Networking,(012) 460-0246,,"Welcome to RBJ Marketing Solutions
RBJ Marketing Solutions is a new age marketing service enterprise, which prides itself on providing effective Marketing solutions to both Corporations and Brands alike.&nbsp;
Our unique service offering is tailored in..."
Jasmine Palace,Restaurants,012 998 6233,,
Isabella's Cake & Food Shop @ Waterkloof,Restaurants,012 346 0477,,
Imagine Cafe,Food & Beverage,082 874 6456,,
Hillside Tavern Grill,Food & Beverage,012 348 1402,,
Gourmet Exposure,Food & Beverage,012 663 3373,,
Gambinos,Food & Beverage,(012) 329-7666,,
fishaways,Restaurants,012 702 7431,,
Ed's Diner,Restaurants,012 99 888 02,,
Downtown Restaurant,Food & Beverage,012 841 4130,,
Doppio Zero - Hazeldean,Food & Beverage,012 809 1149,,
DK Gourmet Burger & Craft Beer Bar,Food & Beverage,012 771 3444,,
Die Stoep Restaurant,Restaurants,013-932 5101,,
Die Bos Restuarant en Pub,Food & Beverage,079 777 6125,,
Debonairs Pizza (WonderPark),Restaurants,012 549 4876,,
Tshidiso Tours,Tours,011 042 5113 /078 539 7641,,
Stone Cradle,Tours,073 266 2555,,
Skyline Commute & Shuttle,Travel,081 858 7750,,
ManCave,Travel,,,
Jennifer Cole Travel Counsellors,Tours,084 637 1157,,
DitshabaTravel,Tours,012 654 2902,,
Bush Whisper Expeditions CC,Tourism & Events,082 377 0085,,
Cuppa Volta,Food & Beverage,012 653 1263,,
Wispering Oak Garden Café Restauran,Restaurants,012 734 2496,,
Vila Nova,Food & Beverage,(012) 548-3904,,
Tranna Indian - Silver Lakes,Restaurants,012-809 1952,,
Tolbos Country Shop and Restaurant,Food & Beverage,042 283 0437,,
The Cockpit Brewhouse,Restaurants,012 734 0656,,
Lucky BREAD Company,Tourism & Events,012 346 0979,,
Studio 14 Tea Garden and Gallery,Liqour Distributors,(079)8658454,,
Destiny Lodge,Functions & Events,,,
Status Controls CC t/a Jamii,Restaurants,012 803 1173,,
Solera Restaurant & Bar,Food & Beverage,(012) 772-4768,,
Youth Skills Intergration,Functions & Events,,,
Roving Cusine,Restaurants,061 104 4337,,
Rosemary Hill,Restaurants,012-802 0052,,
Roman's Pizza,Restaurants,012 790 6467,,"&nbsp;A world-class business destination in Tshwane &nbsp;
A trailblazing first for South Africa, The Maslow Time Square features a variety of hotel accommodation all under one roof. Located in the heart of the technologically advanced Menlyn Maine Preci..."
RAFTERS,Tourism & Events,012 480 0347,,
Prosopa,Tourism & Events,012 460 1663,,
Pride of India,Tourism & Events,012 346 3684,,
Piza é Vino 4 Ever - Waterkloof,Tourism & Events,012 346 5119,,
Piacere Restaurant Cullinan,Food & Beverage,082 203 9746,,
Panarottis Pizza Pasta Wonderpark,Tourism & Events,011 287 5300,,
Oppiplaas Restaurant,Restaurants,012 333 2117,,"Waar gaste Vriende word” /“Where guests become friends”
A venue for the whole family with a rich history in culture and values. Oppiplaas restaurant is situated in the heart of the Jacaranda city and boasts a menu and venue filled with tradition and atmo..."
Ocean Basket,Food & Beverage,013 932 2644,,
O'Galito,Food & Beverage,012 997-4164,,
Nuvo Cuisine,Food & Beverage,082 776 2502,,
Elize Mare Photography,Functions & Events,082 835 4724,,
Nando's Pretoria North,Food & Beverage,011 808 5700,,
Mo-Zam-Bik Restaurant - Silver Lakes,Tourism & Events,012 817 2014,,
Meet on Milner,Tourism & Events,083 627 8172,,
Jimro Spitbraai,Food & Beverage,011 206 1881,,
Magalies Mountain Lodge,Food & Beverage,086 556 3730,,
Waterkloof GuestHouse,Guest Houses,012 346 1791,,
Waterhouse Guest House,Guest Houses,012 343-7350,,
Tussen-I-Bome,Tourism & Events,082 511 1169,,
Tuishuis Lodge (Member),Lodges,083 284 0673,,
The Willows Country Lodge,Tourism & Events,012 807 4100,,
THE NEW MAROELA HOTEL,Tourism & Events,012 546 0505/6,,
The Monte Carlo Bed and Breakfast,Tourism & Events,012 667 1155,,
Le Pate A Choux Bestro And Consectioners,Cullinan,,,
The Lakes Boutique Lodge,Hotels,012 809 0423,,
The Farm Inn,Lodges,012 809 0266,,
The Falling Feather Inn,Tourism & Events,072 223 6511,,
The Elegant Lodge Menlo Park,Lodges,012 346 6460,,
The Bushbaby Inn,Guest Houses,012 804 9239,,
The Angels Place Boutique Hotel,Accommodation,012 997 7018,,
Temple Hemdrik,Tourism & Events,082 786 5071,,
Swallows Rest Guest House,Accommodation,012 345 1617,,
SUN1 Pretoria,Tourism & Events,012 323 8331,,
Spa Beau,Accommodation,012 460 7223,,
Southern Sun Pretoria,Tourism & Events,012 444 5500,,"WELCOME TO THE SOUTHERN SUN PRETORIA
Exceptional Service At One Of Pretoria’s Leading Hotels
Located in South Africa’s administrative capital, our Pretoria hotel is the perfect blend of elegant design and traditional hospitality. The hotel is popular am..."
Sinkshack Guesthouse,Guest Houses,078 741 7597,,
Silverlakes Guest House,Tourism & Events,079 090 1855,,
Silver Palms Guest House,Guest Houses,082 929 9192,,
Sheraton Pretoria Hotel,Hotels,012 429 9999,,
Sgegede Lodges & Tours,Lodges,012 377 3332,,
Royal Elephant Hotel & Conference Centre,Accommodation,012 658 8000,,
Riverside Castle,Accommodation,071 602 6285,,
Pumulani Lodge,Tourism & Events,012 819 1531 / 012 819 1525,,The farm house built at that time still graces the premises with its presence to this day. Eventually the farm was subdivided and the current area called Pumulani. Pumulani the venue facility is currently owned by Suzette Lerm. A Place of Rest is exactly...
Private Accommodation Office,Guest Houses,012 362 5112,,
Pretoria Backpackers,Accommodation,012 343 9754,,
Premier Hotel Pretoria,Accommodation,012 441 1400,,
Picture This - Pretoria North Lodge,Tourism & Events,012 546 1954,,
Peter's Guesthouse,Tourism & Events,012 807-1804,,
Oxbow Country Estate,Tourism & Events,013 932 8000,,
OuKlip Game Lodge,Tourism & Events,071 313 5380,,
Oczars Residential Place,Accommodation,012 805 6344,,
Nokeng Eco Lodge,Accommodation,072 385 2441,,
Ndlovu Lodge,Guest Houses,012 809 0432,,
N&A SELF CATERING GUEST HOUSE,Guest Houses,012-364 2617,,
Mvubu Lodge,Accommodation,082 923 3063,,
Mr Mahlangu Bed & Breakfast,Tourism & Events,012 711 0330,,
Mooiplaatsie Country Estate,Tourism & Events,012 809-1199,,
As greek as it gets,Cullinan,,,
Monte de Dios,Guest Houses,071 100 3305,,
Mongena Game Lodge,Game Lodge,012 711-8920,,
Mmakosha Lodge,Game Lodge,087 135 0101,,
Masela's Guest House,Guest Houses,012 346 0821,,
Magalies Mountain Lodge,Accommodation,086 556 3730,,
Lombardy Boutique Hotel & Conference Venue,Tourism & Events,087 725 5588,,
Loodswaai Game Ranch,Tourism & Events,082 083 9424,,
Lizvilla Guesthouse,Tourism & Events,012 541 3121,,
Brooklyn Conference Centre,Tourism & Events,012 346 6589,,"Conference Centre &amp; Meeting Rooms
Brooklyn Conference Centre is an unique venue situated in the heart of Brooklyn, Pretoria.
It is the ideal function venue and is the perfect setting for conferences, small meetings, training, corporate functions and..."
Lil's Place Guest House,Guest Houses,073 675 9096,,
levingston student accommodation,Accommodation,012 793 0278,,
Leriba Hotel and Spa (Member),Hotels,Leriba Hotel and Spa,,
Leopardsong Game Lodge,Tourism & Events,078 804 3393,,
Kwalata Game Lodge in Dinokeng Game Reserve,Tourism & Events,012 711 8200,,
Kloof B+B,Tourism & Events,(082) 923 3730,,
Kelkiewyn B&B,Tourism & Events,012 347-7644,,
Kaia Manzi Resort,Tourism & Events,013 932 3140,,
Jopasso Guest House,Accommodation,012 807 0902,,
Isiphiwo Guest Lodge,Lodges,079 876 3236,,
Hotel224,Tourism & Events,012 440 5281,,"The Hotel 224 was established in 1987 and through the years it has become the leader in budget accommodation in Pretoria, offering the visitor exceptional service and quality at a fractional rate.
Centrally situated in Arcadia, Pretoria's premier budget..."
Holiday Inn Express Pretoria - Sunnypark,Hotels,012 444 1000,,
Hengelaars Vriend-Oord,Tourism & Events,012 819 1130,,
Guesthouse Association Of Tshwane,Guest Houses,(073) 387-0762,,
G A TS Tour Operator,Tourism & Events,(012) 346-3410,,
French Manor Guest House,Guest Houses,082 735 2275,,
Forever Resorts Centurion Hotel,Hotels,012 644 6000,,
Figa Lapa Guest House and Tours,Guest Houses,012 335 4230,,
Farmers Folly Guest House,Guest Houses,012 348 3449,,
Edelweiss Corporate Guesthouse,Guest Houses,012 567 4709,,
Delarey House,Guest Houses,012 035 0555,,
De Zoete Inval Guest House,Accommodation,012 998-8081,,
Oppistasie Restaurant,Tourism & Events,,,
Cullinan Diamond Inn & Spa,Lodges,012 734 1810,,
Bushmans Rock,Tourism & Events,083 778 5360 / 079 877 9085,,"Bushman's Rock is situated just 10km outside Pretoria in the Gauteng province of South Africa. A Bush Lodge with easy access to the main centres in Gauteng, makes this luxurious lodge a chosen destination for function venues near Pretoria, weekend getaway..."
Cricklewood Manor Boutique Hotel,Hotels,012 460 8225,,
+27 Café,Tourism & Events,012 362 4975,,
Court Classique Suit Hotel,Accommodation,012 344 4420,,
Constantia Manor Guest House,Guest Houses,012 993 0790,,
Colosseum Suites Luxury Hotel,Accommodation,012 320 5120,,
City Lodge Hotel Lynnwood,Hotels,012 471 0300,,
Chukuru Lodge,Lodges,082 567 0723,,
Centurion Business Hotel,Hotels,082 369 2011,,
Castello Di Monte,Hotels,012 346 6984,,
Casta Diva,Accommodation,012 542 4449,,
Casa Toscana Lodge,Accommodation,012 348 8820,,
Bronx Guest house,Guest Houses,083 602 1433,,
Alpine Attitude Boutique Hotel & luxury apartments,Hotels,012 348 6504,,
African Pride Irene Country Lodge,Lodges,012 667 6464,,
African Cave Lodge,Game Lodge,081 566 4848,,"African Cave Lodge is situated in a rural village of Hammanskraal. As a major and unique Tourist attraction centre, African cave Lodge comes with a difference, the Caves, the mountainous infrastructure, the waterfalls, and the tranquility of natural sound..."
Accommodation @ the Paddock,Guest Houses,012 549 5820,,
A Bed Above,Guest Houses,(086)509-9233,,
Vallee de Misty Guest House,Guest Houses,012 347 0671,,
Purple Trumpet Guesthouse,Accommodation,(0) 12 346 5121 / (0) 12 346 5170,,"AB de Villiers
It has been a lifelong dream of SA cricketer AB de Villiers and his brother Jan de Villiers to open a guesthouse catering to the needs of local and international travelers. After careful consideration they decided that Waterkloof wou..."
Opikopi Guest House,Accommodation,083 302 1899,,
Jennifer Cole Travel Counsellors,Travel,084 637 1157,,
Busted Knuckle Garage,Tourism & Events,,,
1322 Backpackers International,Tourism & Events,012 362 3905,,"&nbsp;About Us



Set in the bustling suburb of HATFIELD – PRETORIA EAST, this well-established family-owned &amp; run business has been welcoming guests since 2005.Only a 10 minute walk to Hatfield Square, Restaurants, most Embassies, Shops etc. and..."
Uitkyk Vleis- en Supermark,Retail,,,
The Gasboys Menlyn,Retail,,,
Montigroei Distributors,Retail,,,
Jewelry,Retail,,,
Hubbly Hub,Retail,,,
Hirsch's Centurion,Retail,,,
Antiques and Collectables,Retail,,,
Annique Independent Consultant,Retail,,,
Accu-Truss,Retail,,,
Citadel INVESTMENT Investment Management,Banking,012 470 2500,,"DISCOVER THE TRUE WORTH OF YOUR WEALTH
Citadel is a specialist wealth manager who helps clients explore the true potential of their hard-earned money. We achieve this through character-rich engagement and strong relationships based on mutual respect and..."
Grofin,Finance & Business Services,012 998 8280,,GroFin&nbsp;is a pioneering development financier specialising in financing and supporting small and growing businesses (SGBs) across Africa and the Middle East. We combine patient capital and specialized business support to grow emerging market enterpris...
Mc Carthy Toyota Centurion,Spare parts,(012) 653-9400,,
Hyuandai Pretoria,Spare parts,012 665 0013,,"Hyundai Automotive South Africa (Pty) Ltd
Hyundai Automotive South Africa in partnership with Motus Corporation will ensure that the needs of all our customers are met and that the highest level of service is provided. Hyundai SA will ensure that every a..."
Supa Quick Rosslyn,Wheels,(012) 751-1331/2,,"Thank you for choosing Supa Quick auto fitment centres; your professional full-service auto tyre fitment centre that offers premium service, coupled with our trusted expertise in tyres, batteries, shocks and exhausts. When you walk through our doors you a..."
Shell Ntati Motors,Automotive,012 541 0278,,"Shell is an integrated energy company that aims to meet the world’s growing demand for energy in ways that are economically, environmentally and socially responsible.
Shell is a global group of energy and petrochemical companies.
Our operations are divi..."
McCarthy Audi,Pre-owned Vehicles,(012) 300-8300,,In association with other Bidvest Divisions it also offers vehicle finance and insurance options as wel Audi Driving Experience Driving an Audi just got better The harnessed power of a mighty engine at your fingertips. The thrill of agility and performanc...
Mind Power,Employee Wellbeing,012 670-9786,,"John Broome is the founder of Mind Power, a business dedicated to developing human potential.
Each of his programmes is based on the boundless potential that is the hallmark of human life, and designed to produce the fastest, safest, surest results obtai..."
Essential Living CC,Training & Development,(079) 329-7334,,
The Herbalist,Health & Medical,,,
Workforce,Cullinan,,,
Glamako,Health & Medical,,,
Carina Avenant Audiologist,Health & Medical,,,
Cullinan Pharmacy,Cullinan,,,
Discovery Financial Advisor,Cullinan,,,
Logix Leak Detection,Plumbing,(012) 549-4162,,Leak detection in underground water pipes ( Correlation and Gas) Water Management systems PRV's ( pressure reducing valves) AMR ( Automatic meter reading system) Logging of water meters to determine Night Flow and usage. Water saving systems Supply of wid...
JQSN Business Enterprise,Building Services,(012) 703-2092,,
City Property,Property Developers,012 319 8700,,"As a leading property company, our success not only lies in the onsite management and maintenance teams that care for our properties and its tenants but also the administration staff. This includes friendly call centre staff, customer care, leasing and bi..."
Michelangelo Technology,Waste Management,012 332 3230,,"Michelangelo Technology is delivering tomorrow's green promise today. We believe in prosperity through growth of the green economy with sustainable solutions that are environmentally friendly and cost effective.
Energy &amp; Water Saving
Is your municip..."
Pretoria Primal Traders,Agriculture & Environment,012 386 7500,,
New GX Capital Holdings,Home & Garden,012 308 3000,,
Epol,Agri,012 386 0469,,
Goodina wildsboendery,Cullinan,,,
Top Tiles,Building Services,012 542 6049,,"TOPTILES are renowned by architects for their beauty and durability. A roof crafted from TOPTILES roof tile typically lasts for generations, and is backed by the industry's most comprehensive warranty program. TOPTILES supply a range of concrete roof tile..."
Titans,Developers,,,
Thabiso Mmetse Trading And Projects,Health & Medical,,,
Go Get It Logistics,Cullinan,,,
Office Objects SA (Pty) Ltd,Infrastructure & Construction,012 342 2501,,"At Office Objects we offer a comprehensive turn-key interior solution to our clients in the corporate office environment. From empty shell to finished product,&nbsp;we do it all.
Our comprehensive turn-key&nbsp;services can be summarized as follows, but..."
Nyeleti Consulting,Engineering Services,012 361 3629,,"CBC BUSINESS OF THE YEAR WINNER 2018&nbsp;
Welcome to Nyeleti Consulting
As a black-owned South African consulting engineering company we specialise in most civil engineering infrastructure fields, specifically structural, water and transportation engin..."
MPO Plumbing,Infrastructure & Construction,074 178 2094,,
MidCity Property Services (Pty) Ltd,Property Developers,(012) 426-3400,,"MidCity has taken on a holistic approach to providing our clients with a unique and innovative service offering, hence the reason for our slogan HOLISTIC PROPERTY SOLUTIONS. We also believe in innovation and have implemented state of the art IT systems to..."
McLachlan Du Plooy Gauteng Pty. Ltd,Professional Services,(012) 803-3620,,"As a company McLachlan du Plooy Gauteng (Pty) Ltd are continuously gearing itself to face future challenges and at a time when we are all becoming increasingly environmentally conscious, we acknowledge that the role of the quantity surveyor will be even m..."
Khanya Engineering,Professional Services,(013) 656-5058,,"KHANYA ENGINEERING SERVICES&nbsp;CC.Sells:Boilers,Check Valves,Forgings,Grinders (Tools), Other,Grinding Wheels,Grinders (Tools), Other,Tools,"
Industrialbat cc,Estate Agents,012 541 1818,,
ICCS (Trading as Volembo Plumbers),Plumbing,012 541 0785,,
GB Square (PTY) LTD,Carpentry,082 552 6457,,"GB Square (Pty) Ltd is a name synonymous with build‐to‐suit interior contracting. Launched in 2005 the company
has grown beyond expectations to include a wide variety of projects ranging from small tenant renovations, upmarket
housing, drywall partition..."
Enlightenment,Electrical,078 553 4001,,Enlightenment is concerned with the installation and general maintenance of electrical components. We have for example serviced some of the City of Tshwane's buildings in upkeep of their electrical systems.
CLV Properties,Developers,012 482 6606,,"ABOUT US

From Apartment Rentals to Home Buying to Investment Management
For over 45 years CLV Group has been helping renters and home owners find the perfect place to call home. From heritage styled apartments in historic areas of cities to amenity fi..."
Bafkho projects,Carpentry,012 751 6630,,
AVD Projects,Building Services,082 795 1878,,
Amazing 5,Professional Services,083 313 1370,,
AI2SA,Building Services,(012) 348-6124,,All Industrial control and production systems projects have two macro phases. The 1st is the Tender Process and relates to every aspect that occurs prior to 2nd phase being Implementation. Feasibility studies may occur many years ahead of possible project...
Zibonele General Cleaning Services,Finance & Business Services,072 574 3389,,
Xpedia Consulting,Finance & Business Services,012 667 2970,,
West Park Spar,Finance & Business Services,012 386 5534,,
Ulanga Industrail Resources,Finance & Business Services,(012) 803 7087,,
The Source,Finance & Business Services,(082) 653-8542,,
The Interface Financial Group,Finance,012 997 1254,,"ABOUT US
With over 150 offices and over 40 years in business, IFG is ready to meet your short-term funding needs. Each IFG location is managed on a local level, providing immediate service to our clients with local knowledge and experience.
Providing ca..."
Standard Bank Rosslyn,Banking,0860 123 000,,"Personal banking
Whether you want to transact, save or borrow, we have the financial solution for you. With innovative products and services designed to evolve with your changing needs.&nbsp;
Business banking
As South Africa&rsquo;s leading Business Ba..."
Spectacle Warehouse Lifestyle,Finance & Business Services,012 937 1498,,
Sirdar Group,Finance & Business Services,021 276 0540,,
Seda Automotive Technology Centre,Finance & Business Services,(012) 700-0699,,"SATeC Products &amp; Services Help with business basics Networking activities Marketing assistance Mentoring and Coaching Help with accounting/financial management Access to bank loans, loan funds and guarantee programs Help with presentation skills Links..."
Prof Gary Ferreira,Finance & Business Services,(079) 529-1376,,"Develop, execute and manage business strategies, plans and initiatives Strategic planning, advertising and direct marketing, CRM, database management and branding Conceptualise, develop and modify complicated business models Business Leadership Consulting..."
PAR Excellence,Finance & Business Services,076 961-8968,,
My Venture Capital,Finance,(082) 554-9315,,
Maletchaba Human Capital,Finance & Business Services,(012) 661-5007,,
Len Loeve,Finance & Business Services,012 358 3219,,
iThemba Training and Development,Human Resources,012 998 0809,,"iThemba established itself as a Training and Development Consultancy early in 1988. Its initial focus was on Recruitment, Selection and Secretarial training. Subsequently, the demands to address a broader spectrum in Human Resources development has shown..."
Inovizion (Member),Coaching & Mentoring,(082) 568-8781,,
Hlunga Group of Companies (PTY)LTD,Human Resources,011 656 1246,,"Hlunga has 13 years of experience and worked across a variety of industries within government, parastatals and corporate sectors. What you can expect from our service offerings: Highest level of ethical compliance. Sufficient administrative and profession..."
Genesis Projects & Services,Human Resources,012 541 3878,,
FUTURENT Consulting Solutions (Pty) Ltd,Finance,(012) 804 5066,,FUTURENT Consulting is a management consulting company. We deliver products and services along 3 service lines: - Consulting Services - Performance Improvement - Business Process Outsourcing
First National Bank Rosslyn,Banking,012 541 1555,,
F. D. P. Municipal,Finance & Business Services,084 518 6780,,"Fanus du Plooy Municipal Facilitators is there to render fast and professional service to Architects, Estate Agents, Developers, Letting Administrators, Lawyers as well as to private individuals.
We render the following services to the property industry...."
Experiental Technologies,Human Resources,(012) 997-3213,,
Employinsight,Human Resources,0834411810,,"At EmployInsight we offer our holistic approach and expertise to empower you on your journey towards Saving Money and Excelling in Business by making sure you hire and retain the best people.
Who are the best people? Those who have the skills, expertise,..."
Efficient Group,Financial Solutions,087 944 7999,,"The Efficient Group is a diversified financial services group focused on delivering a range of our own and associated products and services to both retail and institutional clients. We place our clients at the heart of our businesses processes, activities..."
Carfin,Finance & Business Services,0861 227 346,,"About Carfin, The Vehicle Finance Specialists
Due to the increase of record new vehicle sales of the last financial year, it is simple math that there will be an increase of used cars in the South African market.
Further research has detected that due t..."
Bridge Loans,Finance,012 322 3108,,
Bohlali Provider Support,Human Resources,012 662 1473,,"Bohlali Provider Support is a dynamic company with a passionate team of full time and freelance consultants dedicated to maximizing your organisations most valuable assets &ndash; your staff. With our highly skilled and experienced team in education, trai..."
Beeld,Publication,012-485-9048,,
BEEconsult (Pty) Ltd,Business Support,(012) 997-0834,,
Aliquot Integrated Marketing,Finance & Business Services,012 807 5022,,"In a globalized world where technology, competition and increasing regulations are standard it is crucial to optimize your return on investment and business agility.&nbsp;We provide the expertise and know how&nbsp;to create a brand that will resonate &nbs..."
African Bank,Finance,012 541 0000,,
ActionCOACH Lynnwood Ridge,Consulting & Strategies,012 0040379,,"Pieter du Plessis provides business help and business coaching services to businesses in Pretoria, Gauteng. Do you want to be a great performer? Then it's time to connect with Pieter now.
As the world of business moves faster it is difficult to keep up w..."
267 Two Thousand Consultants,Consulting & Strategies,(012) 547-4646,,
Emjay Trading Enterprise,Cullinan,,,
Easy find Cullinan,Cullinan,,,
Black Business Council,National Chambers,,,"&nbsp;The Black Business Council (BBC) is the over-arching confederation that represents black professional, business associations and chambers. The primary purpose of the BBC is to lobby government on policy related matters and to play an advocacy role w..."
Teuntin Electrical Services,Infrastructure & Construction,012 541 9059,,
Youth 911,Education,,,
Uhlanga Industrial Resources,Construction,,,
Tsakama Project and Trading,Construction,,,
Tikai cc,Cullinan,,,
Thery's Salon,Cullinan,,,
The skills Matrix,Training,,,
Thabom308,Financing,,,
Tabitha Fashion Designer,Manufacturing,,,
Success Media Solutions,Media,,,
Solomon T/A Soccer School,Training & Development,,,
Sinacplastics,Cullinan,,,
Show Me Pretoria,Websites,,,
Sfiso's Company,Copying & Printing,,,
Schauenburg systems,Cullinan,,,
Rostock Engineering,Engineering,,,
Renelia Mobile Spa,Cullinan,,,
Refilwe SDA,Skills Development,,,
Rebirth Coaching and Mentoring Practice,Coaching & Mentoring,,,
RBI Mining Consulting Technologies,Cullinan,,,
Promouh,Manufacturing,,,
Premier African Jewellers,Manufacturing,,,
PJ (Plain Jain) Projects,Manufacturing,,,
Petra Cullinan Diamond Mine,Cullinan,0123052213,,"TheCullinan mine is an underground diamond mine owned by Petra Diamonds. The mine is situated 40 kilometres east of Pretoria, Gauteng Province, South Africa, it is the home of the most celebrated diamond which is now in the possession of Queen Elizabeth!&..."
Once Upon a Time Book shop,Cullinan,,,
Oak Avenue Hair & Beauty Salon,Cullinan,,,
Oagile Trading Enterprise,Corporate Cleaning,,,
Mickey's Company,Manufacturing,,,
MOVE,Cullinan,,,
Moto Shed Simple Tradesman,Cullinan,,,
Mbewe Legancy,Engineering,,,
Hannes Geldenauys Trust,Cullinan,,,
MAG Creations,Cullinan,,,
Lumang,Cullinan,,,
kyalami Cleaning Services,Cullinan,,,
KWD FEEDS,Cullinan,,,
Africa Guest House,Centurion Business Forum,012-663 5319,,
Kufunya Holdings,Cullinan,,,
Japhta Mmako,Cullinan,,,
Izimmbali Skills Development and Projects,Cullinan,,,
Initiative Management Services,Cullinan,,,
Imfundiso Skills Development,Cullinan,,,
Hutech International Group,Cullinan,,,
HHHL Dance Club,Cullinan,,,
Hermpo,Cullinan,,,
Hannes Geldenauys Trust,Cullinan,,,
GS Projects,Cullinan,,,
Gems On Oak,Cullinan,,,
Final Touch,Cullinan,,,
F.A.Projects,Cullinan,,,
ERS Something Old Something New G.C,Cullinan,,,
Elements of Nature Trading T/A Green Bushpig safaris,Cullinan,,,
Durr Africa,Cullinan,,,
DMS Powders,Cullinan,,,
Dixie Bay Communication,Cullinan,,,
Dinokeng Zebra Safaris,Cullinan,,,
Dagutat,Cullinan,,,
Dad's Indeed,Cullinan,,,
Cullinan Trading Post,Cullinan,,,
Cullinan Sweets & Crafts,Cullinan,,,
Cullinan Kasi Diamond Crafters,Cullinan,,,
Cullinan Junction Antiques& Collectables,Cullinan,,,
Cullinan Diamonds,Cullinan,,,
Cullinan Built-it,Cullinan,,,
Cullian Tours,Cullinan,,,
Crowa Africa,Cullinan,,,
creative arts & decor,Cullinan,,,
Charlies Furniture & Electrical Appliances,Cullinan,,,
Bridetopia cc,Cullinan,,,
Brew @ Home,Cullinan,,,
BMG,Cullinan,,,
Big Mama Tavern,Cullinan,,,
Aloehealth,Cullinan,,,
Akhona Holdings,Cullinan,,,
Full Gospel Church,Cullinan,,,
Friends of the Rail,Cullinan,,,
South African Chamber of Commerce and Industry (SACCI),National Chambers,011 446 3800,,"SACCI remains the most broadly based representative national business body, not only in South Africa , but in Southern Africa , focusing primarily on national and international issues.
As the &ldquo;Voice of Business&rdquo; SACCI assists its members by p..."
GrowSA,GrowSA Membership,0125421308,,Facilitate economic growth per Industry and Region
SBI Laer Suidkus – Port Shepstone,KwaZulu-Natal,0832 618 517,,
Durban South Business Forum (Amanzimtoti),KwaZulu-Natal,0825 724 667,,
Wesselsbron  Sakekamer,Free State,0832 695 330,,
Welkom Sakekamer,Free State,,,
Theunissen  Sakekamer,Free State,0824 460 413,,
Senekal  Besigheidsforum,Free State,0834 116 710,,
SBI Bethlehem,Free State,,,
Sasolburg  Sakekamer (Bel klippies),Free State,0833 516 484,,
Philipolis Sakekamer,Free State,0000-00-00,,
Parys  Ontwikkelingsforum,Free State,0823 362 966,,
Marquard Business Association,Free State,,,
Maletswai Business Forum,Free State,0824 427 059,,
Ladybrand  Sakekamer,Free State,0825 507 736,,
Hopetown  Sakekamer,Free State,0849 889 088,,
Gariepdam Sakekamer,Free State,0718 975 995,,
Clocolan,Free State,051 943 0594 / 083 408 2320,,
Bupha Chamber Of Commerce,Free State,0825 713 422,,
Bothaville Sakekamer,Free State,,,
Ahi Bloemfontein,Free State,0828 209 191,,
Sondagsrivier Sakekamer,Eastern Cape,0825 757 699,,
Graaff Reinet Kamer Van Koophandel,Eastern Cape,0829 000 359,,
Cradock Business Forum,Eastern Cape,0828 888 953,,
Tshwane North Business Forum,Gauteng,,,
SA Raad Vir Sakevroue,Gauteng,0827547274,,
Ventersdorp Chamber of Commerce,North West,0846 092 330,,
SBI Madibeng,North West,0833 204 233,,
Rustenburg Sakekamer,North West,0828 015 038,,
Potchefstroom / Tlokwe Sakekamer,North West,0825 511 625,,
Lichtenburg Sakekamer,North West,018 633 1069,,"Tydens die jaarlikse Cleaver Awards is Uitkyk Vleismark as die nasionale wenner in die Platinum kategorie, as die beste slaghuis in die land vir 2013, aangewys. Dit is egter nie die eerste keer dat hierdie slaghuis met die spog toekening wegstap nie, maar..."
Sabie Chamber Of Commerce & Tourism,Mpumalanga,013 590 5452,,"The Sabie Chamber of Commerce &amp; Tourism is a local, independent, non-profit and non-party-political organisation, funded by Membership subscriptions.
We are democratically driven by new imperatives, including democracy, economic transformation and no..."
Piet  Retief Sakekamer,Mpumalanga,0834 087 076,,
Malelane Sakekamer,Mpumalanga,0827 776 076,,
Graskop Chamber of Business & Tourism,Mpumalanga,0761 655 848,,"Graskop Chamber of Business &amp; Tourism (GCBT) is the official representative body of business and tourism in Graskop, Mpumalanga. We are the Local Tourism Organization (LTO) and are affiliated with the Kruger Lowveld Chamber of Business &amp; Tourism w..."
Thabazimbi  Sakekamer,Limpopo,0833 039 230,,The Thabazimbi Business Chamber is an apolitical business organization that accommodates all branches of organised business. Business Chamber members are all considered on an equal level. The size of the business or undertaking is not a determining factor...
Naboomspruit Chamber,Limpopo,0836 430 262,,
Kruger Lowveld Chamber Of Business & Tourism,Mpumalanga,0833 252 121,,"As the official representative body of business and tourism in the Kruger Lowveld (Ehlanzeni District), our main mandates are to promote the region as a tourism and investment destination, to provide a diverse suite of networking and marketing opportuniti..."
Pietermaritzburg Chamber of Business,KwaZulu-Natal,033 345 2747,,"The Pietermaritzburg Chamber of Business (PCB) is a voluntary association of business enterprises and came into existence on 1 August 2002 as a result of the unification of the Midlands Black Business Chamber, the Pietermaritzburg Sakekamer and the Pieter..."
Newcastle Sakekamer,KwaZulu-Natal,034 312 2959,,"&lsquo;n Sakekamer is &lsquo;n organisasie van ekonomiese aktiewe sakelui en ondernemings met die doel om &lsquo;n gesamentlike bedingingsmag te vorm, groepbelange te dien en kragte saam te snoer tot die skepping van welvaart en &lsquo;n sakevriendelike o..."
Tshwane East Business Chamber,Gauteng,01244436490,,Tshwane East Business Chamber is a non-profit organisation whose purpose is to support the growth and success of the business community in the Eastern Region of The City of Tshwane.
Randfontein Publicity Association,Gauteng,011 412 2878 / 082 565 8907,,"Randfontein Publicity Association (RPA) is a non-profit organisation that helps promote local business and also hosts the well known annual Randfontein Show, the third largest show of its kind in the country. The Randfontein Show has been recognised as th..."
Tshwabac Events Center,Local Chambers,123 271 487,,
Kroonstad Business And Tourism,Free State,056 212 3611 / 086 030 4050,,
Harrismith Forum,Free State,,,Welcome to the new&nbsp;Harrismith Forum (formerly Harrismith Business Forum)website. We are now entering into a new exciting technological era where we as Chamber of Commerce and Industry can truly add value to our members. Our new website packed with va...
Groter Johannesburg Sakekamer,Gauteng,729127978,,
Kouga Besigheidsforum,Eastern Cape,084 681 3702,,"KBF is a non-profit organisation.&nbsp;We strive to be the&nbsp;voice of business in the Kouga Region &ndash;&nbsp;Jeffreys Bay, Humansdorp, St. Francis Bay, Hankey, Patensie, Loerie and Thornhill.
KBF is focussed on ensuring the development of initiativ..."
National African Federated Chamber Of Commerce And Indu...,National Chambers,011 492 0004,,"Background The National African Federated Chamber of Commerce and Industry (NAFCOC) is an independent and non-profit business support organisation primarily, but not exclusively, serving the black communityIts main objective is to promote and encourage th..."
BMG Bearing Man Group,RossKlerk Business Forum,012 541 3663,,
Ama Wheelies,Associated Partnerships,(013) 235-0160,,
Rosslyn wholesalers,RossKlerk Business Forum,012 541 1390,,
Nocci Kimberley Noord Kaap Chamber Of Commerce,Northern Cape,0538 305 900,,
Kruger Lowveld Chamber of Business and Tourism,Local Chambers,(013) 755-1988,,
Blue Pointer Steel Office Furniture Manufacturer,RossKlerk Business Forum,012 541 2472,,"Welcome
BLUE POINTER STEEL OFFICE FURNITURE MANUFACTURER (Pty) Ltd was established in 2003 with the main aim being the manufacturing of steel case goods. Initial products manufactured included items such as Stationery cupboards, Filing cabinets, Lockers,..."
Arcadia Primary School,Primary School,0000-00-00,,
Agnes Chidi Primary School,Primary School,0000-00-00,,
H H Hub,GrowSA Membership,0844458858,,
Embassy of Serbia,Embassies,012 460 5626,,
Embassy of Poland,Embassies,012 430 2632,,
Chambers SA,GrowSA Membership,,,Chambers SA
LTG Logistics Transport Globally (Pty) Ltd,RossKlerk Business Forum,087 236 8530,,"LTG Logistics Transport Globally (Pty) Ltd is a leading international freight management and supply chain company, offering its clients a personalised service with dedicated hubs for all their global logistics and freight requirements.
The company has a..."
INDIA Embassy,Government Services,(012) 342 5398,,
BRAZIL Embassy,Government Services,(012) 366 5210,,
BELGIUM Embassy,Government Services,(012) 440 3201,,
Argentine Embassy,Government Services,(012) 342-1056,,
KENYA HIGH COMMISSION,Embassies,012 362 2249,,
High Commission Of The Republic Of Mozambique,Embassies,012 401 0300,,
High Commission of the Republic of Botswana,Embassies,012 430 9640,,
High Commission of Malawi,Embassies,012 342 0146,,
Ghana High Commission,Embassies,012 342 5847,,
Ethiopian Embassy,Embassies,012 346 3542,,
Embassy of Zimbabwe,Embassies,012 342 5125,,
Embassy Of The Republic Of Angola,Embassies,012 342 0049,,
Uganda High Commission,Embassies,012 343 6031,,
Zambia Embassy,Embassies,012 326-1847/97,,
Mauritius High Commission,Embassies,012 342 1283,,
Swaziland Kingdom of High Commission,Embassies,012 344 1910,,
Portugal Embassy,Embassies,012 341 2340 / 2341,,
Norway Embassy,Embassies,012 364 3700,,
Yemen Embassy,Embassies,012 425-0760,,
Vietnam Embassy,Embassies,012 362 8119,,
Uruguay Embassy,Embassies,012 362 6521,,
United Arab Emirates Embassy,Embassies,012  342  7736,,
U.S. Embassy,Embassies,(012) 431-4000,,
TURKISH Embassy,Government Services,(012) 342 6055,,
Tanzania High Commission Embassy,Embassies,012 342 4393 / 4371,,
Sweden Embassy,Embassies,012 426 6400,,
Royal Thai Embassy,Embassies,012 342 5470,,
REPUBLIC OF SOUTH AFRICA Embassy,Government Services,(012) 473 0183,,
REPUBLIC OF CHINA Embassy,Government Services,(012) 431 6505,,
REPUBLIC OF BELARUS Embassy,Government Services,(012) 430 7709,,
REPUBLIC OF AZERBAIJAN Embassy,Government Services,(012) 347 0670,,
Nigeria Federal Republic of High Commission,Embassies,012 342-0805,,
Namibia High Commission,Embassies,012-481-9100,,
Mozambique High Commission,Embassies,012-401-0300,,
JAPAN Embassy,Government Services,(012) 452 1500,,
Georgia Embassy,Government Services,012 346 1821 /1831,,
Embassy of Rwanda,Embassies,012 342 6536,,
Mosselbaai Besigheidskamer,Western Cape,0833 062 301,,
Morreesburg Sakekamer,Western Cape,0827 857 745,,
Malmesbury Sakekamer,Western Cape,0834 551 112,,
Lambertsbaai Sakekamer,Western Cape,0832 504 706,,
Laingsburg Sakekamer,Western Cape,0824 536 057,,
Kaap Agulhas Sakekamer,Western Cape,0826 139 183,,
Goedverwacht Sakekamer,Western Cape,0732 497 127,,
Kanna Kleinsake Ontwikkelingskamer,Western Cape,0785 221 006,,
Helderberg Afrikaanse Sakekamer,Western Cape,0818 531 535,,
Heidelberg Besigheidsforum,Western Cape,0835 735 445,,
Grabouw Sakekamer,Western Cape,0718 941 734,,
Gansbaai Sakekamer,Western Cape,0823 326 634,,
Drakenstein Sakekamer,Western Cape,0795 998 996,,
Clanwilliam Sakekamer,Western Cape,0833 284 575,,
Citrusdal Sakekamer,Western Cape,0828 740 411,,
Ceres  Besigheidsinitiatief,Western Cape,0832 288 585,,
Bonnievale Sakekamer,Western Cape,0833 866 183,,
Ahi Tygerberg Sakekamer,Western Cape,0829 045 997,,
Postmasburg  Nocci,Northern Cape,0824 163 328,,
Zeerust,North West,0731 310 803,,
Wolmaransstad,North West,0837 008 527,,
Ottosdal Sakekamer,North West,0828 283 587,,
Witbank Sakekamer,Mpumalanga,0827 565 865,,
Volksrust  /  Seme  Sakekamer,Mpumalanga,0824 157 725,,
Pilgrims Rest Chamber Of Business & Tourism,Mpumalanga,0742 761 787,,
Groter Lubatse,Limpopo,,,
Burgersfort,Limpopo,0822 578 082,,
Bela-Bela Sakekamer,Limpopo,0836 081 584,,
SBI Zululand Besigheids Instituut,KwaZulu-Natal,0829 258 880,,
Vryheid Sakekamer,KwaZulu-Natal,0837 007 847,,
Philipolis   Sakekamer,Free State,0728 571 300,,
Hlomphanang Secondary School,Research & Knowledge,0127998564,,
Dr A.T Moreosele Secondary School,Research & Knowledge,012 702 0113,,
Business Unity South Africa,National Chambers,+2711 784 8000,,"BUSINESS UNITY SOUTH AFRICA
BUSA is a non-profit company, representing organised business in South Africa. BUSA consists of 36 organisational members representing the following membership categories: unisectoral organisations, corporate representativ..."
Wallmansthal Secondary,Research & Knowledge,0127972255,,
Vukosi Primary School,Research & Knowledge,0127205199,,
Vukani Primary School,Research & Knowledge,0127903442,,
Vukani Mawethu Secondary School,Research & Knowledge,012 805-2627,,
Vlakfontein Secondary School,Research & Knowledge,012 805-2761,,
Village Montessori Private Primary School,Research & Knowledge,0126642944,,
Vezulwazi Primary School,Research & Knowledge,0139370215,,
Uthando Primary School,Research & Knowledge,0127120022,,
Veruan Christian School,Research & Knowledge,,,
Umthombo Primary School,Research & Knowledge,012 805-1613,,
Uoane Primary School,Research & Knowledge,012 801-1617,,
Umnyezane Primary School,Research & Knowledge,0732249743,,
Ukuthula Primary Farm School,Research & Knowledge,0736485592,,
Tyndale Christian School,Research & Knowledge,0123612119,,
Ubuhle-Bezwe Junior Secondary,Research & Knowledge,0127993222,,
Zivuseni Primary School,Research & Knowledge,0139300299,,
Tsibogo Secondary School,Research & Knowledge,012 701 1644,,
Tshimollo Primary School,Research & Knowledge,012 805-4217,,
Tshegofatshong Special School,Research & Knowledge,012 801-5084,,
Tsebe Ntlha Secondary School,Research & Knowledge,012 717-2721,,
Ziphakamiseni Secondary School,Research & Knowledge,0139470061,,
Tsaroga-Phoka Primary School,Research & Knowledge,0127903212,,
Tsako -thabo Secondary School,Research & Knowledge,012 8019632,,
Tomorrow's People Primary School,Research & Knowledge,012 991 5051,,
Tokyo Sexwale Primary School,Research & Knowledge,012 703 4220,,
Tlotlompho Primary School,Research & Knowledge,012 703 1011,,
Zenzeleni Primary School,Research & Knowledge,0139548526,,
Tlamaganyo Primary School,Research & Knowledge,0127981330,,
Tlakukani Primary School,Research & Knowledge,012 801-1684,,
Zakhele Primary School,Research & Knowledge,012 801-3422,,
Tiyelelani Secondary School,Research & Knowledge,0127994200,,
Tipfuxeni Combined School,Research & Knowledge,012 710-0694,,
Tim Modise Primary School,Research & Knowledge,012 703 3055,,
Tiamoko Primary School,Research & Knowledge,0127981329,,
Thutong Junior Secondary School,Research & Knowledge,0127974134,,
Wozanibone Interm Farm School,Research & Knowledge,0139321196,,
Thulasizwe Primary School,Research & Knowledge,0127998920,,
The Way Christian School in Centurion,Research & Knowledge,012 654 9204,,
Willowridge High School,Research & Knowledge,(012) 807-3423,,
The Glen High School,Research & Knowledge,012 348 8625,,
Thakgalang Junior Secondary School,Research & Knowledge,0127120070,,
Tetema Primary School,Research & Knowledge,0139321926,,
Tebogwana Secondary School,Research & Knowledge,012 700 3700,,
Target High School,Research & Knowledge,0123265093,,
Tane Primary School,Research & Knowledge,012 717-3141/710-0035,,
Sutherland High School,Research & Knowledge,0126585880/1/2,,
Sunvalley Primary School,Research & Knowledge,012 701 0297,,
Waterkloof House Preparatory,Research & Knowledge,012 460 5221,,
Sunnyside Primary School,Research & Knowledge,0123438049,,
Strauss Secondary School,Research & Knowledge,0139357010,,
Stanza Bopape Secondary School,Research & Knowledge,012 801-9207,,
ST. Josaph Kulane Primary School,Research & Knowledge,,,
St Paulus Laerskool,Research & Knowledge,012 804-9670,,
Waterkloof Christenskool,Research & Knowledge,0123451181,,
St Mary's Diocesan School For Girls,Research & Knowledge,012 366 0500,,
Varsity College,Research & Knowledge,(012) 348 2551,,
St Francis Primary School,Research & Knowledge,0125492983,,
St Anne Primary School,Research & Knowledge,012 373-8488,,
Soshanguve Technical Secondary School,Research & Knowledge,0127972118,,
Soshanguve Secondary School,Research & Knowledge,0127983968,,
Soshangaan Primary School,Research & Knowledge,012 702 2511,,
Somisanang Primary School,Research & Knowledge,012 801-1240,,
Solomon Mahlangu Freedom School,Research & Knowledge,012 801-9662,,
Sizanani Intermediate School,Research & Knowledge,0139325306,,
Sizamile Primary School,Research & Knowledge,0824188377,,
Siyokhela Primary School,Research & Knowledge,0127903206,,
Siyaphambili Primary School,Research & Knowledge,0721984039,,
Sitjhejiwe Secondary School,Research & Knowledge,0139344467,,
Siphamandla Primary School,Research & Knowledge,0127992216,,
Sinqobile Primary School,Research & Knowledge,0127931842,,
Sindawonye Primary School,Research & Knowledge,012 801-1624,,
Silverton High School,Research & Knowledge,0128046744,,
Silamba Secondary School,Research & Knowledge,0139470774,,
Sikhululekile High School,Research & Knowledge,012 717-5096/6153,,
Sikhulisile Primary School,Research & Knowledge,0725509627,,
Sikhanyisele Primary School,Research & Knowledge,083 716-3032,,
Sihluziwe Primary School,Research & Knowledge,0139300161,,
Sihlezi Primary School,Research & Knowledge,0722277731,,
Siamisang Primary School,Research & Knowledge,071 694 8549,,
Shirinda Primary School,Research & Knowledge,012 805-4114,,
Shalom Primary School,Research & Knowledge,0127911047,,
Setumo - Khiba Secondary School,Research & Knowledge,012 702 5321,,
Seshegong Primary School,Research & Knowledge,012 373-8727,,
Seroto Matshethla Primary School,Research & Knowledge,012 710-2067,,
Senthibele Senior Secondary,Research & Knowledge,0127120050,,
Semphato Primary School,Research & Knowledge,0127130811,,
Selelo Primary School,Research & Knowledge,012 702 4718,,
Seetsa-Sa-Kwedi Primary,Research & Knowledge,0127120072,,
Sediba-Sa-Tsebo Primary School,Research & Knowledge,0127901241,,
Seaparankwe Primary School,Research & Knowledge,012 373-8816,,
Seageng Middle School,Research & Knowledge,0825733277,,
Ruabohlale Junior Secondary School,Research & Knowledge,0724246091,,
Rs Maluleke Primary School,Research & Knowledge,0127991931,,
Rodney Mokoena Preparatory School,Research & Knowledge,0127911543,,
Robert Hicks Primary School,Research & Knowledge,0123291698,,
Rivoningo Primary School,Research & Knowledge,0127131110,,
Richfield Graduate Institute of Technology (PC Training...,Research & Knowledge,033 345 9813,,
Ribane-laka Secondary School,Research & Knowledge,012 801-8323,,
Rhulani Primary School,Research & Knowledge,0127991847,,
Retlilepele Primary School,Research & Knowledge,012 701 0943,,
Rethomile Primary School,Research & Knowledge,0127974829,,
Rethakgete Primary School,Research & Knowledge,012 801-1374,,
Rethabiseng Secondary,Research & Knowledge,,,
Reneilwe Primary School,Research & Knowledge,012 717-6075/3587,,
Reneilwe Adult Education School,Research & Knowledge,012 801-1385,,
Rematlhatse Primary School,Research & Knowledge,0767088313,,
Rekopantse Primary School,Research & Knowledge,012 702 4966,,
Reitumetse Secondary School,Research & Knowledge,0127994483,,
Reimolotswe Primary School,Research & Knowledge,071 302 6829,,
Refitlhile Primary School,Research & Knowledge,012 717- 2097,,
Refithlile Pele Primary School No 1,Research & Knowledge,0127911575,,
Refilwe Primary School,Research & Knowledge,,,
Refentse Primary School,Research & Knowledge,012 805-4297,,
Refano Primary Farm School,Research & Knowledge,0139325345,,
Refalotse Primary School,Research & Knowledge,072 851 3212,,
Redirile Primary School,Research & Knowledge,0127155135,,
Redibone Primary School,Research & Knowledge,0127976574,,
Reatlegile Primary School,Research & Knowledge,076 779 8009,,
Rearabetswe Primary School,Research & Knowledge,0127900929,,
Ratshepo High School,Research & Knowledge,012 717-2602/3141,,
Rapelego Primary School,Research & Knowledge,082 626 8272,,
Rantailane Secondary School,Research & Knowledge,012 703 3600,,
Ramahlale Primary School,Research & Knowledge,012 812-7870,,
Ramabele Middle,Research & Knowledge,0127199890,,
Rakgotso High School,Research & Knowledge,0127100035,,
Rakaie Thabang Primary School,Research & Knowledge,012 703 4358,,
Raikana Primary School,Research & Knowledge,0127120136,,
Radineo Primary School,Research & Knowledge,012 702 4800,,
Pulamadibogo Primary School,Research & Knowledge,0127120105,,
Pula-difate Primary School,Research & Knowledge,012 812-6045,,
Prosperitus Sekonder,Research & Knowledge,0128068769,,
Pro Arte Alphen Park,Research & Knowledge,0124606221,,
Princefield Trust School,Research & Knowledge,0123236862,,
Pretoria Technical High School (PTHS),Research & Knowledge,012 343 2357/8,,
Pretoria Secondary School,Research & Knowledge,(012) 322 9943/7/8,,
Pretoria Preparatory School,Research & Knowledge,012 362 0308,,
Pretoria Muslim Trust Sunni School,Research & Knowledge,0123743964,,
Pretoria Muslim School,Research & Knowledge,0123743185,,
Pretoria Hindu School,Research & Knowledge,0123703706,,
Pretoria High School For Girls,Research & Knowledge,012 430 7341,,
Pretoria Boys' High School,Research & Knowledge,012 460 2246,,
Phuthumani Primary School,Research & Knowledge,0119257623,,
Phuthaditshaba Primary,Research & Knowledge,,,
Phumzile Primary School,Research & Knowledge,0127972159,,
Phooko Primary School,Research & Knowledge,0828580216,,
Philemon Montsho Primary School,Research & Knowledge,079 124 5650,,
Phelindaba Secondary School,Research & Knowledge,012 373 7928,,
Pheladi-nakene Primary School,Research & Knowledge,012 805-4154,,
Phateng Secondary School,Research & Knowledge,012 801-8400,,
Phalesane Primary School,Research & Knowledge,012 710-0281,,
Phakamonola Primary School,Research & Knowledge,0127981328,,
Pepps Motheong Primary,Research & Knowledge,012 373-6201,,
Pelotona Secondary School,Research & Knowledge,012 702 2801,,
Patogeng Primary School,Research & Knowledge,012 373-8810,,
Padisago Primary School,Research & Knowledge,0127903420,,
P S Fourie Primary,Research & Knowledge,0128067238,,
P H L Moraka High School,Research & Knowledge,012 717-4106,,
Onverwacht Primary,Research & Knowledge,0127320489,,
Ntswane High School,Research & Knowledge,012 710-0003,,
Ntsha Peu Primary School,Research & Knowledge,0127991612,,
Ntsako Secondary School,Research & Knowledge,0127981005,,
Northridge Primary School,Research & Knowledge,0125675134,,
Norridge Park Primary,Research & Knowledge,0128068014,,
Nong Primary School,Research & Knowledge,012 702 4943,,
NM Tsuene Secondary School,Research & Knowledge,012 703 6339,,
Lynnwood Ridge Primary School,Research & Knowledge,(012) 348 1365,,
Laerskool Balmoral Primary School,Research & Knowledge,0136801081,,
Laerskool Akasia,Research & Knowledge,0125424767,,
Nellmapius Secondary School,Research & Knowledge,012 805-4301,,
Ndzundza Mabhoko Secondary School,Research & Knowledge,0829679899,,
Ndima Primary School,Research & Knowledge,012 805-7473,,
Ndayi Primary School,Research & Knowledge,0139467030,,
Nchuncheko Primary School,Research & Knowledge,0127120040,,
Nantes Primer,Research & Knowledge,0128067001,,
Namo Primary School,Research & Knowledge,012 715-5083,,
N'wa-vangani Primary School,Research & Knowledge,012 801-9690,,
Mveledzo Primary School,Research & Knowledge,012 801-1292,,
Mzimuhle Primary School,Research & Knowledge,0127983961,,
Musa Secondary School,Research & Knowledge,0139456875,,
Mshuluzane Mayisela Primary School,Research & Knowledge,0139370528,,
Mphumelommuhle Secondary School,Research & Knowledge,0139637037,,
Motshegofadiwa Primary School,Research & Knowledge,012 715-5198,,
Motjibosane Primary School,Research & Knowledge,012 710-1810,,
Motheo Primary School,Research & Knowledge,0118553156,,
Mosaledi Primary School,Research & Knowledge,012 717-5296,,
Morula View Primary School,Research & Knowledge,012 702 7933,,
Moretele Primary School,Research & Knowledge,0128051288,,
Morakoma Primary School,Research & Knowledge,0128050079,,
Mononong Primary School,Research & Knowledge,0128011960,,
Monaghan Primary Farm School,Research & Knowledge,011 659 2906,,
Molefe-Mooke Primary School,Research & Knowledge,012 715-5083,,
Mokonyama Primary School,Research & Knowledge,012 711-1311,,
Mogale Primary School,Research & Knowledge,0128016340,,
Moditela Middle School,Research & Knowledge,012 717-2602,,
Modiselle Primary School,Research & Knowledge,012 7003266,,
Modiri Technical School,Research & Knowledge,012 805-4751,,
Modiri Secondary School,Research & Knowledge,012 703 6408,,
Mnyamana Primary School,Research & Knowledge,0139547499,,
Meridian Private Primary School,Research & Knowledge,012 800 4068/70,,
Mervyn Harvey Education Centre,Research & Knowledge,0128003486,,
Mkhutshwa Secondary School,Research & Knowledge,0721527834,,
Mlokotwa-Dube Primary School,Research & Knowledge,083 817 8641,,
Mmabana Primary School,Research & Knowledge,0127120055,,
Mmamasianoka Primary School,Research & Knowledge,0127991539,,
Mmamotse Primary School,Research & Knowledge,012 717-2877,,
Mmatso Primary School,Research & Knowledge,012 715-5050,,
Marokolong Primary School,Research & Knowledge,,,
Merafeng Primary School,Research & Knowledge,076 827 0409,,
Memezelo Secondary School,Research & Knowledge,0127900142,,
Meetseng Primary School,Research & Knowledge,0127972336,,
Mboweni Primary School,Research & Knowledge,012 373-8820,,
Matseke Primary School,Research & Knowledge,012 373-8911,,
Mathaga Primary School,Research & Knowledge,0127930005,,
Masingita Primary School,Research & Knowledge,0128018324,,
Marula Primary School,Research & Knowledge,012 701 3570,,
Marotola Primary School,Research & Knowledge,012 710-0046,,
Maropeng Primary School,Research & Knowledge,012 703 3246,,
Marematlou Primary School,Research & Knowledge,012 373-8423,,
Mapenane Secondary School,Research & Knowledge,012 703 5453,,
Mapala Primary School,Research & Knowledge,,,
Mangena Mokone Primary School,Research & Knowledge,012 373- 8825,,
Manamelong Primary School,Research & Knowledge,,,
Mamodibo High School,Research & Knowledge,,,
Mamelodi Secondary School,Research & Knowledge,012 805-8834,,
Mamelodi Secondary K School,Research & Knowledge,012 840-1036,,
Mamelodi Primary School No.2,Research & Knowledge,0128018618,,
Mamelodi Primary School,Research & Knowledge,0128403964,,
Malatse Secondary School,Research & Knowledge,,,
Makhosini Combined Secondary School,Research & Knowledge,0127983959,,
Makgetse High School,Research & Knowledge,012 717-2877,,
Makgake Primary School,Research & Knowledge,012 711-1256,,
Makerana Primary School,Research & Knowledge,0849815825,,
Mahlwareng Primary School,Research & Knowledge,083 350 0806,,
Mahlasedi - Masana Primary School,Research & Knowledge,0128401098,,
Mafumbuka Primary School,Research & Knowledge,0127131111,,
Madibatlou Middle School,Research & Knowledge,0113165639,,
Machakela Motau Middle,Research & Knowledge,012 710-0747,,
Mabu-A-Tlou Primary School,Research & Knowledge,012 710-0694,,
Mabopane Secondary School,Research & Knowledge,012 701 2029,,
M L Msezane Middle School,Research & Knowledge,012 805-4204,,
Lyttelton Primary School,Research & Knowledge,0126445811,,
Lyttelton Manor High School,Research & Knowledge,012 664 5698,,
Lynnwood Privaatskool,Research & Knowledge,0123652151,,
Lucky Primary Farm School,Research & Knowledge,0139322106,,
Lowe Primary School,Research & Knowledge,079 592 0364,,
Lotus Gardens Secondary School,Research & Knowledge,0123781202,,
Lotus Gardens Primary School,Research & Knowledge,0123781491,,
Loreto Primary School,Research & Knowledge,0123336282,,
Loratone Primary School,Research & Knowledge,,,
Lompec Secondary School,Research & Knowledge,012 801-1015,,
Lingitjhudu Secondary School,Research & Knowledge,0139300300,,
Lindelani Primary School,Research & Knowledge,0127983854,,
Letlotlo Secondary School,Research & Knowledge,012 702 9188,,
Lethamaga Secondary School,Research & Knowledge,012 717-6075,,
Lethabong Secondary School,Research & Knowledge,0127998120,,
Lesolang Primary School,Research & Knowledge,012 703 4733,,
Lesego Primary School,Research & Knowledge,012 703 2892,,
Lesedi Potlana Primary,Research & Knowledge,0127205008,,
Lesedi La Ditshaba Primary School,Research & Knowledge,0127982407,,
Lekgalong Primary School,Research & Knowledge,012 703 4511,,
Lehlabile Secondary School,Research & Knowledge,012 801-9220,,
Lehabe Primary School,Research & Knowledge,,,
Legora Primary School,Research & Knowledge,,,
Lefofa Primary School,Research & Knowledge,012 717-2819,,
Lebogang Primary School,Research & Knowledge,012 703 2884,,
Lebelo Primary School,Research & Knowledge,012 719 6448,,
Laudium Secondary School,Research & Knowledge,0123743807,,
Laudium Primary School,Research & Knowledge,0123744210,,
Laudium Heights Primary School,Research & Knowledge,0123744041,,
Langalibalele Primary School,Research & Knowledge,0139472948,,
Laerskool Wonderboom,Research & Knowledge,0125430208,,
Laerskool Witpoort Nr 224 Primary School,Research & Knowledge,0119641241,,
Laerskool Voortrekker-Eeufees Primary Schhol,Research & Knowledge,0125466541,,
Laerskool Vissershoek,Research & Knowledge,0125041936,,
Laerskool Tuinrand Primary School,Research & Knowledge,0123792119,,
Laerskool Tuine Primary School,Research & Knowledge,0123794406,,
Laerskool Stephanus Roos,Research & Knowledge,0125675121,,
Laerskool Silverton,Research & Knowledge,0128046951,,
Laerskool Rietfontein-Noord,Research & Knowledge,0123310871,,
Laerskool Rachel De Beer Primary School,Research & Knowledge,0125460430,,
Laerskool Queenswood Primary School,Research & Knowledge,0123330255,,
Laerskool Pretoria-Oos,Research & Knowledge,(012) 362 1335,,
Laerskool Presda Primary School,Research & Knowledge,0129961629,,
Laerskool Oost-Eind,Research & Knowledge,0124404650,,
Laerskool Nellie Swart Primary School,Research & Knowledge,0123334981,,
Laerskool Lynnwood,Research & Knowledge,012 348-8894,,
Laerskool Louis Leipoldt,Research & Knowledge,0126645798,,
Laerskool Kameeldrift Primary School,Research & Knowledge,0123762905,,
Laerskool Hermanstad Primary School,Research & Knowledge,012 379 9000,,
Laerskool Hennopspark,Research & Knowledge,0126544308,,
Laerskool Generaal Nicolaas Smit,Research & Knowledge,0123792232,,
Laerskool Generaal Jacques Pienaar,Research & Knowledge,0123294531,,
Laerskool Garsfontein,Research & Knowledge,0123481269,,
Kondelelani Primary School,Research & Knowledge,0127205023,,
Koos Matli Primary School,Research & Knowledge,0128030454,,
Kopa-Dilatelo Primary School,Research & Knowledge,012 702 8349,,
Kudube Primary School,Research & Knowledge,012 717-7836,,
Kutumela-Molefi Intm. Farm School,Research & Knowledge,0128021560,,
Kutung Primary School,Research & Knowledge,0127973968,,
L.G Holele Secondary School,Research & Knowledge,012 703 3001,,
Laerskool Booysens Primary School,Research & Knowledge,0123795195,,
Laerskool Constantiapark,Research & Knowledge,012 761 9500,,
Laerskool Danie Malan Primary School,Research & Knowledge,0125461358,,
Laerskool Danville Primary School,Research & Knowledge,0123861368,,
Laerskool Derdepoort Primary School,Research & Knowledge,0128001507,,
Laerskool Doringkloof,Research & Knowledge,0126671977,,
Laerskool Eben Swemmer Primary School,Research & Knowledge,0123359190,,
Laerskool Eendracht,Research & Knowledge,0123212313,,
Laerskool Erasmia,Research & Knowledge,0123702450,,
Laerskool Elarduspark,Research & Knowledge,(012) 345 103,,
Laerskool Fleur,Research & Knowledge,0126645796,,
Department of Corporate and Shared Services,Government Services,012 358 8150,,"The Department of Corporate and Shared Services is an internal service department, which means we provide corporate services and support to all the other municipal departments. Included in these departments are the various political offices, the Office of..."
Department of Defence and Military Veterans,Government Services,012 355 6101,,"Chief of the SANDF, General S. Shoke General Solly Zacharia Shoke was born in Alexandra Township, in Johannesburg on 15 August 1956. General Shoke left the country in1976 after the uprisings and joined the military wing of the African National Congress -..."
Department of Economic Development,Government Services,012 394 3161,,"The Minister of Economic Development is responsible for coordinating the development of the country&rsquo;s New Growth Path and overseeing the work of key state entities engaged in economic development. Soon after the ministry was set up, work was done to..."
Department of Economic Develpment,Government Services,012 358 1354,,"Various interventions by the City of Tshwane's Economic Development Department have ensured that Tshwane has a viable, sustainable economy that can improve the quality of life of its communities through the development of a competitive and sustainable eco..."
Department of Emergency Services,Government Services,012 358 2136,,"The Emergency Services Department delivers on specific legislative mandates delegated to local government and therefore the department has to align it?s strategies, goals, objectives, key performance areas as well as specific key performance indicators to..."
Department of Energy,Government Services,012 406 7612,,"who we are President Jacob Zuma's new cabinet as announced on 10 May 2009, necessitated the establishment, reorganization, and renaming of some of the national departments to support Ministers in the execution of their mandates. In his statement, the Pres..."
Department of Environmental Affairs,Government Services,012 310 3537,,Introduction and background introduction We as humanity continue to consume the earths&rsquo; resources at ever increasing and unsustainable rates. This serves a course of rapidly accelerating trends of environmental degradation and climate change globall...
Department of City Planning & Development,Government Services,012 358 0940,,"The City Planning and Development Department strives to create a better life for all the residents of Tshwane by creating an economically viable, attractive and environmentally friendly city. The Department promotes spatial efficiencies and plays a strate..."
Department of Basic Education,Government Services,012 357 3000,,"VISION &amp; MISSION Vision Our vision is of a South Africa in which all our people have access to lifelong learning, as well as education and training, which will, in turn, contribute towards improving the quality of life and building a peaceful, prosper..."
Department of Arts and Culture,Government Services,012 441 3000,,"Vision We are a thriving arts, culture and heritage sector contributing to sustainable economic development, leveraging on partnerships for a socially cohesive nation. Mission We enhance job creation by preserving, protecting and developing arts, culture..."
"Department of Agriculture, Forestry and Fisheries",Government Services,012 319 6000,,"Vision United, prosperous and transformed agricultural sector that contributes to food security for all Mission Advancing food security and agrarian transformation in the agricultural sector through innovative, inclusive and sustainable policies and progr..."
Department of Agriculture and Environmental Management,Government Services,012 358 8871,,"The beauty of a city not only enhances people's lifestyle, but also improves their mood, sense of belonging and healthy functioning. The Agriculture and Environmental Management Department is responsible for seeing to it that Tshwane residents have access..."
Centre for Municipal Research & Advice (C M R A),Government Services,(012) 347-3278,,WELCOME TO CMRA The Centre for Municipal Research and Advice (CMRA) is a technical service provider in the field of local government. We aim to support and strengthen municipalities and Local government Associations. CMRA works country wide as well as in...
FLOSSNet,Courtesy Membership,,,
Kome Primary School,Research & Knowledge,082 947-7689,,
Kokotla Junior Secondary School,Research & Knowledge,0127120156,,
Knoppiesfontein Primary Farm School,Research & Knowledge,0114213329,,
Khutso Primary School,Research & Knowledge,0127972349,,
Khuthalani Primary School,Research & Knowledge,0139456780,,
Khonzinkosi Primary Farm School,Research & Knowledge,0139320850,,
Kholofelo Primary School,Research & Knowledge,012 373-5521,,
Khensani Primary School,Research & Knowledge,0127974217,,
Khanyisa Primary School,Research & Knowledge,0137191132,,
J&H  Auto spray,RossKlerk Business Forum,082 824 5902,,
Marcom Plastics ( Pty) Ltd,RossKlerk Business Forum,012 541 2784,,
Kgotlelelang Primary School,Research & Knowledge,0127205051,,
Kgoro Primary School,Research & Knowledge,0139370124,,
Wubbeling Engineering (Pty) Ltd,RossKlerk Business Forum,012 541 2237,,
Kgomotso Secondary School,Research & Knowledge,0127900308,,
Wise Design Africa,RossKlerk Business Forum,012 541 0924,,
Kgomba Primary School,Research & Knowledge,012 715-5066,,
TDJB Engineering,RossKlerk Business Forum,0125414255,,
Kgetseyatsie Middle School,Research & Knowledge,012 710-0011,,
Kgadime Matsepe Secondary,Research & Knowledge,0833109621,,
Secor Precision Tools (Pty) Ltd,RossKlerk Business Forum,(012) 541-3321,,
Kgabo Primary School,Research & Knowledge,012 373-8638,,
Royal Mechanical Services,RossKlerk Business Forum,012 541 7818,,
NJW Engineering,RossKlerk Business Forum,012 541 3933,,
Motherson,RossKlerk Business Forum,012-541-1575,,
HGL Engineering CC,RossKlerk Business Forum,012 541 0416,,
Hardware direct (PTY) ltd,RossKlerk Business Forum,012 541 3336,,
Grippon cc,RossKlerk Business Forum,0147121180,,
Extra Engineering,RossKlerk Business Forum,012 541 0453,,
E & S Engineering,RossKlerk Business Forum,012 541 5006,,
Crotia High Precision Engineering (Pty) Ltd,RossKlerk Business Forum,012 541 5052,,
Calcamite,RossKlerk Business Forum,012 543 2810,,
Kekana Primary School,Research & Knowledge,012 710-2067,,
JJ de Jong Primary School,Research & Knowledge,012 373 - 8613,,
50HZ Electrical (Pty) Ltd,RossKlerk Business Forum,079 241 3297,,
WLS Fastener Manufacturing,RossKlerk Business Forum,012 541 9105,,
West Kennett Corporation,RossKlerk Business Forum,012 541 6064,,
Vanstone precast,RossKlerk Business Forum,012 541 2056,,
Vaktin Hydraulics,RossKlerk Business Forum,012 541 6005,,
UTP,RossKlerk Business Forum,011-664-6070,,
Tugwell,RossKlerk Business Forum,012 541 9121,,
Tubecon Africa (Pty) Ltd,RossKlerk Business Forum,012 541 3211,,
Transformco ( pty) ltd,RossKlerk Business Forum,012 541 6061 / 082 345 5190,,
Jakaranda Primary,Research & Knowledge,0128067431,,
Titan Plastics,RossKlerk Business Forum,012 808 0521,,
Jafta Mahlangu Secondary School,Research & Knowledge,012 805-3616,,
The Screwman Rosslyn,RossKlerk Business Forum,012 541 3355,,
Jacaranda Primary School,Research & Knowledge,0123743654,,
The Irony co,RossKlerk Business Forum,012 541 0053,,
Jabulani Junior Primary Private School,Research & Knowledge,0139333070,,
Tensile Rubber,RossKlerk Business Forum,012 541 2997,,
J Kekana Secondary School,Research & Knowledge,012 805-1690,,
Techno pack,RossKlerk Business Forum,012 541 9015,,
Itumeleng Madiba Primary School,Research & Knowledge,0127911516,,
Itseng Primary School,Research & Knowledge,,,
Itireleng Primary School,Research & Knowledge,012 710-0747/717-2721,,
Isaac More Primary School,Research & Knowledge,012 373-8438,,
Tappo Industries,RossKlerk Business Forum,012 564 5510,,
Irene Primary School,Research & Knowledge,0126671037,,
Irene Middle Farm School,Research & Knowledge,0126671968,,
Iona Convent,Research & Knowledge,0123291033,,
Ikhwezilethemba Intermediary School,Research & Knowledge,0127997462,,
Ikeleng Primary School,Research & Knowledge,012 701 2584,,
Ikaneng High School,Research & Knowledge,012 714-1196/2912,,
Ikageng Primary School,Research & Knowledge,012 703 2624,,
Hosea Kekana High School,Research & Knowledge,012 717-2549,,
Holy Trinity High School (catholic Sec),Research & Knowledge,012 373-8311,,
Hofmeyr Secondary School,Research & Knowledge,012 373-8637,,
Hoërskool Zwartkop,Research & Knowledge,0126548041,,
Suntek Adjustable Louvre Awnings,RossKlerk Business Forum,012 542 6112,,
Hoerskool Waterkloof,Research & Knowledge,012 347 0277/8,,
Hoërskool Tuine Secondary School,Research & Knowledge,0123796181,,
Hoërskool Silverton,Research & Knowledge,0128046719,,
Hoerskool Pretoria-Noord High School,Research & Knowledge,0125466590,,
Hoerskool Oos-Moot,Research & Knowledge,012 332 0601,,
Hoerskool Montana,Research & Knowledge,012 548 0160/1,,
Hoërskool Langenhoven,Research & Knowledge,028 713 1065,,
Hoerskool Hercules,Research & Knowledge,0123794281,,
Hoerskool Gerrit Maritz Secondary School,Research & Knowledge,012 546 6685,,
Hoerskool Garsfontein,Research & Knowledge,012 998 6096,,
Hoerskool F H Odendaal,Research & Knowledge,0128001141,,
Hoerskool Erasmus Secondary School,Research & Knowledge,0139320195,,
Hoerskool Eldoraigne,Research & Knowledge,012 660 2066,,
Hoerskool Elandspoort Secondary School,Research & Knowledge,0123866566,,
Hoërskool Die Wilgers,Research & Knowledge,012 807 5229,,
Hoërskool Centurion,Research & Knowledge,0126645803,,
Strandfoam Rosslyn,RossKlerk Business Forum,012 541 7068,,
Stepahead Military Headwear,RossKlerk Business Forum,012 541 0604,,
Hoerskool Akasia,Research & Knowledge,0125421178,,
South African Breweries,RossKlerk Business Forum,012 529 9999,,
Precision Valve SA (Pty) Ltd,RossKlerk Business Forum,012 541 3340,,
Pretoria Mat and Rubber (Pty) Ltd,RossKlerk Business Forum,012 541 5092,,
Hoër Tegniese Skool Pretoria-Tuine,Research & Knowledge,0123792181,,
Pride in Tyres,RossKlerk Business Forum,012 541 0016,,
Hoër Tegniese Skool John Vorster,Research & Knowledge,0123321760,,
Hlolisisa Primary School,Research & Knowledge,0139344351,,
Ramsay Engineering,RossKlerk Business Forum,012 564 5055,,
Hlanganani Secondary School,Research & Knowledge,0127993590,,
Robotic Steelworks,RossKlerk Business Forum,012 541 4750,,
Hlabelela Primary School,Research & Knowledge,0139344415,,
Rosslyn Enclosures CC,RossKlerk Business Forum,012 541 3803,,
Rosslyn Ice,RossKlerk Business Forum,012 541 4044,,
HL Setlalentoa Secondary School,Research & Knowledge,012 703 5867,,
SA Industrial Pallet,RossKlerk Business Forum,,,
Himalaya Secondary School,Research & Knowledge,0123742760,,
Hillside Primary School,Research & Knowledge,0123743003,,
Hatfield Tuition College,Research & Knowledge,012 771 6730,,
Harvey Junior Education,Research & Knowledge,,,
Hamilton Primary School,Research & Knowledge,012 322 6567 / 8,,
Sequere Trellis,RossKlerk Business Forum,012 541 0293,,
Snackworks,RossKlerk Business Forum,012 5295300,,
Gontse Primary School,Research & Knowledge,0127974217,,
Lomel Roof Trusses,RossKlerk Business Forum,012 541 0081,,
Meat-O-Matic Springbok Cc,RossKlerk Business Forum,012 541 0352,,
Metal Badge & Button,RossKlerk Business Forum,012 541 3443,,
Metpro (A Division of Dorbyl),RossKlerk Business Forum,012 541 6110,,
Glenstantia Primary School,Research & Knowledge,012 998 6116,,
Gereformeerde Laerskool Johannes Calvyn,Research & Knowledge,0123310218,,
Motor Rail,RossKlerk Business Forum,012 542 5935,,
NAD Packaging & Supplies,RossKlerk Business Forum,012 772 1659 / 083 625 3594,,
Nampak Bevcan Ltd,RossKlerk Business Forum,012 521 9000,,
Orange VMC,RossKlerk Business Forum,012 564 3500,,
Gatang Secondary School,Research & Knowledge,012 801-0897,,
Ouwerf Meubel Vervaardigers,RossKlerk Business Forum,012 541 0711,,
PE Chemicals,RossKlerk Business Forum,012 541 1529,,
Pallet Makers,RossKlerk Business Forum,012 612 0518,,
Funekile Secondary School,Research & Knowledge,0127205033,,
LJS Light Engineering,RossKlerk Business Forum,012 800 4050,,
Founders Community School,Research & Knowledge,012 322 9908,,
Lion Match Company Ltd,RossKlerk Business Forum,012 541 3124,,
LEAR,RossKlerk Business Forum,012 564 9300,,
Klomac cc,RossKlerk Business Forum,082 458 4556,,"About Klomac
KLOMAC has been servicing the water treatment industry for over 29 years and is an authorised reseller for Wallace &amp; Tiernan&reg; equipment.
KLOMAC is geared up to provide innovative solutions to water treatment challenges from its long..."
F f Ribiero Primary School (ex Ntshabohloko): 1997,Research & Knowledge,,,
Italpac (Pty) Ltd,RossKlerk Business Forum,012 541 1610,,
Isobodies (Pty) Ltd,RossKlerk Business Forum,012 541 1797,,
Ezazi Primary School,Research & Knowledge,0128050426,,
Hospi Sterilizers CC,RossKlerk Business Forum,012 541 0667,,
Emthunzini Primary School,Research & Knowledge,0128054637,,
Emasangwene Primary School,Research & Knowledge,0128402778,,
Ema Primary School,Research & Knowledge,,,
Elizabeth Matsemela Secondary,Research & Knowledge,0127900358,,
Getec canopies,RossKlerk Business Forum,012 541 2155,,
Formio Furniture Art (Pty) Ltd,RossKlerk Business Forum,012 541 1543,,
Filtafelt,RossKlerk Business Forum,012 541 0702,,
Eersterust Sekondêr,Research & Knowledge,0128069238,,
Faurecia Interior Systems Pretoria (Pty) Ltd,RossKlerk Business Forum,012 564 0900,,
Edwin Moalusi Primary School,Research & Knowledge,012 702 6265,,
Executop Canopies Cc,RossKlerk Business Forum,012 541 2040,,
Eduplex Independent School,Research & Knowledge,0123335702,,
Euro-Plastifoam (Pty) Ltd,RossKlerk Business Forum,012 541 3464,,
Echibine Secondary School,Research & Knowledge,0127983816,,
EKA Safety & Industrial (Pty) Ltd,RossKlerk Business Forum,012) 541-9105/6,,
Dr WF Nkomo Secondary School,Research & Knowledge,012 373-7800,,
CUMMINS EMISSION SOLUTIONS,RossKlerk Business Forum,(012) 564-5567,,
CNC Clear Cut,RossKlerk Business Forum,012 541 0552,,
Club Refrigeraton cc,RossKlerk Business Forum,012 541 0713,,
Dooka Primary School,Research & Knowledge,012 717-2021,,
Doctor I M Monare Primary School,Research & Knowledge,0128055667,,
Ditshaba Primary School,Research & Knowledge,012 702 2676,,
Chep,RossKlerk Business Forum,012 564 4800,,
Dithabaneng Primary School,Research & Knowledge,0127993748,,
Chalwil Engineering cc,RossKlerk Business Forum,012 541 2834,,
Dimakatso Primary School,Research & Knowledge,0127205197,,
Caway Metal Fabrications,RossKlerk Business Forum,012 541 2357,,
Dikgorwaneng Primary School,Research & Knowledge,012 7100099,,
Babelegi workwear,RossKlerk Business Forum,012 541 3405 / 082 458 6688,,
Apple plastics,RossKlerk Business Forum,012 541 3360,,
Dikgakologo Primary School,Research & Knowledge,,,
Apache Manufacturing,RossKlerk Business Forum,012 541 2233,,
Deutsche Schule Pretoria,Research & Knowledge,012 803-4106,,
Dc Marivate Junior Secondary School,Research & Knowledge,0127992406,,
David Hellen Peta Secondary School,Research & Knowledge,012 373-5404,,
Dan Kutumela Secondary School,Research & Knowledge,0139370126,,
DA Mokoma Secondary School,Research & Knowledge,012 702 5777,,
Cvo Skool Pretoria,Research & Knowledge,0128090127,,
Cvo Magalies,Research & Knowledge,0125423394,,
Cultura High School,Research & Knowledge,0139310016,,
Courtney House Private School,Research & Knowledge,0124603768,,
Clapham High School,Research & Knowledge,0123336011,,
Citicol Secondary School,Research & Knowledge,0123255408,,
Charity And Faith Community,Research & Knowledge,0128123048,,
Centurion Christian School in Centurion,Research & Knowledge,012 656 7004,,
Central Secondary School,Research & Knowledge,0127910447,,
Central Islamic School,Research & Knowledge,0123744647,,
Capital Park Primary School,Research & Knowledge,0123231436,,
Buya Primary Farm School,Research & Knowledge,0836984890,,
Bula-dikgoro Primary School,Research & Knowledge,0128015416,,
Bud Mbelle Primary School,Research & Knowledge,012 373-8854,,
Brooklyn Primary School,Research & Knowledge,012) 460 3238 / 9,,
Bronkhorstspruit Primary School,Research & Knowledge,0139320160,,
Brindhaven Primary School,Research & Knowledge,0123781625,,
Botsalo Primary School,Research & Knowledge,012 702 3800,,
Botse-Botse Secondary,Research & Knowledge,0127982200,,
Akasia Bolt & Nut,RossKlerk Business Forum,012 541 1804,,
Afrit,RossKlerk Business Forum,012 541 2123 / 082 904 6200,,
Actilight Generators,RossKlerk Business Forum,012 541 4218,,
Tonway Tyres,RossKlerk Business Forum,012 541 1875,,
ZF Lemförder SA (Pty) Ltd,RossKlerk Business Forum,012 521 7500,,
Rigidek,RossKlerk Business Forum,082 320 3219,,
Nissan Manufacturing SA,RossKlerk Business Forum,012 529 6000,,
Nissan Diesel SA (Pty) Ltd,RossKlerk Business Forum,0800 647 726,,
Multiloads (Pty) Ltd,RossKlerk Business Forum,012 541 2397,,
Johnson Control,RossKlerk Business Forum,0128109000,,
ALC,RossKlerk Business Forum,012 541 1644,,
Autoneum Feltex,RossKlerk Business Forum,012 564 4600,,
Bachmann Garage (pty) ltd,RossKlerk Business Forum,012 541 3034,,
Bearing House Pretoria CC,RossKlerk Business Forum,012 541 2281,,
Bearings International,RossKlerk Business Forum,011 899 0000,,
BMW South Africa (Pty) Ltd,RossKlerk Business Forum,012 522 3000,,
DB Schenker,RossKlerk Business Forum,,,
Duramex Automotive Industry,RossKlerk Business Forum,012 541 1910,,
Irwing Auto Body,RossKlerk Business Forum,012 541 4900,,
Akasia Autohouse,RossKlerk Business Forum,012 541 1774,,
AF Hydraulics,RossKlerk Business Forum,012 541 1040,,
AFS - Commercial,RossKlerk Business Forum,012 541 1591,,
Speddick Industrial Tyres,RossKlerk Business Forum,012 541 0341,,
WFM wholesome foods,RossKlerk Business Forum,012 541 6058,,
Bokgoni Technical Secondary School,Research & Knowledge,012 373-8071,,
Bokamoso Primary School,Research & Knowledge,0725474729,,
Bokamoso High School,Research & Knowledge,012 715-5050,,
Boitsepo Secondary School,Research & Knowledge,012 719-8898,,
Boitemogelo Primary School,Research & Knowledge,,,
Boikgantsho Primary School,Research & Knowledge,0128013692,,
Boikanyo Primary School,Research & Knowledge,012 703 1088,,
Bohlabatsatsi Primary School,Research & Knowledge,0128051054,,
Newman,RossKlerk Business Forum,,,
Boepathutse Junior Secondary,Research & Knowledge,0127992502,,
Bodubela Primary School,Research & Knowledge,0127033484,,
Berea Park Independent High School,Research & Knowledge,012 323 1451,,
Bekekayo Primary Farm School,Research & Knowledge,0119641624,,
Beautiko Academy Of Beauty (Pty) Ltd,Research & Knowledge,012 342 5555,,
Industrialbat cc,RossKlerk Business Forum,012 541 1818,,
Baxoxele Primary School,Research & Knowledge,0127981302,,
Bapsfontein Primary Farm School,Research & Knowledge,0119642402,,
Baleseng Primary School,Research & Knowledge,0127931002,,
Balebogeng Primary School,Research & Knowledge,0128011344,,
Bajabulile Primary School,Research & Knowledge,012 801 2140,,
Bachana Mokeona Primary School,Research & Knowledge,0797327031,,
Babinaphuti Secondary School,Research & Knowledge,0127902161,,
Ayanda Primary School,Research & Knowledge,0721921889,,
Arcadia High School,Research & Knowledge,0123431491,,
Andrew Anthony Primary School in Laudium,Research & Knowledge,012 374 4020,,
Amogelang Secondary School,Research & Knowledge,012 712 0033,,
Althea Independent School,Research & Knowledge,0139322845,,
Al Asr Educational Institute in Laudium,Research & Knowledge,012 374 9713,,
Adam Masebe High School,Research & Knowledge,012 717-4851,,
Wonderboom National Airport,Easy Travel,012 543 3316,,"SCHEDULED RETURN FLIGHTS FROM WONDERBOOM AIRPORT TO CAPE TOWN &nbsp;
We have great pleasure in introducing to you the convenience of Wonderboom Airport in northern Pretoria. Airlink, in partnership with South African Airways, offers return daily flights..."
Takalani Distributors,Transportation,012 547 7032 / 083 582 1001,,Bake bread and cakes Distributors
Gautrain,Easy Travel,080 081 1811,,
ESKOM,Government Services,012 421 3225 / 012 421 3225,,"Eskom's&nbsp;Energy&nbsp;Advisors specialise in advice on how&nbsp;you can lower your energy&nbsp;use&nbsp;and, as a result, reduce your&nbsp;business'&nbsp;operating&nbsp;costs.&nbsp;Email an enquiry to AdvisoryService@eskom.co.za&nbsp;&nbsp;or call 0860..."
Masakhane provincial Laundry and cook freeze,RossKlerk Business Forum,012 564 6300,,
Zeus Industrial Plastics (Pty) Ltd,RossKlerk Business Forum,012 541 0717,,
Enviroserve waste management,RossKlerk Business Forum,012 541 1210,,
Shosholoza Fencing,RossKlerk Business Forum,0861 336237,,
Lona Building Projects (Pty) Ltd,RossKlerk Business Forum,012 541 2060,,
Strasa services,RossKlerk Business Forum,(012) 541-1123,,
ICCS (Trading as Volembo Plumbers),RossKlerk Business Forum,012 541 0785,,
Marley Pipe Systems,RossKlerk Business Forum,011 739 8600,,
Bafkho projects,RossKlerk Business Forum,012 751 6630,,
ALU Wood Projects,RossKlerk Business Forum,012 541 3251,,
Teuntin Electrical Services,RossKlerk Business Forum,012 541 9059,,
Power Petroleum Distributors,RossKlerk Business Forum,(012)-541-9014,,
Afri welding Tools,RossKlerk Business Forum,012 541 3113,,
Genesis Projects & Services,RossKlerk Business Forum,012 541 3878,,
Bridge Loans,RossKlerk Business Forum,012 322 3108,,
Letsatsi Finance and Loans,RossKlerk Business Forum,012 541 1580,,
First National Bank Rosslyn,RossKlerk Business Forum,012 541 1555,,
African Bank,RossKlerk Business Forum,012 541 0000,,
KLMN Finance cc,RossKlerk Business Forum,076 097 5859,,
HRG Rennies Travel,Car Rental,0000-00-00,,"About Us

Our vast network of travel and in-house operations across South Africa, Africa and the world makes HRG Rennies Travel one of the largest and best corporate and business travel companies in Africa.

How could you not choose HRG Rennies Travel..."
Credicore Financial Service,RossKlerk Business Forum,012 541 1554,,
Safari Conversions,RossKlerk Business Forum,012 541 3802,,
Cullinan Diamond Mine,Associated Partnerships,(012)3052213,,
Prime Meat,RossKlerk Business Forum,083 305 1128,,
Rosslyn Health Shop,RossKlerk Business Forum,082 504 8244,,
Vavro Plastics CC,RossKlerk Business Forum,012 541 3591,,
Cullinan Golf Club,Restaurants,0000-00-00,,
Repo Wild 15 (Pty) Ltd,RossKlerk Business Forum,(012)541-1430,,
Snappy Chef,Restaurants,0000-00-00,,"Who Are We?
The Snappy Chef Group was established in 2010 to take advantage of the energy crisis that plagues not only South Africa but is also a problem in many countries across the globe. Snappy Chef has become the Leader in Induction Appliances in Sou..."
Perfect Foods,RossKlerk Business Forum,012 541 6091,,
One & Only meat market,RossKlerk Business Forum,012 541 6538,,
Mega meat,RossKlerk Business Forum,,,
La Tyser/ Taste Meals,RossKlerk Business Forum,,,
Beefcor,RossKlerk Business Forum,012 386 6079,,
Hannes Geldenhuys Trust,Associated Partnerships,0834530858,,
Hannes Geldenhuys Trust,Other,0000-00-00,,
Mag Creations,Other,0000-00-00,,
Mag Creations,Associated Partnerships,,,
Maxton SE Trading,Associated Partnerships,(073) 391-6921,,
Maxton SE Trading,Other,0000-00-00,,
Sonja Smith Funeral Group,Associated Partnerships,0126613555,,
Sonja Smith Funeral Group,Other,0000-00-00,,
Rifan Packaging,Associated Partnerships,,,
Rifan Packaging,Other,0000-00-00,,
Prima Lux,Associated Partnerships,,,
Prima Lux,Other,0000-00-00,,
Petra Diamonds,Associated Partnerships,012 305 2378,,"About Us
A leading independent diamond mining group and an increasingly important supplier of rough diamonds to the international market.
WHAT WE DO
We focus on the highest margin section of the diamond pipeline &ndash; the upstream, involving the mini..."
