Name,Phone,Email,Website,Category
KITCHEN FITTINGS & ACCESSORIES,021 939 8120,N/A,N/A,N/A
KITCHEN FITTINGS & ACCESSORIES,011 4741183,N/A,N/A,kitchen units
KITCHEN FITTINGS & ACCESSORIES,"011 447 4402, 011 447 4405",N/A,N/A,N/A
EVENT ORGANISERS,"011 8059350, 011 8059356",info@dng.co.za,http://www.dng.co.za,event organisers &/or services
GASKETS,"011 8654347, 082 9251497, 011 8654336",gasketman@mweb.co.za,N/A,gaskets
Gas,"082 8070207, 084 7005030, 0866 157292",tim@redlionworx.com,http://www.redlionworx.co.za,gas installations
Surface Mining Process Equipment,"011 9231000, 011 9231111",info@komatsu.co.za,http://www.komatsu.co.za,N/A
Cleaning Services,"011 4415300, 011 4405657",pwelchman@fedics.co.za,http://www.tsebo.co.za,N/A
burglar proofing,0861 752656,sales@maxidor.co.za,http://www.maxidor.co.za,burglar proofing
1ST FOR WOMEN,0860 10 46 12,N/A,N/A,N/A
Maxidor (Pty) Ltd,0861 752656,N/A,N/A,N/A
ENDRES ATTORNEYS,"012-348 5905, 021-348 9316",N/A,N/A,N/A
EAST RAND FUNERAL SERVICES DIRECTORS,"011-425 1941, 011-425 0276",N/A,N/A,N/A
GENERAL IMPORT-EXPORT (AFRICA),"011-4991201, 011-4934775",N/A,N/A,N/A
House Of Monatic,031 3054626,N/A,N/A,N/A
BUSINESS PARTNERS (EAST RAND BOKSBURG),"011-359 2565, 011-395 4150",N/A,N/A,N/A
BUSINESS PARTNERS (JOHANNESBURG) HEAD OFFICE,"011-713 6650, 011-713 6653, 011-713 6600",N/A,N/A,N/A
BUSINESS PARTNERS (WEST RAND),"011-679 1310, 011-679 1110",N/A,N/A,N/A
CAKE FLORA,"011-608 4150, 011-608 4141",N/A,N/A,N/A
LENASIA VOLKWAGEN,"011-213 7600, 011-213 7636",yusus@lenasiavw.co.za,N/A,N/A
M E E (PTY) LTD,"011-494 3220, 011-494 2207",info@mee.co.za,N/A,N/A
MAKAULA ZILWA INC,"011-262 0790, 011-262 0840",N/A,N/A,N/A
GEZA BATHROOM & UNITS,"011-622 2004, 011-622 2372",geza@icon.co.za,N/A,N/A
INTERNATIONAL SLABS SALES-HEAD OFFICE,"011-822 1701, 011-822 1350",info@interslab.co.za,N/A,N/A
AUTO BAHN MOTORS,"034-995 1476, 034-995 1644",erich@autobahn.co.za,N/A,N/A
MARKALAO RECRUITMENT CC,"011-902 2590, 086-558 2813",langa@markalaorecruitment.co.za,N/A,N/A
RAUMIX (PTY) LTD,"012-652 0107, 012-652 0111",N/A,N/A,N/A
CORICRAFT (BOKSBURG),"011 918 7897, 011 918 7899",ermanager@coricraft.co.za,N/A,N/A
CORICRAFT (CLEARWATER),"011 991 5300, 011 475 0254",clmanager@coricraft.co.za,N/A,N/A
CORICRAFT (CRESTA),"011 431 2970, 011 431 3253",csmanager@coricraft.co.za,N/A,N/A
CORICRAFT (DESIGN QUARTER),"011 465 6385, 011 465 6128",dqmanager@coricraft.co.za,N/A,N/A
CORICRAFT (EAST GATE),"011 615 2092, 011 615 2085",egmanager@coricraft.co.za,N/A,N/A
CORICRAFT (FOURWAYS),"011 465 3595, 011 465 5782",fwmanager@coricraft.co.za,N/A,N/A
CORICRAFT (MORNINGSIDE),"011 884 1349, 011 884 2277",mvmanager@coricraft.co.za,N/A,N/A
CORICRAFT (SANDTON),"011 784 0150, 011 784 1639",scmanager@coricraft.co.za,N/A,N/A
CORICRAFT (THE GLEN),"011-435 0145, 011-436 8700",tgmanager@coricraft.co.za,N/A,N/A
CORICRAFT (WOODMEAD),"011-656 9682, 011-656 9590",wmmanager@coricraft.co.za,N/A,N/A
DENOON SAMPSON HDLOVU INC.,011-666 9600,andrew@denoon.co.za,N/A,N/A
FIRE SECURE SYSTEMS CC,"011-802 4357, 011-802 4358",fss@faagroup.co.za,N/A,N/A
MUON ELECTRONICS CC,011-325 6134,ghdawes@africa.com,N/A,N/A
MICROSOLVE CC,"011-493 5114, 011-493 5110",microsolve@icon.co.za,N/A,N/A
INDUSTRIAL ACID PROOFING (PTY) LTD,"011-452 6988, 011-452 4104",INFO@IAPSA.CO.ZA,N/A,N/A
SA POWER SERVICE (JOHANNESBURG),"011-462 8810, 011-704 5775",sophia@sapower.co.za,N/A,N/A
IPEC ELECTRICAL & PLUMBING,078 384 9684,chenai2005@gmail.com,N/A,N/A
ANDERSON VOGT 7 PARTNERS,"011-452 2838, 011-452 2998",eng.design@iafrica.com,N/A,N/A
NORTON ROSE SOUTH AFRICA,"011-685 8500, 011-301 3200",N/A,N/A,N/A
RENAULT SOUTH AFRICA (PTY) LTD,"011-607 7300, 011-607 7385",N/A,N/A,N/A
MOTOR CAR & TRUCK DISTRIBUTORS,"011-392 6360, 011-392 6263",N/A,N/A,N/A
LABOUR LAW MANAGEMENT CONSULTING,"011 888 7944, 011 782 0664, 082 8522 973",ivan@labourlawadvice.co.za,N/A,N/A
ROOTH & WESSELS INC,"012-452 4000, 021-346 7609",N/A,N/A,N/A
ROOTH & WESSELS INC.,"012-452 4000, 021-346 7609",N/A,N/A,N/A
JUMBO CASH & CARRY (CROWN MINES),"011 839 4002, 011 839 4440",N/A,N/A,N/A
JUMBO CASH & CARRY (GAUTENG HEAD OFFICE),"086 611 8972, 011 532 3600, 086 501 9933",N/A,N/A,N/A
AVBOB (ALBERTON),011-907 3233,N/A,N/A,N/A
HYPER PAINT (PTY)LTD,011-493 5937,N/A,N/A,N/A
AVBOB (ALIWAL NORTH),051-633 3161,N/A,N/A,N/A
AVBOB (BEAUFORT-WES),023-414 2216,N/A,N/A,N/A
AVBOB (BENONI),011-421 5842,N/A,N/A,N/A
AVBOB (BOKSBURG),011-917 5041,N/A,N/A,N/A
AVBOB ( BRAKPAN),011-740 0115,N/A,N/A,N/A
AVBOB (BRONKHORSTSPRUIT),013-923 3092,N/A,N/A,N/A
AVBOB (BURGERSFORT),013-231 8200,N/A,N/A,N/A
AVBOB ( CENTUROIN),012-663 5008,N/A,N/A,N/A
AVBOB (EDENVALE),011-609 7003,N/A,N/A,N/A
MARANG FINANCIAL SERVICES,011-781 3957,nokutulan@marangfinancial.co.za,N/A,N/A
INTERNATIONAL SLAB SALES,"011-822 1701, 011-822 1350",INFO@INTERSLAB.CO.ZA,N/A,N/A
MARKALAO RECURITMENT,"011-902 2590, 086 558 2813",langa@markalaorecruitment.co.za,N/A,N/A
AC RECRUITMENT CC,011-979 1053,BETTY.ACR@TELKOMSA.NET,N/A,N/A
CORICRAFT (BEDWORTH CENTRE ),"016 985 5406, 016 985 5335",bvmanager@coricraft.co.za,N/A,N/A
AVBOB (GERMISTON),011-825 3667,N/A,N/A,N/A
AVBOB (GROBLERSDAL),013-262 2156,N/A,N/A,N/A
AVBOB (HEIDELBERG),016-341 2389,N/A,N/A,N/A
AVBOB HORISON),011-766 3145,N/A,N/A,N/A
AVBOB (IKWEZI),011-988 2457,N/A,N/A,N/A
KAPCI COATING SA cc,"011-834 1259, 011-834 1252",N/A,N/A,N/A
AVBOB (JOHANNESBURG),011-482 1027,N/A,N/A,N/A
AVBOB ( KEMPTON PARK),011-975 5845,N/A,N/A,N/A
AVBOB (KREMETORIUM),011-391 6484,N/A,N/A,N/A
AVBOB (KRUGERSDORP),011-953 3808,N/A,N/A,N/A
AVBOB (MEYERTON),016-362 1048,N/A,N/A,N/A
AVBOB (MIDDLEBURG),013-282 4771,N/A,N/A,N/A
AVBOB (NELSRUIT),013-752 2695,N/A,N/A,N/A
EXECUTOTS DAYCARE,011-784 7184,N/A,N/A,N/A
AVBOB (NIGEL ),011-814 4853,N/A,N/A,N/A
AVBOB (POTCHEFSTROOM),018-294 3269,N/A,N/A,N/A
AVBOB (RANDFONTEIN),011-693 2560,N/A,N/A,N/A
AVBOB (ROODEPOORT),011-760 1158,N/A,N/A,N/A
AVBOB (ROODEPOORT-HORISON),011-766 3145,N/A,N/A,N/A
AVBOB (SASOLBURG),016-976 0790,N/A,N/A,N/A
AVBOB (SOWETO),011-980 2190,N/A,N/A,N/A
AVBOB (SPRINGS),011-811 2393,N/A,N/A,N/A
AVBOB (VANDERBILIJPARK),016-933 9734,N/A,N/A,N/A
AVBOB (VEREENIGING),016-421 4054,N/A,N/A,N/A
AVBOB (WITBANK),013-656 2502,N/A,N/A,N/A
CAPITAL CIVIL & BUILDING CONSTRUCTION,"011-979 1175, 083-250 5532",N/A,N/A,N/A
GENERAL MOTOR DEALER,"012-369 2020, 012-369 2000",N/A,N/A,N/A
CALDERYS SOUTH AFRICA (PTY) LTD,"016-440 6409, 016-440 6400",N/A,N/A,N/A
TSHEPANG FUNERAL UNDERTAKERS,"011-736 9850, 011-736 9519",N/A,N/A,N/A
"MARY POPPIN""S CHILDREN CENTRE","086-575 5495, 087-802 5709",marypop@mwed.co.za,N/A,N/A
ACADEMY DRIVING SCHOOL,"011-834 4231, 011-834 4234",N/A,N/A,N/A
FAHRENHEIT SEAFOOD &GRILL,"011-021 6223, 011-452 9710",N/A,N/A,N/A
"A.MBULIS OFSPRING CONSTRUCTION,PROJECTS",084 661 8853,20@mtn.co.za,N/A,N/A
DIY DEPORT KRUGERSDORP,"011-660 4734, 011-660 9153",N/A,N/A,N/A
EVENING STAR CONSTRUCTION,084 845 8834,psgrobbelaar@vodamail.co.za,N/A,N/A
SUSTAINABLE ENERGY SOCIETY SOUTHERN AFRICA,011-513 4071,office@sessa.org.za,N/A,N/A
MAKITI WEDDING & FUNCTION CENTRE,"011-662 4907, 011-662 43-904",info@makiti.co.za,N/A,N/A
LIONIZE CONSULTING,"086-512 0029, 011-039 0495",N/A,N/A,N/A
REMAX AGENTS,"011-476 4019, 011-476 7029",N/A,N/A,N/A
ADVANCE ENGINEERING & PANEL MANUFACTURES (PTY) LTD,"086-545 9878, 011-869 2751",N/A,N/A,N/A
REMAX  2000,"011-476 4019, 011-476 7029, 083 654 7766","sharonkeyter@gmail.com, sharon@remax2000.co.za",N/A,N/A
VOLVO (SOUTHERN AFRICA) (PTY) LTD,011-842 5000,sharon.pillay@volvo.co.za,N/A,N/A
IMPERIAL TOYOTA A DIVISION OF IMPERIAL GROUP (PTY) LTD,"011-276 0652, 011-276 0700",AFERREIA@IMPERIALTOYOTA.CO.ZA,N/A,N/A
SJ CAPITAL (JOHANNESBURG),"011-303 8808, 011-303 8800",jhb@sjcapitalgroup.com,N/A,N/A
STRIPPERS EXTRAVAGANZA,"086-519 0247, 011-794 1994",N/A,N/A,N/A
N.V CONSTRUCTION,"011-849 9797, 011-849 1843",vilarinho@telkomsa.net,N/A,N/A
KISMET SUPPLY STORE,"021-761 0825, 021-797 8804",N/A,N/A,N/A
HOT POT PLUMBING & BUILDING SUPPLIES,"011-869 5073, 011-907 8676",N/A,N/A,N/A
S A CONTINER DEPORT (PTY) LTD,"011-405 2000, 011-613 1502",websever@sacd.co.za,N/A,N/A
CIDA CITY CAMPUS,"011-887 4495, 011-440 8952",N/A,N/A,N/A
MATTHEW GONIWE SCHOOL OF LEADERSHIP,"011-830 2200, 011-830 2207",N/A,N/A,N/A
SIYAYA SKILLS INSTITUTE (PTY) LTD,"011-493 9698, 011-493 9706",N/A,N/A,N/A
VHEMBE FET COLLEGES,"015-963 3492, 015-963 3491",N/A,N/A,N/A
MSUKULIGWA MUNICIPALITY,"017-801 3851, 017-801 3500",N/A,N/A,N/A
HAIR OPTIONS,"011-234 6501, 011-234 6509",N/A,N/A,N/A
PALMAR HOTEL,"011-974 7735, 011-392 5506",N/A,N/A,N/A
MERCURE HOTEL (BEDFORDVIEW),"011-622 1556, 011-622 8725",N/A,N/A,N/A
MUSUKULIGWA MUNICIPALITY,017-801 3576,mzane@musukwalikwa.gov.co.za,N/A,N/A
JACOBS TRANSPORT,"086-692 6386, 011-434 0157",N/A,N/A,N/A
EXCLUSIVE GETAWAYS,"011-803 8669, 011-807 0417",N/A,N/A,N/A
ZENZELE FUNERAL HOME,"086-698 1568, 013-699 9101",N/A,N/A,N/A
SAMBRA (SOUTH AFRICAN MOTOR BODY REPAIRS ASSOCIATION),011-886 6300,riana.faurie@mi.org.za,N/A,N/A
ALL PLUMBING,011-802 0666,letstalkplumbing@ymail.com,N/A,N/A
MASERUMULE INC,"011-486 4013, 011-486 3081",goody@maserumuleinc.co.za,N/A,N/A
MANICA SOUTH AFRICA,"011-417 5500, 086-646 4806",info@manica-africa.com,N/A,N/A
LANDELALAHNI WORK FORCE MANAGEMENT,"011-750 9536, 011-442 0923",pasneemm@landelalahni.co.za,N/A,N/A
LIMORIDE,"072 373 7133, 082 966 8113",limorite@gmail.com,N/A,N/A
ROYAL BUS & TRUCK TYRES,013 656 1158,royaltyreswitbank@gmail.com,N/A,N/A
GEZA BATHROOM & KITCHEN UNITS,"011-622 2004, 011-622 2372",geza@icon.co.za,N/A,N/A
HAMMOND POLE ATTORNEYS,"011-874 1800, 011-823 5099",N/A,N/A,N/A
SAVYCOR TRADING,"084 716 7672, 086-651 7355",intombi.domestics@webmail.co.za,N/A,N/A
L.M BUILDING CONSTRUCTION,078 812 7475,mahachileonard@gmail.com,N/A,N/A
ORION HOTEL DEVONSHIRE,011-339 5611,N/A,N/A,N/A
NOMAM,011-461 1300,hord@nomadsa.co.za,N/A,N/A
C.W.T AQUARUIS SHIPPING INTERNATIONAL (PTY) LTD,011-658 0339,Vanessadippenaar@cwtasi.com,N/A,N/A
KUEHNE & NAGEL (PTY) LTD,011-574 7000,N/A,N/A,N/A
ALEE MASSEL ESTATE (PTY) LTD,"011-917 3285, 086-615 1660",PROPERTIES@ALEMASSEL.CO.ZA,N/A,N/A
A & A CONTAINERS,"011-794 6571, 011-794 6577",N/A,N/A,N/A
CAPE UNION MART (PTY) LTD,"041-537 3651, 086-627 1309",waterfall@capeunionmart.co.za,N/A,N/A
"ORION HOTEL (The DevonshireBraamfontein, Johannesburg, Gauteng)",11 339 5611,N/A,N/A,N/A
"ORION HOTEL (Velmoré Hotel EstateErasmia, Centurion, Gauteng)","11 403 1218, 12 370 7000, 086 199 1199",N/A,N/A,N/A
SPECIALISED FREIGHT SERVICES CC,011-251 0000,deidre@sfssa.net,N/A,N/A
MIA'S NEST GUEST HOUSE,"011-314 1877, 011-314 5192",N/A,N/A,N/A
GARY PLUMBERS,011-056 4951,GARY@GMAIL.COM,N/A,N/A
HARCOURTS ANCHOR,"011-894 6218, 011-918 2002",N/A,N/A,N/A
GENERAL MAN HIRE,011-660 1743,N/A,N/A,N/A
FORMULA 1 HOTEL,"012-323 8325, 012-323 8331",N/A,N/A,N/A
BUDGET WINDOW COVERINGS,011-432 3421,N/A,N/A,N/A
BAKEBERG BLINDS CC,011-837 1161,N/A,N/A,N/A
THE FACILITATOR,012-644 2901,N/A,N/A,N/A
T & H FREIGHT,011-744 0626,thfreight@telkomsa.net,N/A,N/A
B-ONE HOLDINGS,"086-100 8009, 012-664 4127",N/A,N/A,N/A
UNITRANS FUEL & CHEMICAL (PTY) LTD,011-869 8400,JENNY.ROGERS@UNITRANS.CO.ZA,N/A,N/A
SHIPPING & GENERAL TRANSPORT SERVICES (PTY) LTD,"011-873 4786, 011-873 6066",admin@shippingandgeneral.co.za,N/A,N/A
LAND AND SEA SHIPPING (PTY) LTD,"011-679 1651, 011-679 1655",N/A,N/A,N/A
S.D.D FREIGHT,"011-390 1854, 011-390 1883",donald@sddcargo.com,N/A,N/A
JMB BUILDING CONSTRUCTION & CLEANING,011-036 5833,imb@exclusivemail.co.za,N/A,N/A
UNITED MARITINE LOGISTICS,"011-452 5657, 011-452 4880",eben@unimar.co.za,N/A,N/A
A & D ROOFERS & HOME RENOVATIONS,"011-477 9467, 011-534 1873",adroofers@telkomsa.net,N/A,N/A
SUB-CONTRACTORS,072 363 6568,amisa.koopman@yahoo.com,N/A,N/A
EFFECTIVE BLINDS & AWNINGS CC,"011-818 2167, 011-818 3982",N/A,N/A,N/A
3 PEAKS CONSTUCTION,"086-661 7415, 082 776 1846",dirkmyb@webmail.co.za,N/A,N/A
KHAYALETHU PROJECTS & CONSTRUCTIONS,073 036 3392,N/A,N/A,N/A
CJ BUILDING CONSTRUCTION,083 990 5430,admin@cjbuilding.co.za,N/A,N/A
BUDGET CAR RENTAL,"086-101 6622, 011-398 0097",N/A,N/A,N/A
AMANZI OKUPHILA CONSTRUCTION & ENTERPRISES,"011-931 5376, 073 168 8809",mahlanguabel@gmail.com,N/A,N/A
STRIJDOM PARK VOLKSAGEN,"011-791 7964, 011-795 5000",N/A,N/A,N/A
INTERBILT TRUCK REPAIRS,"011-964 2355, 011-964 1108",tammy@interbilt.com,N/A,N/A
EURO BRIDE,"086-500 7676, 012-997 3421",info@eurobride.co.za,N/A,N/A
SKIN & BODY CLINIC,011-795 2264,skinandbody@mweb.co.za,N/A,N/A
RINO HORN KUSTOMZ,"086-607 2961, 072 444 8043",sbumwelase@gmail.com,N/A,N/A
WEDDING & THINGS,011-849 0550,weddingsandthings@telkomsa.net,N/A,N/A
DR JOHN MILLER,"011-728 6718, 011-728 5014",johanthanmiller@telkomsa.net,N/A,N/A
RAILWAY SAFETY REGULATOR,"011-417 0000, 011-417 0010",N/A,N/A,N/A
360 EASTWOODS GUEST HOUSE,"086-619 5746, 012-430 4009",info@360eastwoodsguesthouse.co.za,N/A,N/A
PARIS BELT (PTY) LTD,"011-334 1870, 011-334 1516",N/A,N/A,N/A
AIRPORT GRAND HOTEL CONFERENCE CENTRE,"011-823 2194, 011-823 1843",N/A,N/A,N/A
MABANA PRE-PRIMARY,011-261 8687,N/A,N/A,N/A
PRESTIGE PARTS WORLD,"011-834 6850, 011-836 5411",zora.ppw@gmail.com,N/A,N/A
MERCURE HOTEL (MIDRAND),"011-312 2020, 011-312 2055",N/A,N/A,N/A
TOPNET PROPERTIES,"014-533 3801, 041-533 3692",toprust@mweb.co.za,N/A,N/A
HOTHAKEL CC,"086-544 4748, 011-023 7881",N/A,N/A,N/A
TONY'S CAR HIRE,"011-975 8081, 011-975 8071",boss@sacarhire.co.za,N/A,N/A
GALLERY CLEARING,"011-830 2767, 086-528 5694",N/A,N/A,N/A
ALLMED MEDICAL SUPPLIES RENTALS (PTY) LTD,"011-640 5266, 011-640 5262",N/A,N/A,N/A
SOUTHERN SUN,"011-783 2004, 011-884 5660",linarl@southernsun.com,N/A,N/A
CENTRA-MAC REFRIGERATION & AIRCONDITIONING SERVICES (PTY) LTD,"011-397 1024, 011-397 1039",info@centromac.co.za,N/A,N/A
MAJINGA CONSULTING CC,"011-685 0740, 011-884 4497",cynthia@majinga.co.za,N/A,N/A
KEKE HAIR KREATIONS,011-970 2533,kekehairkreations@gmail.com,N/A,N/A
ORANGE GROVE VETERINARY HOSPITAL,"086-684 4994, 011-728 1371",N/A,N/A,N/A
VIP STYLISH HAIR STUDIO,"011-958 0397, 011-958 2632",N/A,N/A,N/A
ATLAS PLUMBING,"011-660 4072, 011-665 3706, 072 635 9222",cechen@telkomsa.net,N/A,N/A
TRIO PLUMBING,"086-685 2816, 011-766 3064",N/A,N/A,N/A
ST FRANCIS VETERINARY HOSPITAL,"011-453 8525, 011-453 8384",N/A,N/A,N/A
MERCURY STREET VETERINARY HOSPITAL,"011-894 6628, 086-260 6227",mercurystreet@gmail.com,N/A,N/A
BAKENKOP VETERINARY CLINIC/DIERE KLINIEK,"012-653 4353, 012-653 4474",N/A,N/A,N/A
ASTOM COURIER SERVICES,"011-624 0808, 011-618 3613",N/A,N/A,N/A
FLORIDA VETERINARY HOSPITAL,"011-679 1042, 086-684 3161",N/A,N/A,N/A
VET DELI,"011-318 0046, 011-318 0043",N/A,N/A,N/A
BOSKRUIN VETERINARY CLINIC,"011-792 0482, 086-594 2622",N/A,N/A,N/A
EASTERN VETERINARY HOSPITAL,"011-394 9717, 011-970 1684",N/A,N/A,N/A
XPS FREIGHT,"013-752 1000, 013-752 1006",N/A,N/A,N/A
WATER SHED COLLEGE,013-752 6917,info@watershedschool.co.za,N/A,N/A
TREO PLUMBING & PAINTING,074 325 7774,TONGANY@GMAIL.COM,N/A,N/A
BEAUTY WE GO CC,011-783 8454,sales@beautywego.com,N/A,N/A
JURI BEAUTY PARLOUR,011-802 4668,JURITIOUNS@GMAIL.COM,N/A,N/A
THERABEAUTIC SKIN & BODY CLINIC,011-803 4411,sandy@therabeautics.co.za,N/A,N/A
LENGENDS HAIR DESIGN,011-452 2355,attla@telkomsa.net,N/A,N/A
REBECCA'S BEAUTY SALON,011- 706 8164,REBECCAKUMALO.M@GMAIL.COM,N/A,N/A
VAN NIEKERK NJ DR,"016-427 1023, 016-428 5005",N/A,N/A,N/A
RANDHART VETERINARY CLINIC,"011-864 4755, 011-908 4812",N/A,N/A,N/A
FAIRDEALS HARDWARE,"086-671 5530, 011-339 2932",N/A,N/A,N/A
DE KLERKS MICA HARDWARE,"016-932 3175, 016-931 1550",N/A,N/A,N/A
BUILDERS EXPRESS,"011-793 6110, 086-686 1754",N/A,N/A,N/A
MICA MORNING GLEN,"011-802 2926, 011-802 2638",N/A,N/A,N/A
PINEHAVEN BRICK CENTRE,"011-662 2461, 086-593 3927",N/A,N/A,N/A
UNLIMITED BUILDING SUPPLIES SA (PTY) LTD,011-402 4006,N/A,N/A,N/A
MEGA MICA (EAST GATE),"011-616 4129, 011-622 6237",N/A,N/A,N/A
DIY DEPOT DOUGLASDALE,"011-704 6742, 011-704 4725",N/A,N/A,N/A
ESSENTIAL HARDWARE GROUP,"011-434 2362, 086-601 2839",N/A,N/A,N/A
JACKS PAINT & HARDWARE (ORANGE GROVE),"011-640 6850, 011-640 5067",N/A,N/A,N/A
JAYEN MICA HARDWARE,"011-873 8799, 011-825 5030",N/A,N/A,N/A
BLACK STAR SECURITY SERVICES & TRAINING CC,011-336 0960,N/A,N/A,N/A
ALL GROUND SECURITY SERVICES,"076 659 0637, 086-623 6909",N/A,N/A,N/A
T C M,"011-848 6000, 011-848 6106",N/A,N/A,N/A
KUKHANYA TECHNOLOGIES,"011-425 0066, 011-425 0577",N/A,N/A,N/A
MALUMO CONSULTING & PROJECTS (PTY) LTD,"072 936 5645, 086-231 5558",N/A,N/A,N/A
J R PARTY HIRE CC,"011-453 6550, 086-563 4791",lian@jrhire.co.za,N/A,N/A
LONRHO LOGISTICS (PTY) LTD,"011-571 0800, 011-975 1542",bernards@pca.co.za,N/A,N/A
ARGUS FREIGHT,"011-396 1896, 011-396 2011",shannon@argusfreight.com,N/A,N/A
SEBENZA FORWARDING SHIPPING (PTY) LTD,"011-970 3638, 011-571 0600",tmaloka@sebenza.co.za,N/A,N/A
TEST-A-RELAY,"012-665 0545, 012-665 0549",parco@test-a-relay.co.za,N/A,N/A
MEINTJES FENCING (PTY) LTD,"011-769 1440, 011-769 1449",N/A,N/A,N/A
DIY DEPOY BERGBRON,"011-477 6022, 011-477 7485",pa1@diyberg.co.za,N/A,N/A
SPEED CONTROL TECHNOLOGY,"011-613 1224, 011-623 1240",brandon@speedcontrol.co.za,N/A,N/A
TALISMAN HIRE EDENVALE,"011-453 3999, 011-453 2882",edenvale@talsman.co.za,N/A,N/A
KEA KAMPERS,"086-754 0470, 011-230 5000",ZUBEIDA@THRILSTY.CO.ZA,N/A,N/A
BEM MEDICAL,"011-312 9292, 011-312 9265",info@bemmedical.co.za,N/A,N/A
AAA LOCKSMITHS,"011-869 9915, 011-907 3168",N/A,N/A,N/A
SWAT ELECTRICAL,"011-442 7385, 011-442 7341",N/A,N/A,N/A
NORTH & EAST ELECTRICIAN,073 259 6184,fortunelectrical@gmail.com,N/A,N/A
KNOWLEDGE ELECTRICAL,074 715 4765,benmuroiwa@gmail.com,N/A,N/A
URBAN ESCAPE,011-706 9822,urban@telkomsa.net,N/A,N/A
LANDELAHNI BUSINESS LEADERS,11 750 9536,N/A,N/A,N/A
LANDELAHNI PROFESSIONAL & TECHNICAL APPOINTMENTSS,11 750 9536,N/A,N/A,N/A
LANDELAHNI WORKFORCE MANAGEMENT,11 750 9536,N/A,N/A,N/A
LANDELAHNI ASSESSMENTS,11 750 9536,N/A,N/A,N/A
LANDELAHNI LEADERSHIP DEVELOPMENT,11 750 9536,N/A,N/A,N/A
CONSOLIDATED AUTO (PTY) LTD,"011-918 6930, 011-306 2000",N/A,N/A,N/A
COLOUR CITY PLUMBING ELECTRICAL & HARDWARE SUPPLIES,"011-435 8134, 011- 435 8134",N/A,N/A,N/A
SWITCH ELECTRICAL SUPPLIES,"082 814 4447, 086-571 6301, 011-824 4220, 011-827 5103",robwsmit@vodamail.co.za,N/A,N/A
SKIN & BODY CLINIC.,011-795 2264,N/A,N/A,N/A
TRANSVAAL INSULATION PAINTING CONTRACTORS,"011- 740 9956, 011-744 4981",trips@adsamail.co.za,N/A,N/A
ABC AUTOPARTS,"011-976 3080, 011-976 5531",sales@abcautoparts.co.za,N/A,N/A
WALL ZONE CC,"011-886 4689, 011-886 2119",mfix@mweb.co.za,N/A,N/A
CITY 2 CITY ELECTRONICS,"011-815 3667, 011-815 3665",city2cityelectronics@hotmail.com,N/A,N/A
INTERBILT TRUCK REPAIRS.,"011-964 2355, 011-964 1108",tammy@interbilt.com,N/A,N/A
STRIJDOM PARK VOLKSWAGEN,"011-791 7964, 011-795 5000",N/A,N/A,N/A
BARMASTER,011-314 1631,barmaster@erc.co.za,N/A,N/A
FLOOR DIRECT STRUBENS VALLEY,"011-475 7311, 011-675 5990",N/A,N/A,N/A
I.C NISSAN (BENONI),"011-845 1640, 011-845 2320",N/A,N/A,N/A
R&S TIMNBER & HARDWARE,011-818 4747,rstimber02@gmail.com,N/A,N/A
4 WAY MAINTENANCE SERVICES CC,"086-516 9039, 011-902 6286",morehen@telkomsa.net,N/A,N/A
SPARTAN MOTOR ENGINEERING,"011-975 5077, 011 975 6735",N/A,N/A,N/A
DENNES ENGINEERING,"021-511 6041, 021-511 6051",fazlin@dennes.co.za,N/A,N/A
HAUPTFLEISCH ATTORNEYS,"011-782 2221, 011-782 2432",N/A,N/A,N/A
CENTURION STAAL (PTY) LTD,"012-653 6476, 012-653 6475",N/A,N/A,N/A
CINEVATION (PTY) LTD,"011-329 0603, 011-329 0600",margie@cinevation.co.za,N/A,N/A
DAMPCON,"011-824 4265, 086-073 3872",dampconbr@mweb.co.za,N/A,N/A
TUV RHEINLAND GROUP SA,"012-667 7700, 086-620 2851",N/A,N/A,N/A
SAY MAGIC MANUFACTURING CC,"011-872 1997, 011-872 1444",N/A,N/A,N/A
MODEL ENGINEERING,"016-341 3870, 086-646 5661",sales@modeleng.co.za,N/A,N/A
HENTER MOTOR ENGINEERING,"016-422 5581, 016-421 1784",ELIZE@HENTER.CO.ZA,N/A,N/A
DR JONATHAN MILLER,"011-728 6718, 011-728 5014",johanthanmiller@telkomsa.net,N/A,N/A
WIMPY-ARCON PARK,016-428 2380,rmuller@webmail.co.za,N/A,N/A
WATER WORLD,"011-704 1669, 011-462 4390",wendyannm@cmh.co.za,N/A,N/A
STONE-STAMCOR (PTY) LTD,"011-452 1415, 011-452 1499",N/A,N/A,N/A
DE KLERKS MICA HARDWARE.,"016-932 3175, 016-931 1550",N/A,N/A,N/A
SA PALLET CRATED BOX CC,"086-297 7788, 011-887 6225",admin@sapallet.co.za,N/A,N/A
AFRISAM,"011-670 5793, 011-670 5500",N/A,N/A,N/A
LCM SKIN & LASER CLINIC,012-346 5363,skinandlaserclinic@iburst.co.za,N/A,N/A
SUNSQUARE MONTE CASINO,"011-557 7019, 011-557 7007",priya.bhikha@tsogosun.com,N/A,N/A
MERCURE HOTEL MIDRAND,"011-312 2020, 011-312 2055",H2917@ACCOR.COM,N/A,N/A
FILQUIp ENGINEERING,"011-616 7320, 011-616 2225",sales@filquip.co.za,N/A,N/A
NYONI SECURITY RISK CONSULTANTS & TRAINING CC,011-680 0547,isaac@nyonisecurity.co.za,N/A,N/A
KENTS (PTY) LTD,"016-910 9300, 011-933 4543",madiarossouw@kents.co.za,N/A,N/A
CONTINENTAL OUTDOOR MEDIA,"011-514 1401, 011-514 1400",N/A,N/A,N/A
SCHMIDHAUSER ELECTRICAL,"011-262 5757, 086-154 2548",N/A,N/A,N/A
CATERCARE CC,"011-914 2772, 011-914 2790",amanda@catercare.co.za,N/A,N/A
THE SCRAPBOOK TREASURY,084 549 8752,scrapbooktreasury@gmail.com,N/A,N/A
MSC STARLIGHT CRUISES,"011-807 5085, 011-798 3600",accounts@msccruises.co.za,N/A,N/A
BOTEX PANELBEATERS,"017-826 3881, 017-826 4400",botexpanelbeaters@skyafrica.co.za,N/A,N/A
JOBURG CITY AUTO,"011-334 0389, 011-220 4900",thandi.khoza@bmwdealer.co.za,N/A,N/A
KALALO DEVELOPERS CIVIL & SECURITY SERVICES,"015-291 2820, 015-291 1733",N/A,N/A,N/A
NKOMAZI SECURITY,013-790 1609,N/A,N/A,N/A
PROTOP WOMENS CLINIC,"011-394 0785, 011-394 2143",N/A,N/A,N/A
THE PLAY-PLAY HOUSE,011-792 0660,nerina@theplayplayhouse.co.za,N/A,N/A
NYAMA CATERING,"076 132 8123, 078 354 8938, 086-656 6260",N/A,N/A,N/A
NDIVHUWA SECURITY TRAINING.,015-970 4223,N/A,N/A,N/A
BOATING INTERNATIONAL,"011-452 8280, 011-452 0286",warren@boatinginternational.co.za,N/A,N/A
MULTIPLY PACKAGING (PTY) LTD,"011-866 1115, 011-866 3060",noleen.osner@multiplypackaging.co.za,N/A,N/A
EAST RAND AUTOMOTIVE,"011-823 5882, 011-823 5724",EASTRANDAUTO@TELKOMSA.NET,N/A,N/A
LINEA BRASS,"011-493 4775, 011-499 1201",N/A,N/A,N/A
DIVA DIVINE HAIR,"011-786 5086, 086-565 8896",marketing@divadivadivinehair.co.za,N/A,N/A
AFFIRMATIVE LIFT CC,"011-869 3149, 011-907 5125, 086-664 5125",N/A,N/A,N/A
A J M ENGINEERING SERVICES,"011-453 0728, 011-453 0757",N/A,N/A,N/A
COX & MCKAY ELECTRICAL (PTY) LTD,"011-609 0577, 011-609 0663",N/A,N/A,N/A
D & D LIFTING & CRANE SERVICES (PTY) LTD,"011-524 0871, 011-524 0832",N/A,N/A,N/A
PROBE (NELSPRUIT),"013-753 3029, 013-753 3027",N/A,N/A,N/A
BOARD KING (PRETORIA),"011-314 3103, 011-314 3185",nicoleen@boardking.co.za,N/A,N/A
SPECIALISTED BAKERY ENGINEERING CC,"086-681 6216, 011-433 4817",N/A,N/A,N/A
MAKAU PHEFADU INC,"011-942 1954, 011-942 5277",N/A,N/A,N/A
AG GLASS & ALUMINIUM (PTY) LTD,"011-472 9238, 011-472 9242",RONEL@AGGLASS.CO.ZA,N/A,N/A
MIDWAY GLASS,"011-805 3723, 011-805 1728",andre@midwayglass.co.za,N/A,N/A
MAYDAY GLASS,"011-908 4350, 011-908 2425",mdglass@telkomsa.net,N/A,N/A
NDLOV U C BUILDING PROJECTS,078 623 7325,jadulanndlovu@gmail.com,N/A,N/A
SIZWE BUILDING CONTRACTORS,073 351 6001,nakifapro@yahoo.com,N/A,N/A
LLALE & CO,011-791 0222,dorcasl@llale.com,N/A,N/A
RIVONIA CAR SOUND & CELLULAR,"011-807 6156, 011-807 1770",ananda@rivoniacarsound.co.za,N/A,N/A
RICOH,"011-723 5100, 011-723 5000",surete.strydom@ricoh.co.za,N/A,N/A
UNITY GLASS WORKS,"011-822 5343, 011-828 5919",unityglass.sa@mweb.co.za,N/A,N/A
KRUGERSDORP GOLF CLUB,"011-953 1274, 011-660 4365",N/A,N/A,N/A
LIDO ELECTRICAL,011-334 7500,lidojhb@icon.co.za,N/A,N/A
MOSEC ELECTRICAL,"078 386 1578, 086-515 6945",N/A,N/A,N/A
UTILITY MEASUREMENT AFRICA (PTY) LTD,"011-435 7269, 011-435 7263",linda@uma.co.za,N/A,N/A
ALBERNATE MOTORS,"011-861 8104, 011-861 8100",gmreceptionist@albertante.co.za,N/A,N/A
TURNER MORRIS - HEAD OFFICE,"086 651 7158, 011- 221 3700",INFO@TURNERMORRIS.CO.ZA,N/A,N/A
KURT GEIGER,011-616 2128,kurtgeiger@eastgate.co.za,N/A,N/A
MARLBORO CRANE HIRE (PTY) LTD,"011-882 8301, 011-882 8303",erika@marlborocrane.co.za,N/A,N/A
JACKS PAINT & HARDWARE,"011-640 6850, 011-640 5067",N/A,N/A,N/A
TENK LOUBESER & ASSOCIATES CHARTERTED ACCOUNTS SA,"011-476 1881, 011-476 1630",info@exceedjhb.co.za,N/A,N/A
MANDLAKAZI ELECTRICAL TECHNOLOGY,013-755 2257,belinda@met.co.za,N/A,N/A
SPIRAL ENGINEERING,011-479 9115,admin@spiralengineering.co.za,N/A,N/A
BDK ATTORNEYS,"011-836 8740, 011-838 1214",N/A,N/A,N/A
ST FRANCIS VETERINARYHOSPITAL,"011-453 8525, 011-453 8384",N/A,N/A,N/A
SERES MANUFACTURERS CC,"011-845 3938, 011-845 4808",N/A,N/A,N/A
TRI-DENT PANELBEATERS,"013-282 5673, 013-282 5335",tridenpd@lantic.net,N/A,N/A
FAMILY FUNERAL TRUST,"011-336 2402, 011-336 0833",N/A,N/A,N/A
OFFICE CREATIONS DECOR & DESIGN,"013-752 3888, 013-752 3553",N/A,N/A,N/A
DOPPIO ZERO (SUNNINGHILL),011-234 7841,etdk@vodamail.co.za,N/A,N/A
BETA & POWER ELEVATORS (PTY) LTD,"011-493 6820, 011-493 1549",N/A,N/A,N/A
GERT JORHAAN LABOUR CONSULTANTS,"013-282 7782, 013-282 7781",N/A,N/A,N/A
CCG CABLE TERMINATIONS,"011-394 2202, 011-394 2020",N/A,N/A,N/A
TENTCO,"011-397 6451, 011-397 6421",tentco@worldonline.co.za,N/A,N/A
TOKISO DISPUTE SETTLEMENT (PTY) LTD,"011-853 6335, 011-853 6300",N/A,N/A,N/A
KINTETSU WORLD EXPRESS SA,"086-648 9016, 011-573 5700",nomebeko.mabikane@kwe.co.za,N/A,N/A
CENTRAL TECHNICAL SERVICES (PTY) LTD,"011-616 9441, 011-616 2301",juandie@cys-sa.co.za,N/A,N/A
AUTO COMMODITIES,"011-664 7154, 011-955 4571",N/A,N/A,N/A
INITO EARTH SCIENCES,"011-795 4007, 086-670 9071",michelle@iescience.com,N/A,N/A
OMNI CONNECT CC,011-674 5401,brian@omniconnect.co.za,N/A,N/A
KAUAI JUICE EXPRESS,011-318 1448,ke.bobaworld@kauai.co.za,N/A,N/A
WALRO-FLEX,"011-907 1563, 011-907 7903",N/A,N/A,N/A
EXOL OIL REFINERY (PTY) LTD,"011-769 1779, 011-769 2257",N/A,N/A,N/A
ABERDARE CABLE (PTY) LTD,"013-246 2144, 013-246 2511",N/A,N/A,N/A
FINE ORGANIC CHEMICAL,"011-868 3766, 011-868 1136",june@fineorganics.co.za,N/A,N/A
CYBERSTREAM,"011-886 8041, 011-787 8485",N/A,N/A,N/A
OCEAN BASKET,011-958 0570,featherbrooke@ocean.co,N/A,N/A
METRIC AUTOMOTIVE ENGINEERING,"011-825 7317, 011-873 2350",matric@automotive.com,N/A,N/A
AFFIRMATIVE LIFE CC,"011-907 5125, 086-684 5125",id@affirmative-list.co.za,N/A,N/A
ENTERTAINMENT LOGISTICS,"011-455 4144, 011-579 1300",tersiad@eis-logistics.co.za,N/A,N/A
M I LIFTING,"011-888 9148, 083 679 1208, 011-888 3308",info@milifting.co.za,N/A,N/A
TEAZERS   MIDRAND,011 314 2529,MIDRAND@TEAZERS.CO.ZA,N/A,N/A
TEAZERS BOKSBURG,"011 492 4915, 011 892 4904",teazers@mweb.co.za,N/A,N/A
TEAZERS RIVONIA,"011 807 4101, 011 807 8722",RIVONIACLUB@TEAZERS.CO.ZA,N/A,N/A
GARDEN COURT (EASTGATE),"011-622 7994, 011-622 0570",N/A,N/A,N/A
GARDA AGENCIES CC,011-852 0643,homemark@telkomsa.net,N/A,N/A
HENRY TAYLOR GALLERY,"086-696 6316, 011-705 3194",N/A,N/A,N/A
LABOUR 24 EMPLOYMENT LAW (PTY) Ltd,"011 252 3200, 086 651 7681",info@labour24.co.za,N/A,N/A
LANDELAHNI RECRUITMENT GROUP,011-750 9536,info@landelahni.co.za,N/A,N/A
AMROP SA / LANDELAHNI BUSINESS LEADERS,011-750 9536,sburmeister@amropsa.co.za,N/A,N/A
IMMINENT PERSONNEL & IMMIGRATION SERVICES,011-869 5895,colleen@imminent.co.za,N/A,N/A
CONTROL INSTRUMENTS AUTOMOTIVE,"011-627 2500, 011-627 2600, 086-124 2886",rosemary.chirwa@ci-automotive.com,N/A,N/A
TRIDENT SA (PTY) LTD,"011-902 8988, 011-902 6735",chantel@tridentsa.co.za,N/A,N/A
ARWYP PHARMACY 24 HOURS ARWYP MEDICAL CENTRE,"011-922 1000, 011-922 1411",dorianne.oosthuizen@awe.com,N/A,N/A
PROPSHAFT CITY,"011-868 1869, 011-868 3611",propshaft@mweb.co.za,N/A,N/A
CTI EDUCATION GROUP,"011-467 8422, 011-467 6528",yllas@cti.co.za,N/A,N/A
BEYACHAD COMMUNITY CENTRE,"011-485 1010, 011-645 2500",N/A,N/A,N/A
PROPSHAFT CENTRE,011-825 3440,chantelle@propshaftcentre.co.za,N/A,N/A
ARUM PLACE GUEST HOUSE,"011-482 5247, 086-508 4224",N/A,N/A,N/A
BOTANICA SPA,"011-481 6049, 086-681 3881",francois.joubert@westcliff.co.za,N/A,N/A
MOKGETSI GAS,"011-906 4066, 086-719 9240",mokgetsigas@telkomsa.net,N/A,N/A
MIKE LESSICK MICA HARDWARE,"011-975 1903, 011-394 4896",N/A,N/A,N/A
PROPSHAFT WORLD CC,"011-805 6699, 011-805 4806",propshaftworld@global.co.za,N/A,N/A
ARBONIA CC,"011-462 3226, 011-462 3224",foodequip@arbonia.co.za,N/A,N/A
TIMBER PROFILES,013-253 0298,admin@timberpro.co.za,N/A,N/A
PRO ACOUSIC CONSULTING ENGINEERS,"011-787 9454, 011-886 6460",mail@proacoustic.co.za,N/A,N/A
BELFREIGHT,"011-794 5623, 011-794 2175",info@belfreight.co.za,N/A,N/A
MALUMO CONSULTING & PROJECTS (PTY) LTD.,"072 936 5645, 086-231 5558",N/A,N/A,N/A
ART ECT ERROL BOYLEY,"011-783 0842, 011-883 8282",artetc@iafrica.com,N/A,N/A
QUICK PRESS MANUFACTURING,"011-908 5621, 011-908 5527",N/A,N/A,N/A
VIPER ELECTRICAL DISTRIBUTORS,"011-680 3410, 011-680 3403",N/A,N/A,N/A
AULD LANG SYNE,011-967 2241,bijoux@global.co.za,N/A,N/A
THE WHITE HOUSE GALLERY,"011-268 2129, 011-268 2115",caitin@whg.co.za,N/A,N/A
ESSENTIAL HARDWARE GROUP.,"011-434 2362, 011-434 2363",vanessa@essentialgroup.co.za,N/A,N/A
SHAHED'S HARDWARE,"011-421 2914, 011-421 2915",shahedshardware@yahoo.com,N/A,N/A
RIETFONTEIN DIY & TOOL RENTAL,"011-957 5000, 086-614 5885",reitfonteindiy@gmail.com,N/A,N/A
FLOORS DIRECT (STRUBENSVALLEY),"011-475 7311, 011-475 8000",info@floorsdirect.co.za,N/A,N/A
DYNAMIC SALES & MARKETING,"086-523 4121, 011-827 7818",N/A,N/A,N/A
HELENS CAKES,"011-501 2992, 011-501 2930",HELEN.HEO@YAHOO.COM,N/A,N/A
DELVILLE FLEET MOTOR ENGINEERING,"011-825 6262, 011-873 2584",delville@vodamail.co.za,N/A,N/A
CONSORTIUM CABLES CC,"011-887 3369, 011-887 3389",N/A,N/A,N/A
C E MOBILITY,011-210 6300,reception@cembility.co.za,N/A,N/A
POLO,011-258 7742,resciption@polo.co.za,N/A,N/A
BEATO AUTO BODY CC,"011-744 4072, 011-744 4338",cludia@beatauto.co.za,N/A,N/A
CLEAR WATER MALL,"011-288 5260, 011-675 3232",N/A,N/A,N/A
VUYO PETROLEUM,"011-496 1990, 011-496 2046",N/A,N/A,N/A
F.B BUILDING,"086-616 5525, 011-493 1117",N/A,N/A,N/A
CEVA LOGISTIC SA,"011-396 9400, 011-396 9479",cherryl.tullett@cevalogistic.com,N/A,N/A
AUTO STAR PANEL BEATERS,079 359 4303,castigopanel@gmail.com,N/A,N/A
AC ELECTRICAL & PLUMBING,"011-664 7040, 086-725 9600",N/A,N/A,N/A
SEDINGWANE SECURITY,"011-828 6200, 011-822 6127",N/A,N/A,N/A
YAMATO JAPANESE RESTAURANT,"011-268 0513, 011-268 0511",info@yamato.co.za,N/A,N/A
UNIQUE ENGINEERING,"011-826 6162, 011-826 6111",N/A,N/A,N/A
THE SHEIKH'S PALACE,"011-807 4322, 011-807 4119",N/A,N/A,N/A
TRADE ROOTS,"011-728 0672, 011-728 0673",traderoot@worldline.co.za,N/A,N/A
LEBOWANET PROPERTIES MAINTENANCE SERVICES,078 217 3838,lesli@lebowanet.co.za,N/A,N/A
FORCE ELECTRONICS,"086-626 8746, 011-334 9391",force@globel.co.za,N/A,N/A
MIDAS PART CENTRE,"013-679 7000, 013-697 7007",N/A,N/A,N/A
WIT DEEP SAND & STONE,"011-828 5788, 011-828 5722",N/A,N/A,N/A
ROTAR WASHING LINES,"011-828 8305, 086-546 6392",rotar@mweb.co.za,N/A,N/A
T & H FREIGHT.,011-744 0626,thefreight@telkomsa.net,N/A,N/A
SAFETY & INDUSTRIAL SPECIALISTS,"011-869 1253, 011-907 8929",N/A,N/A,N/A
SIKHULILE GUEST HOUSE,"086-238 5372, 013-741 2883",N/A,N/A,N/A
SOUTHERN SUN (O R TAMBO INTERNATIONAL),"011-975 5846, 011-977 3600",madeleanin.nieand@tsogosun.co.za,N/A,N/A
MONUMENT PANEL BEATERS CC,"011-953 1216, 011-665 2119",moncb@mwap.co.za,N/A,N/A
MVD TRANSPORT CC,"082 811 1662, 011-357 5189",drivers@teljoy.co.za,N/A,N/A
MUSAVENI ELECTRICAL,"083 723 8894, 086-509 8032",N/A,N/A,N/A
MDLIKIZA LIFTS,"074 849 5186, 086-609 3842",mdlikiza@live.com,N/A,N/A
NEST LIFE ASSURANCE,011-783 9262,agnes@nestlife.co.za,N/A,N/A
MPATHO NYONI EVENT MANAGEMENT & FUNCTION HIRE,"013-755 2427, 013-755 3441",N/A,N/A,N/A
IGUGU LESIZWE COMMUNITY CENTRE,011-933 3108,admin@igugulesizwe.co.za,N/A,N/A
DESTINATED COURIER SERVICES,011-552 8288,david@dcstheone.co.za,N/A,N/A
S.D.D FREIGHT.,"011-390 1854, 011-390 1883",donald@sddcargo.com,N/A,N/A
FROMM PACKAGING SYSTEMS,"011-452 4882, 011-452 6154",pat@fromm.pack.co.za,N/A,N/A
GUNNEBO INDUSTRIES (PTY) LTD,"011-614 6078, 011-624 1300",N/A,N/A,N/A
GOODMAN GALLERY,"021-462 7579, 011-462 7573",carla@goodman-gallery.co.za,N/A,N/A
GERI (SANDTON),"011-783 2814, 086-620 3985",N/A,N/A,N/A
RIETFONTEIN DIY & TOOL RENTAL.,"011-957 5000, 086-614 5885",rietfonteindiy@gmail.com,N/A,N/A
TOYOTA SA MOTORS (PTY) LTD,"011-809 9111, 011-809 9412",cpeterson@tsb.co.za,N/A,N/A
EUREKA DIY SOLUTIONS,"0114-471 0847, 011-471 0800",cherylm@eurekadiy.co.za,N/A,N/A
EASTERN VETERINARY HOSPITAL.,"011-394 9717, 011-970 1684",N/A,N/A,N/A
ROOF SURGEON,"086-730 0089, 011-868 3247",N/A,N/A,N/A
MANDLA TECHNOLOGIES (PTY) LTD,011-807 7600,lammem@mandlatech.co.za,N/A,N/A
LONRHO LOGISTICS (PTY) LTD.,"011-571 0800, 011-975 1542",bernards@pca.co.za,N/A,N/A
ATLAS PLUMBING.,"011-660 4072, 011-665 3706",cechen@telkomsa.net,N/A,N/A
STEVE TSWETE HOUSING ASSOCIATION,"013-282 9599, 013-282 9595",ntuli@stha.co.za,N/A,N/A
E T E DRIVING SCHOOL,"086-538 4471, 011 039 8349, 073 416 0959",thulanibaloyi@webmail.co.za,N/A,N/A
DRIEHOEK DRIVING SCHOOL,016-362 1402,clown@vodamail.co.za,N/A,N/A
SHAHED\'S HARDWARE.,"011-421 2914, 011-421 2915",shahedshardware@yahoo.com,N/A,N/A
TYMES LABOUR SOLUTIONS,"011-907 0440, 011-907 0390",N/A,N/A,N/A
MICROKIDS NURSERY SCHOOL,011-477 8625,N/A,N/A,N/A
THUSO SIZA MANGEMENT SERVICES,"011-869 7353, 011-869 7298",BRITTA@BHTECH.CO.ZA,N/A,N/A
VISO BELLO SKIN CARE CENTRE,011-883 8046,info@visobello.co.za,N/A,N/A
RENE TURCK & ASSOCIATES,"011-397 4423, 011-571 7400",walter.c@reneturck.co.za,N/A,N/A
NOVOTRANS INTERNATIONAL FROWARDERS (PTY) LTD,011-392 5940,rene@novotrans.co.za,N/A,N/A
BRYANSTON AUCTIONEERS,"011-463 4666, 011-463 6496",info@bryanstonauctioneers.co.za,N/A,N/A
FILVENT (PTY) LTD,013-656 2726,reception@filvent.co.za,N/A,N/A
BEM MEDICAL.,"011-312 9292, 011-312 9265",info@bemmedical.co.za,N/A,N/A
KEA KAMPERS.,"086-754 0470, 011-230 5000",zubeida@thrilsty.co.za,N/A,N/A
BIG S RECURITMENT CC,011-234 0755,theteam@bigsrecuritment.com,N/A,N/A
PHAKISA HOLDINGS CONSULTANTS,"011-916 2905, 011-916 1731",N/A,N/A,N/A
ROBERT WALTERS,011-881 2400,kathryan.paperson@robertwalters.co.za,N/A,N/A
MICHAEL PRICHARD,"011-783 1011, 011-883 4387",N/A,N/A,N/A
CAPITAL CONTROL CENTRE (PTY) LTD,"011-827 0335, 011-827 3898",N/A,N/A,N/A
SPRINGS PROPSHAFT & HYDRAULICS,"011-811 1240, 011-811 3207",sph2011@telkomsa.net,N/A,N/A
MEINTJES FENCING (PTY) LTD.,"011-769 1440, 011-769 1449",N/A,N/A,N/A
EMPERORS PALACE,"011-928 1077, 011-928 1000",jhavenga@emperorspalace.com,N/A,N/A
ACTIVE GLASS SERVICE,011-477 6490,sales@activeglass.co.za,N/A,N/A
ORBITAL DISTRIBUTORS (PTY) LTD,"011-908 3861, 011-864 3508",admin@orbitaldist.co.za,N/A,N/A
ETA HUMAN CAPITAL RECRUITMENT,011-463 0313,candicej@hcapital.co.za,N/A,N/A
AIM PERSONNEL SERVICES,"011-674 5215, 011-674 4601",maria@aimjobs.co.za,N/A,N/A
DOKUGESI ELECTRICAL CC,"013-243 8191, 013-243 8192",N/A,N/A,N/A
MINDCOR (PTY) LTD,011-551 5500,vishra@mindcor.com,N/A,N/A
AFRICAN SALT WORKS (PTY) LTD,011-608 2894,lindi@afrisalt.co.za,N/A,N/A
SCHNEIDER ELECTRIC,"011-254 6400, 011-254 6712",N/A,N/A,N/A
GRAHAMS FIRE ART GALLERY,"011-465 7631, 011-465 9192",info@grahamsgallery.co.za,N/A,N/A
IIVA GENERAL ENGINEERING,"011-609 3000, 011-609 6618",ilva3@ibi.co.za,N/A,N/A
FLOOR DIRECT (STRUBENSVALLEY),"011-475 7311, 011-475 8000",info@floorsdirect.co.za,N/A,N/A
WIT DEEP SAND & STONE.,"011-828 5788, 011-828 5722",N/A,N/A,N/A
ELITE CHEMICAL INDUSTRIES (PTY) LTD,011-864 4620,elitechem@wol.co.za,N/A,N/A
SOUTH AFRICAN FAULT LOCATION,"011-907 4475, 011-869 7987",N/A,N/A,N/A
DAY 'N NITE GLASS SERVICES CC,"011-887 0330, 011-440 5124",daynnite@mweb.co.za,N/A,N/A
SA BULLET RESISTANT GLASS CO,011-493 8249,sabrg@global.co.za,N/A,N/A
VIVIAN REGINA MARKETING (PTY) LTD,011-813 4147,theah@vivianregina.com,N/A,N/A
PRIMA GLASS,"013-690 1425, 086-589 3853",prima.glass@lantic.net,N/A,N/A
G J & T HOME IMPROVERS CC,011-953 2422,admin@gjthomeimprovers.co.za,N/A,N/A
MORIT MANUFACTURING ENTERPRICE CC,"011-024 4591, 086-672 0033",N/A,N/A,N/A
ELEUSIS PROJECT,"011-275 0275, 011-275 0309",robertovandolne@yahoo.com,N/A,N/A
EXECUTIVE HR,011-425 1339,elmarie@executivehr.co.za,N/A,N/A
HOSPITALITY PLACEMENTS,011-803 6040,hospitality.p@mweb.co.za,N/A,N/A
TRANSAUTO RECRUITMENT,011-792 2372,ashleigh@transauto.co.za,N/A,N/A
OASIS TANNING CO (PTY) LTD,"011-416 2270, 011-416 2265",N/A,N/A,N/A
VISION TISSUE CC,"011-827 7676, 086-502 8582",N/A,N/A,N/A
TUSSCHE TRIANING CONSULTANTS,"086-657 3764, 016-932 4233",safetytraining@telkomsa.net,N/A,N/A
LESHEDA MINING & ELECTRICAL SUPPLIES CC,"011-021 0852, 011-974 3206",kur@mweb.co.za,N/A,N/A
ABAKALI QUANTITY SURVEYOR'S,012-362 1768,pta@abakali.co.za,N/A,N/A
AMANZI OKUPHILA CONSTRUCTION & ENTERPRISES.,"011-931 5376, 073 168 8809",mahlanguabel@gmail.com,N/A,N/A
OCEAN BASKET.,"011-655 1300, 011-312 0603",frede@oceanbasket.co.za,N/A,N/A
NAIL STUDIO,"011-432 5079, 011-432 4958",N/A,N/A,N/A
RV BUSINESS ENTERPRISE,072 930 2364,raayan@rventerprise.co.za,N/A,N/A
SOUTHERN  AFRICA QUANTUM CONSULTANTS & ACTUARIES,011-784 5084,moloenyal@southernafricaquantum.co.za,N/A,N/A
UKWAZI ENGINEERING,"013-246 2031, 013-246 2941",ukwazi@webmail.co.za,N/A,N/A
CHILDINE KATORUS KATLEHONG,011-905 0920,N/A,N/A,N/A
EARLY BIRD SERVICES,"011-312 1259, 011-357 3000",mainterance@earlybird.co.za,N/A,N/A
CHARTERED APPOINTMENTS,011-234 6666,estelle@pnet.co.za,N/A,N/A
FISH WORLD EMERGENCIES CELL,072 070 6618,fishworld@vodamail.co.za,N/A,N/A
ECON OIL & ENERGY (PTY) LTD,011-867 7522,lindiwe@econoil.co.za,N/A,N/A
AQUARIUM CENTRE,"011-683 9081, 011-683 7619",N/A,N/A,N/A
DAY 1 HEALTH (PTY) LTD,"086-111 3513, 011-463 0600",richard@dav1.co.za,N/A,N/A
O-LINE SUPPORT SYSTEMS,"011-378 3714, 011-378 3700",natalie@o-line.com,N/A,N/A
HEALTH & WEALTH,"011-465 0508, 011-463 4672",shaun@bullseye.co.za,N/A,N/A
SECURED STORAGE,"086-502 0805, 013-758 1772",N/A,N/A,N/A
LANGA DRIVING ACADEMY LOGISTIC,"011-869 6645, 086-657 6244",langadrivingacademy@ymail.com,N/A,N/A
HELLERMANN TYTON,"011-879 6620, 011-879 6601",monique.esterhuizen@hellermann.co.za,N/A,N/A
MARKETPLACE PEOPLE CC,011-802 0905,CHER@ICON.CO.ZA,N/A,N/A
BE DIFFERENT RECRUITMENT CC,011-781 7901,danaernene@bedifferent.co.za,N/A,N/A
TEST-A-RELAY.,"012-665 0545, 012-665 0549",parcc@test-a-relay.co.za,N/A,N/A
SABLE GLASS & ALUMINIUM,"013-752 2255, 013-752 2256",info@sableglassalu.co.za,N/A,N/A
AUTENMAS PLACEMENTS,011-615 1156,accounts@autenmas.co.za,N/A,N/A
VAN DER HOVEN,"011-706 2920, 086-615 4282",evdrecruit@global.co.za,N/A,N/A
MAGAMAL & SUN,"011-673 3177, 072 860 4293",N/A,N/A,N/A
FINE LINE CC,"011-477 8115, 011-477 5408",N/A,N/A,N/A
KAMOHELO CHILDREN CENTRE,"016-973 3323, 016-976 2153",N/A,N/A,N/A
IRONWOOD,"086-670 8285, 082 770 9768",olao@mweb.co.za,N/A,N/A
FREEMAN OPTOMETRISTS,"086-699 2020, 013-755 3355",gsozozo@gmail.com,N/A,N/A
EYELAND OPTOMETRISTS,"011-826 6403, 011-823 1565",anton@eveland.co.za,N/A,N/A
BRIEL OPTOMETRISTS,"011-781 9026, 011-789 4274",brieleyes@gmail.com,N/A,N/A
ZETA SCHOSBERG OPTOMETRISTS,"011-609 6522, 011-452 5704",zeta@yebo.co.za,N/A,N/A
NETTMAN OPTOMETRISTS,"011-435 1194, 011-435 9803",nettman@iafrica.com,N/A,N/A
MILTONS OPTOMETRISTS,"011-442 6956, 011-788 1308",optomeyes@icon.co.za,N/A,N/A
SPEC SAVERS,"011-673 8822, 011-673 8820",pheberg@specstores.co.za,N/A,N/A
SPECTACULAR VISION,"011-315 3778, 011-805 1042",SPECTACULAR@ICON.CO.ZA,N/A,N/A
SPECIALISED BAKERY ENGINEERING CC,"086-681 6216, 011-433 4817",N/A,N/A,N/A
VITAL ENGINEERING,011 989 8500,SALES@GRATINGS.CO.ZA,https://www.gratings.co.za/,N/A
HARRINGTON STEEL (PTY) LTD,016-428 5443,harringtonsteel@telkomsa.net,N/A,N/A
PRECISION MOWERS,"011-394 3394, 011-394 3393",precisionmowers@absamail.co.za,N/A,N/A
TUSKER PACKAGING,"011-452 6420, 011-452 6283",trevor@tps.co.za,N/A,N/A
MULTI ALLOYS CC,"011-466 1692, 011-466 2480",KEMP@MULTALLOYS.CO.ZA,N/A,N/A
AUTO STAR PANEL BEATERS.,079 359 4303,castigopanel@gmail.com,N/A,N/A
PHILLIP SHOPFITTING & GAMES,072 189 1837,mateya08@gmail.com,N/A,N/A
KONICA MINOLTA VAAL,"016-982 1026, 016-982 1029",minolta@netactive.co.za,N/A,N/A
KEA RENTALS,"086-625 8068, 011-230 5000",N/A,N/A,N/A
RAND FUNERALS,011-421 7181,veena@randfunerals.co.za,N/A,N/A
COOPER & COOPER (PTY) LTD,"013-650 1591, 013-650 1598",jacque@coopergroup.co.za,N/A,N/A
LOFTUS CARAVAN CITY,"011-793 2312, 011-792 1456",woody@loftuscc.co.za,N/A,N/A
PATRICK PIETERSEN FUNERAL SERVICES CC,011-910 2010,patrickpietersenfuneral@ibiz.co.za,N/A,N/A
MR PROSHAFT CC,"011-493 6350, 011-493 0551",N/A,N/A,N/A
RANI RESORTS (PTY) LTD,"011-658 0633, 011-658 0632",N/A,N/A,N/A
FIX & FIT SECURITY,"011-708 4826, 011-708 2766",N/A,N/A,N/A
BOBROFF RONALD & PARTNERS INC.,"011-880 6784, 011-880 6781",accounts@bobhoff.co.za,N/A,N/A
ACADEMY DRIVING SCHOOL.,"011-834 4231, 011-834 4234",dale.patty45@gmail.com,N/A,N/A
VAAL SCRAP METALS,"016-986 1415, 016-986 0984",vsm@cyberserv.co.za,N/A,N/A
ARGUS FREIGHT.,"011-396 1896, 011-396 2011",shannon@argusfreight.com,N/A,N/A
SPECIALISED BAKERY ENGINEERING CC.,"086-681 6216, 011-433 4817",N/A,N/A,N/A
TALENTED SELECTION,011-454 3369,tessa@talentedselection.co.za,N/A,N/A
JOBS@OSSY,011-845 4952,jobs@assy.co.za,N/A,N/A
SLATER HEALTH FITNESS CLUB,016-423 1229,threeriver@slatergyms.co.za,N/A,N/A
FULRACE ENGINEERING,"011-433 4507, 011-433 4506",fulrace@absamail.co.za,N/A,N/A
DAILY TRANSCIPTIONS CC,011-954 2859,dailyauti@telkomsa.net,N/A,N/A
PETS CHOICE DISCOUNT FOOD & PET SHOP,082 757 0672,kingsdate.konnol@gmail.com,N/A,N/A
SIPHO GLASS & ALUMINIUM,082 731 2018,G@MOBILEEMAIL.VODASA.CO.ZA,N/A,N/A
COST TIME RESOURCES CC,011-888 7163,cte@cmasa.co.za,N/A,N/A
FARADAY DRANKWINKEL,016-931 3477,N/A,N/A,N/A
ARROW TRADING CORP CC,"011-792 1040, 011-793 1251",N/A,N/A,N/A
STEYN LYELL  MEAYANE,"016-422 4928, 016-421 4471",batie@slmlaw.co.za,N/A,N/A
MICHELANGELO TOWERS,"011-245 4100, 011-245 4000",TOWERS@LEGHACYHOYELS.CO.ZA,N/A,N/A
ALBA GAS & WELDING,"011-472 5703, 011-472 5700",accounts@albagas.co.za,N/A,N/A
LINDEN GLASS WORKS,"011-782 9246, 011-888 8717",LINDENMIRROR@GMAIL.COM,N/A,N/A
BENSTORE (PTY) LTD,011-425 2420,benstore.sally@gmail.com,N/A,N/A
SHALOM KIDS,016-976 4507,N/A,N/A,N/A
LUNA TRAVEL,"011-883 9878, 011-783 2723",N/A,N/A,N/A
BUZZ AROUND,"011-869 4825, 086-112 2233",info@buzzaround.co.za,N/A,N/A
INTERTEK GOVERNMENT SERVICES,"011-914 4044, 011-914 4217",tammy.debeer@intertek.com,N/A,N/A
M K RECYCLING CC.,021-704 6805,laneesa@yahoo.com,N/A,N/A
"WOOD""S WAREHOUSING (PTY) LTD","011-869 0370, 011-907 9591",pieterj@woodwarehouse.co.za,N/A,N/A
OZALID,011-394 2101,vanessav@ozalid.co.za,N/A,N/A
OLA MILKY LANE ALBERTON,011-869 9612,oml-alberton@laysholdings.co.za,N/A,N/A
LA INTRONET,011-234 1159,info@laintronet.co.za,N/A,N/A
BCD NTRAVEL,"011-274 4000, 011-484 2421",islabel.pieterse@bcdtravel.co.za,N/A,N/A
3 Q  CONCRETE HOLDINGS (PTY) LTD,"014-592 2202, 014-592 3722",sandra@qconcrete.co.za,N/A,N/A
CUBIC ICE,11 705 2545,N/A,N/A,N/A
VAAL TRANSFORMERS,"016-423 3233, 086-582 0642",vaaltransformers@eject.co.za,N/A,N/A
LUBRICATION EQUIPMENT (PTY0 LTD,"011-864 8231, 011-864 5785",pierre@lubricationequipment.co.za,N/A,N/A
LAKAMA ACCOMMODATION,"013-295 3663, 013-295 3528",N/A,N/A,N/A
HEAD-QUARTERS,"011-839 0009, 011-839 0015",admin@headquarters.co.za,N/A,N/A
FLEXILUBE (PTY) LTD,016-362 0343,irene@flexilube.com,N/A,N/A
HEADLINES PUBLIC RELATIONS,011-887 3422,norma@headlines.co.za,N/A,N/A
CORPORATE COMMUNICATION CONSULTANTS,"011-463 2198, 011-463 2170",chantal@corpcom.co.za,N/A,N/A
GAINT LEAP WORKSPACE SPECIALIST,"011-880 1493, 011-880 1490",creditors@leap.co.za,N/A,N/A
METALS CENTRE,"011-493 4930, 011-493 4941",metalscc@mweb.co.za,N/A,N/A
HLANGANANI EZWENI TRADING & PROJECTS,"011-472 4701, 011-472 4213",priscella@hlanganani.com,N/A,N/A
BRANO SALES & DISTRIBUTION (WEST RAND),"011-760 5774, 011-760 5773",sales2@wrand.brano.co.za,N/A,N/A
CAPACITY OUTSOURCING (RUSTENBURG),014 5940993,N/A,N/A,N/A
CAPACITY OUTSOURCING (PTY) LTD (JOHANNESBURG),011 8321735,N/A,N/A,N/A
CAPACITY OUTSOURCING (PTY) LTD DIV OF ADORP (TRICHARDT),017 6380270,N/A,N/A,N/A
CAPACITY OUTSOURCING (HEAD OFFICE),0860 227224,esterf@capacity.co.za,N/A,N/A
AFRIGRIT,"013-699 0314, 013-699 9425",sales@afrigrit.co.za,N/A,N/A
G G I COMMUNICATION,"011-728 1363, 011-728 6613",N/A,N/A,N/A
ROCKWELL AUTOMATION,"011-654 9700, 011-654 9701",N/A,N/A,N/A
LUBRICATION MANGMENT,"011-740 0066, 086-685 7765",N/A,N/A,N/A
TRANS NATAL CUT GLASS MANUFACTURERS,011-955 4471,carol@transnatal.co.za,N/A,N/A
COLORSCREEN SUPPLIERS GAUTENG (PTY) LTD,"011-262 2715, 011-262 2467",nathan@colorscreen.co.za,N/A,N/A
J D FUNERAL PARLOUR,"011-984 4218, 011-986 1003",N/A,N/A,N/A
MED INFOMATION SYSTEM (PTY) LTD,011-682 8030,maureen@medif.co.za,N/A,N/A
QUALITY LIFE,"011-880 2785, 011-880 9749",N/A,N/A,N/A
LIMORIDE.,"072 373 7133, 072 373 7133
082 966 8113, 082 966 8113",limorite@gmail.com,N/A,N/A
OMSA VALVE & INSTRUMENTATION,011-793 7421,marco@omsa.co.za,N/A,N/A
D & A POWER PRODUCTS (PTY) LTD,"011-828 0370, 011-828 0736",idap@d-a.co.za,N/A,N/A
SEBENZA FOWARDING SHIPPING (PTY) LTD,"011-970 3638, 011-571 0600",tmaloka@sebenza.co.za,N/A,N/A
H & S TIMBER (PTY) LTD,"011-422 3223, 011-421 3810",carol@hstimbers.co.za,N/A,N/A
RELIABLE TRANSFORMERS,"011-421 2333, 011-421 3446",info@reotrans.co.za,N/A,N/A
ISOVER,012-657 2800,kreesan.peters@saintgobain.com,N/A,N/A
GERHAD MULDER GEOTECHNICAL CONSULTANTS,"013-243 2570, 013-282 4672",geotech@mweb.co.za,N/A,N/A
SLATER HEALTH FITNESS CLUB.,016-423 1229,threeriver@salatergyms.co.za,N/A,N/A
ASSOCIATED SYSTEMS,"011-477 2572, 011-673 8325",N/A,N/A,N/A
HIGH PRESSURE SYSTEM CC,"011-571 7300, 011-397 44808",N/A,N/A,N/A
BRIAN VILJOEN & PARTNERS,"011-314 4879, 011-314 4677",gerda@brianviljoen.co.za,N/A,N/A
REBECCA\'S BEAUTY SALON.,011-706 8164,rebeccakumalo.m@gmail.com,N/A,N/A
TIRELO SUPERMARKET,011-665 2484,pranash.pillaya@gmail.com,N/A,N/A
THERABEAUTIC SKIN & BODY CLINIC.,011-803 4411,sandy@therabeautics.co.za,N/A,N/A
PROLUBE MARKETING CC,011-866 1460,prolube@netactive.co.za,N/A,N/A
TALISMAN PLANT & TOOL HIRE SECUNDA (PTY) LTD,"017-631 1649, 017-634 4607",N/A,N/A,N/A
TECHNILUBE CC,"086-500 6777, 011-887 1923",accounts@techilube.co.za,N/A,N/A
DYNAMIC SOLUTION STAFFING,011-452 1768,info@dynamicstaffing.co.za,N/A,N/A
PHILLIPS POWERHOUSE DICTATION SYSTEMS,"011-887 1056, 086-555 3833",N/A,N/A,N/A
SPRINGBOK USED MOTOR PARTS SUMP (PTY) LTD,"011-811 6666, 011-811 5661",hr@sump.co.za,N/A,N/A
KHIXI BUSINESS ENTERPRICE,083 605 5071,khi@ibusinessenterprice.yahoo.com,N/A,N/A
C J BUILDING CONSTRUCTION,083 990 5430,admin@cjbuilding.co.za,N/A,N/A
COMMERCIAL SHEARING (PTY) LTD,"011-397 4264, 011-397 3114",accounts@commercialshearing.co.za,N/A,N/A
UNIQUE PERSONNEL (PTY) LTD,011-970 3166,steve@unique.co.za,N/A,N/A
SIYAHAMBA ENGINEERING (PTY) LTD,"011-824 0080, 011-824 2183",ntswaki@siyahamba.co.za,N/A,N/A
J C P STEEL SUPPLIES ( PTY) LTD,"011-814 2166, 011-814 1898",renitia@jcpsteel.co.za,N/A,N/A
MOSEC ELECTRICAL.,"078 386 1578, 086-515 6945",tiny@mosec.co.za,N/A,N/A
BULI'S HYGIENE CHEMICALS,011-905 2808,N/A,N/A,N/A
LUBREQUIP VAAL (PTY) LTD,016-421 4646,lubevaal@compumail.co.za,N/A,N/A
TOPPRO PLACEMNETS CC,"086-584 7222, 011-789 9480",N/A,N/A,N/A
LARA TRAVEL (PTY) LTD,"011-435 6742, 011-435 6731",lara@laratravel.co.za,N/A,N/A
MAIN SCRAP & MACHINERY CC,"011-974 3285, 011-974 3206",N/A,N/A,N/A
DAY 1 HEALTYH (PTY) LTD,"086-111 3513, 011-463 0600",richard@day1.co.za,N/A,N/A
WORLD ENGINE & TRANSMISSION,"016-986 2196, 016-986 1899",info@worldengine.co.za,N/A,N/A
SOUTHEY CONTRACTING,"011-579 4638, 011-579 4600",wbam@southey.co.za,N/A,N/A
MACSTEEL REINFORCING,"011-421 4426, 011-845 9600",N/A,N/A,N/A
TRUFORM CHEMICALS (PTY) LTD,"011-333 0189, 011-333 0121",N/A,N/A,N/A
THORNY BUSH GAME LODGE,"011-803 7350, 011-253 6500",andre@thornybush.co.za,N/A,N/A
KAY VEE HIRING,011-855 6613,N/A,N/A,N/A
ALPHA CREATIONS,011-791 7200,sales@alphacreations.co.za,N/A,N/A
MONTANA LAUNDRIES & EQUIPMENT,"011-975 1077, 011-975 3809",N/A,N/A,N/A
UNLIMITED PROJECTS,"011-467 1056, 073 620 9974",N/A,N/A,N/A
MIDWAY MICA HARDWARE,"011-315 0469, 011-805 5095",N/A,N/A,N/A
HAMMERTONE FUEL,"011-737 2910, 011-737 2906",N/A,N/A,N/A
JACUELINE PROUD FOOT,011-453 5019,N/A,N/A,N/A
VINCENT INDUSTRIAL SUPPLIES (PTY) LTD,"013-692 8154, 013-692 8151",N/A,N/A,N/A
EASY SECURITY GAURDS (HEAD OFFICE),011-640 1654,judith@easysecurity.co.za,N/A,N/A
SUPER LIFT SERVICES,"011-908 4111, 011-908 4113",lenora@mweb.co.za,N/A,N/A
RIVERSIDE DISTRIBUTORS,"011-493 9346, 011-493 9292",N/A,N/A,N/A
OPERATIONAL MARKETING (PTY) LTD,011-793 5562,tanya@omsa.co.za,N/A,N/A
AESSEAL,"011-466 1257, 011-466 6588",N/A,N/A,N/A
YATES NATIONAL LUBRICANTS CC,"011-493 2489, 011-493 7580",N/A,N/A,N/A
ENABLE EMPLOYMENT SERVICES (PTY) LTD,"011-660 1233, 086-136 2253",N/A,N/A,N/A
ANICIC HEAVY ENGINEERING (PTY) LTD,"011-421 6944, 011-422 1149",aniciche@iafrica.com,N/A,N/A
HERSCHELL,"011-824 2125, 011-827 5935",jhb@swift.co.za,N/A,N/A
KLUBER LUBRICANTION (PTY) LTD,"011-864 7373, 011-908 2457",sandra.koen@za.kluber.com,N/A,N/A
MARTINS FUNERAL SERVICES.,016-455 1263,dkmka@telkomsa.net,N/A,N/A
FIRE PROTECTION ASSN OF SA,"011-397 1618, 011-397 1160",accounts@fpasa.co.za,N/A,N/A
GOLD & FINANCE (SANDTON),"011-883 9972, 011-883 9974",info@gddfin.co.za,N/A,N/A
TSHEPO-THEMBA ENGINEERING (PTY) LTD,011-271 6880,k.vdberg@tshepo-themba.co.za,N/A,N/A
PRESS DYNAMIK (PTY) LTD,"011-608 4429, 011-608 4430",willemien@pressdynamik.co.za,N/A,N/A
ADVANCED FIRE SUSPRESSION TECHNOLOGIES,011-869 2142,admin@advancedfst.co.za,N/A,N/A
FOURNOS BAKERY,"011- 771 2500, 011-325 2096",N/A,N/A,N/A
TUSCANY MODELS MANAGEMENT,"011-907 8032, 011-907 8348",N/A,N/A,N/A
SIYAYA SKILLS INSTITUTE (PTY) LTD.,"011-493 9698, 011-493 9706",N/A,N/A,N/A
CHAIRMAN INDUSTRIES CC,"011-614 4817, 011-624 1222",N/A,N/A,N/A
GLOBAKERIES (PTY) LTD,011-474 1342,rsouthgate@goobakeries.co.za,N/A,N/A
H M H MODELING SCHOOL,011-817 5484,birnie@mweb.co.za,N/A,N/A
NELLY ENTERPRISES,079 536 1363,nelson.ndlovu2012@gmail.com,N/A,N/A
SA EARTHWORKS (PTY) LTD,"011-314 2446, 011-314 2447",admin@saearthworks.co.za,N/A,N/A
FLOWSERVER SOUTH AFRICA (PTY) LTD,"011-923 7300, 011-974 6420",N/A,N/A,N/A
CONGLO CC,"011-743 1926, 011-742 1186",N/A,N/A,N/A
JETPARK OCCUPATIONAL HEALTH,011-826 4902,eteimne@jetparkohc.co.za,N/A,N/A
GRANT'S DAIRY,"086-559 6078, 011-902 8490",grantsdairy@iburst.co.za,N/A,N/A
ACCESS HEALTH SOUTH AFRICA,"086-742 2168, 011-991 8000",N/A,N/A,N/A
F.B BUILDING.,"011-493 1117, 086-540 9784",N/A,N/A,N/A
NEWZIN HAULIERS,"011-051 8904, 011-455 0037",N/A,N/A,N/A
ROMA MELKERY,"086-516 8183, 011-734 3407",rmadairy@gmail.com,N/A,N/A
HYDROBERRY INTERNATIONAL,011-965 0558,martina@hydroberry.co.za,N/A,N/A
CAROLINE DAY SPA & BEAUTY SALON,011-970 1865,cazfrost@hotmail.com,N/A,N/A
MONTIC DAIRY (PTY) LTD,011-617 7222,N/A,N/A,N/A
UBISI METALS,"011-969 1331, 011-969 2790",info@ubisimetals.com,N/A,N/A
APP HARDWARE & BUILDING SUPPLIES,011-955 2279,app.isibani@gmail.com,N/A,N/A
EXCEPTIONAL NAILS,011-485 5793,chana@thelaserbeautique.co.za,N/A,N/A
TOP CARE WOMAN'S CLINIC,"011-873 0041, 011-412 2388",thathaf@iafrica.com,N/A,N/A
BAIRD RENAISSANCE (PTY) LTD,"011-886 2474, 011-504 4000",accounts@baird.co.za,N/A,N/A
ENTERTAINMENT LOGISTICS SERVICES,"011-455 4799, 011-579 1300",N/A,N/A,N/A
REINECKE MJ,"011-416 6194, 086-611 3666",mireinecke@vodamail.co.za,N/A,N/A
G T DRIVING SCHOOL,"011-970 3064, 011-394 7520",gtrainbow@telkomsa.net,N/A,N/A
SIKHOKHO COMPANY,083 478 8634,maxwellgalas@gmail.com,N/A,N/A
KRUITFONTEIN MELKERY,"016-976 5864, 016-976 5884",N/A,N/A,N/A
ESRI SOUTH AFRICA,011-238 6300,isweidan@esri-southafrica.com,N/A,N/A
LE-NASH SIGNS,"011-394 3484, 011-394 0717",N/A,N/A,N/A
MTHEMBU MVELASE CIVIL PROJECTS CC,"016-362 4621, 016-362 4631",pat@mmcivil.co.za,N/A,N/A
RISELY CONTRACT & COMMERCIAL,"011-321 7420, 011-786 3801",judy@risely.co.za,N/A,N/A
DIG DESIGN CC,011-886 7273,michelle@digdesign.co.za,N/A,N/A
HYDRAFORMS SA (PTY) LTD,"011-913 2840, 011-913 1449",sarah@hydroform.com,N/A,N/A
CREAMERS LUBRICATION PRODUCTS,"086-669 5887, 011-900 2716",N/A,N/A,N/A
USIZO PROFESSIONAL CONSULTANCY,"011-672 4322, 011-672 1896",usizo@mweb.co.za,N/A,N/A
RAND WATER,011-682 0911,imohale@randwater.co.za,N/A,N/A
FAMBEZ HYDRAULICS CC,"011-894 2877, 086-651 7205",fambez@absamail.co.za,N/A,N/A
DYNAMIC BALANCING,"011-452 4597, 086-688 4084",ray@balancing.co.za,N/A,N/A
KINGS FUNCTION HIRE,"011-833 3232, 011-833 3233",info@kingshire.co.za,N/A,N/A
LEONELDA PRODUCTS,"011-913 2290, 011-913 1930",ira@leonelda.co.za,N/A,N/A
SOUND XPERIENCE ENTERTAINMENT,011-391 8600,robert@za.soundx.co.za,N/A,N/A
AXXON-TRU TEST SCALES MILKING,"011-837 7177, 011-837 3100",axxon@globel.co.za,N/A,N/A
OHSCARE CC,013-712 6952,glenda@ohscare.co.za,N/A,N/A
H BIRKENMAYER (PTY) LTD,"011-394 1681, 011-970 3880",tammy@birkenmayer.co.za,N/A,N/A
ELLIOTT CORPORATE RELOCATIONS SA (PTY) LTD,086-126 7773,alex@coroprelo.co.za,N/A,N/A
BRYANSTON GLASS CC,"011-463 73, 011-463 7353",bryanglass@pdka.co.za,N/A,N/A
DR KOOS GROBLER,"011-475 1302, 011-475 1301",N/A,N/A,N/A
PICK A KITCHEN,011-867 6045,raypickakitchen@gmail.com,N/A,N/A
KITCHEN HYPER CC,011-452 6644,nicolette@kitchen.hyper.co.za,N/A,N/A
A & A CONTAINERS.,"011-794 6571, 011-794 6577",N/A,N/A,N/A
STINGRAY GRAPHIX,"011-452 5554, 011-452 5553",N/A,N/A,N/A
EUROPCAR (GAUTENG),N/A,N/A,N/A,N/A
EUROPCAR (SANDTON SUN),N/A,N/A,N/A,N/A
EUROPCAR (BRAAMFONTEIN),N/A,N/A,N/A,N/A
EUROPCAR (GERMISTON),N/A,N/A,N/A,N/A
EUROPCAR (O R TAMBO INTERNATIONAL AIRPORT),086 673 6171,N/A,N/A,N/A
EUROPCAR (LANSERIA AIRPORT),N/A,N/A,N/A,N/A
EUROPCAR (MIDRAND AIRPORT),N/A,N/A,N/A,N/A
EUROPCAR (VANDERBIJLPARK),N/A,N/A,N/A,N/A
EUROPCAR (RANDBURG),N/A,N/A,N/A,N/A
EUROPCAR (BENONI),086 675 8273,N/A,N/A,N/A
EUROPCAR (Megawatt Park),N/A,N/A,N/A,N/A
EUROPCAR (HATFIELD),N/A,N/A,N/A,N/A
EUROPCAR (CSIR Pretoria),N/A,N/A,N/A,N/A
EUROPCAR (FOURWAYS),N/A,N/A,N/A,N/A
EUROPCAR (ROSEBANK),"011 880 9302, 011 880 0918",N/A,N/A,N/A
EUROPCAR Mogale City (Krugersdorp),N/A,N/A,N/A,N/A
EUROPCAR ( Aeroton),086 673 4459,N/A,N/A,N/A
EUROPCAR (SANDTON),011 666 8340,N/A,N/A,N/A
P S G HAULIER,"011-827 0786, 011-827 0070",N/A,N/A,N/A
SCAW METALS GROUP,"013-699 9197, 013-699 9044",cswaneppel@scaw.co.za,N/A,N/A
SALCHAIN (PTY) LTD,011-873 6666,lindiwe@salchain.com,N/A,N/A
DEW FRESH (PTY) LTD,017-683 0254,factory@dewfresh.co.za,N/A,N/A
SURTEES INVESTMENTS (PTY) LTD,011-626 1171,N/A,N/A,N/A
SURTEES TUBE TECHNOLOGIES,"011-626 3516, 011-626 1711",N/A,N/A,N/A
SURTEES BOILER SUPPLIES,"011-626 1171, 011-626 3516",N/A,N/A,N/A
IMPERIAL CARGO SPECALISED BUSINESS,"011-864 6578, 011-864 1888",greeff@impcargosolution.co.za,N/A,N/A
JANSEN INTERNATIONAL CC,011-789 1287,gloria@jansenint.co.za,N/A,N/A
PURE GRAPHIC DESIGN,011-45 3838,INFO@PUREGRAPHIC.CO.ZA,N/A,N/A
MANTUBA BUSINESS COMMUNICATION,011-468 3708,brian@mantubacom.co.za,N/A,N/A
H.S PENTA AFRICA (PTY) LTD,011-824 5495,laureen.martinson@hspentaafrica.co.za,N/A,N/A
EUROPOWER AFRICA (PTY) LTD,011-450 2030,nadia.kruger@hyroscand.co.za,N/A,N/A
MAREDI TELECOM & BROADCASTING (PTY) LTD,"011-312 2454, 011-312 2463",justeced@mareditel.co.za,N/A,N/A
AZANIA ENGINEERING (PTY) LTD,011-892 3233,ordit.azania1@gmailo.com,N/A,N/A
FLEXIFLOW HYDRAULICS VALUE & INDUSTRIAL SUPPLIES CC,011-894 2391,flexiflow@mailzome.co.za,N/A,N/A
REAL TIME CONNECTIONS (PTY) LTD,"011-467 2133, 011-467 1056",degan@iptc.co.za,N/A,N/A
BERLONI KITCHENS,011-268 6140,yanir@tapitalla.co.za,N/A,N/A
BERLONI KITCHENS.,011-268 6140,yanir@tapitalla.co.za,N/A,N/A
GALLOWAY WOODWORK ENTERPRISES CC,011-979 3187,info@gallowaywoodworks.co.za,N/A,N/A
MOLYKOTE INDUSTRIES LUBRICANTS,011-393 1881,johnd@seelservices.co.za,N/A,N/A
INGWE GRAPHICS CC,011-393 2842,ingwegr@mweb.co.za,N/A,N/A
CREATIVITY GRAPHIC & MARKETING (PTY) LTD,011-886 7058,reception@creativity.co.za,N/A,N/A
PRO ROOF,"013-752 2849, 013-752 2286",N/A,N/A,N/A
ALPHA DRAINS & PLUMBING,"011-795 2357, 086-111 5439",audrey@alphadrains.co.za,N/A,N/A
PROGRESS RECURITMENTS,"086-111 1375, 011-463 1344",ntabiseng@zaprogress.co.za,N/A,N/A
A E ELECTRICAL,079-316 7773,ARNOLDOREGMAT@GMAIL.COM,N/A,N/A
HALL REAL ESTATE,"011-579 3700, 011-455 3362",finance@hallreal.co.za,N/A,N/A
KEA CAMPERS / KEA RENTALS,011-230 5000,roelos@thrifty.co.za,N/A,N/A
MAXSTONE,"011-957 5962, 086-671 2349",maxstone@mweb.co.za,N/A,N/A
TOSHIBA,"011-791 6008, 011-796 4800",amy@toshiba.co.za,N/A,N/A
SMARTSTONE (MIDRAND),"011-310 1161, 086-654 9154",accounts@smartstone.co.za,N/A,N/A
SASCRETE PAVINGS,"016-362 1451, 016-362 0507",lourina@sascretbricks.co.za,N/A,N/A
S D M EYE WEAR,"011-334 7020, 011-334 6026",hester@liestecs.co.za,N/A,N/A
RAND TRANSMISSION,"011-622 1642, 011-621 8300",elmarie@rtc.co.za,N/A,N/A
ASHBURY SATCOM,"011-275 0296, 086-644 3843",maxstone@mweb.co.za,N/A,N/A
TALMAC MACHINE TOOLS,"011-827 6539, 011-827 6546",info@talmac.co.za,N/A,N/A
SEW EURODRIVE,"013-752 8008, 013-752 8007",lindabe@sew.co.za,N/A,N/A
SEW EURODRIVE - HEAD OFFICE,"011-248 7000, 011-494 2200",lindaba@sew.co.za,N/A,N/A
EATON..,"011-824 1214, 011-824 0202",marlenecoetzee@eaton.com,N/A,N/A
CHADHA POWER SA (PTY) LTD,"011-803 5703, 011-803 5704",brunolopes@chadhapower.com,N/A,N/A
APC SCHINIDER ELECTRICAL,011-557 6600,dean.pillay@schinider-electrical.com,N/A,N/A
INKOKHELI BUSINESS ENTERPRISE,"016-422 9896, 016-422 9012",inkokheli@yahoo.com,N/A,N/A
ITAL CONCRETE DESIGN CC,"011-693 4415, 011-693 1240",admin@italconcrete.co.za,N/A,N/A
PSS DISTRIBUTORS (EDENVALE),"011-608 4260, 011-608 4259",sales@pss.co.za,N/A,N/A
SKY CHEM & LAB SUPPLIES CC,011-864 4009,ttrr@telkomsa.net,N/A,N/A
MICROSEP,"011-553 2300, 011-553 2400",info@microsep.co.za,N/A,N/A
MICRON LABORATORY SERVICES CC,"013-690 1532, 013-656 1000",brenden@mlabs.co.za,N/A,N/A
CRAW COUR,011-396 2334,office@tclabservices.co.za,N/A,N/A
AGILENT TECHNOLOGIES - LIFE SCIENCES & CHEMICAL ANALYSIS,"011-541 9801, 011-541 9802",elizmas@chemetrix.co.za,N/A,N/A
GOLDEN POND TRADING 67,"011-674 0048, 086-603 1180",goldenoond@telkomsa.net,N/A,N/A
LABORATORY EQUIPMENT SUPPLIES CC,"011-873 5001, 086-670 8260",ashtree@mweb.co.za,N/A,N/A
ANATECH INSTRUMENTS (PTY) LTD.,"011-462 6776, 011-704 0490",liza@anatech.co.za,N/A,N/A
CARL ZEISS (PTY) LTD,"011-886 9592, 011-886 9510",claudia.nicholl@zeiss.com,N/A,N/A
HOUGHTON HOUSE RECOVERY CENTRE,"011-781 7348, 011-787 9142",N/A,N/A,N/A
FLI AFRIKA TRAVEL (PTY) LTD,"011-483 0049, 011-718 2012",accounts@fli-afrika.com,N/A,N/A
SURE ZENOJET TRAVEL,"011-022 6410, 011-453 9201",jacqui@zenojettravel.co.za,N/A,N/A
B C D TRAVEL,"011-274 4000, 086-588 0711",julianne.baker@bedtravel.co.za,N/A,N/A
EMERALD CASINO RESORT,"016-982 2546, 016-982 8000",charnev@emeraldcasino.co.za,N/A,N/A
NATIONAL GLASS (PTY) LTD,013-758 2191,admin@nationalglass.co.za,N/A,N/A
FIFTH AVENUE AUCTIONEERS,"011-781 2040, 011-787 7593",N/A,N/A,N/A
TRAVKOR (PTY) LTD,011-883 7803,jeeway@travkor.co.za,N/A,N/A
NEW WORLD TRAVEL,011-622 7129,jianping.dorris@yahoo.com,N/A,N/A
GOLDEN NEO-LIFE DIAMITE (PTY) LTD,"035-751 1520, 035-751 1541",TANITH.PARKIN@GNLD.CO.ZA,N/A,N/A
WATER SHED COLLEGE.,"072 318 1250, 013-752 6917",info@watershedschool.co.za,N/A,N/A
AC RECRUITMENT,011-979 1053,N/A,N/A,N/A
M I LIFTING CC,"011-888 9148, 083 679 1208, 011-888 3308",info@milifting.co.za,N/A,N/A
SMART STONE (MIDRAND),"011 310 1172, 011 310 1161",midrand@smartstone.co.za,N/A,N/A
SHEER MAGIC,011-789 7847,magic@sheermagic.co.za,N/A,N/A
VENDING TECHNICAL SERVICES (GAUTENG),011-396 1032,francois@vts.gauteng.co.za,N/A,N/A
ELECTRONIC VENDING SERVICES (PTY) LTD,011- 708 2542,accounts@evssa.co.za,N/A,N/A
CROSSLATE AUCTIONEERS,"011-894 7366, 011-894 5617",max@xtcte.co.za,N/A,N/A
AUCOR (PTY) LYD,"011-237 4444, 011-237 4445",melinda@aucor.co.za,N/A,N/A
ABLAND (PTY) LTD,"011-510 9990, 011-510 9999",bchristineb@abland.co.za,N/A,N/A
THE RIDGE CASINO & ENTERTAINMENT RESORT,"013-692 6770, 013-655 9300",kennethnhopho@tsogsun.com,N/A,N/A
NV CONSTRUCTION CC,"011-849 9797, 011-849 1843",vilarinho@telkomsa.net,N/A,N/A
NATIONAL HOME BUILDERS REGISTRATION COUNCIL,"011-317 0000, 011-804 1045",conradm@nhbrc.org.za,N/A,N/A
KORONGO AIRLINES,"011-289 8072, 011-289 8019",N/A,N/A,N/A
LEADERS IN TRAVEL CC,"011-838 6454, 011-832 1525",N/A,N/A,N/A
ROSEBANK TRAVEL,"011-880 5954, 011-880 3600",N/A,N/A,N/A
SUR PROTRAVEL (PTY) LTD,011-465 0626,ch@pro-travel.co.za,N/A,N/A
RUSTENBURG TRAVEL,"014-592 0251, 014-597 1280",janad.raty@tgalieo.sa.co.za,N/A,N/A
ROYAL GOLD TRAVEL AGENCY,"011-331 6570, 086-590 0707",rayalgoldagency@yahoo.co.za,N/A,N/A
PINEHAVEN BUILD IT,"011-662 2461, 086-693 3927",N/A,N/A,N/A
SIYASIZANA CASH LOANS,013-750 2864,mathildaswart8@gmail.com,N/A,N/A
PEX HYDRAULICS,011-882 8413,teresa@pex.co.za,N/A,N/A
GINGER BROWN,"011-362 6500, 011-362 2771",gingerbrown@iafrica.com,N/A,N/A
MINERAL WATER MAN,"011-791 3945, 011-792 9898",judy@mineralman.co.za,N/A,N/A
AMALGUM INVESTMENT 19 (PTY) LTD,011-452 8413,ggv@telkomsa.net,N/A,N/A
AFRICAN OXYGEN LTD (HEAD OFFICE),011-490 0400,linda.barrows@afrox.linde.com,N/A,N/A
SA WELDING (PTY) LTD (HEAD OFFICE),011-395 1311,hannelie@sawelding.com,N/A,N/A
SA WELDING (PTY) LTD,016-931 9051,hannelie@sawelding.co.za,N/A,N/A
RISING SUN FIELD SERVICES & MAINTENANCE CC,013-752 7011,risingsun@vodamail.co.za,N/A,N/A
GANSET REPAIRS,"016-362 2454, 016-362 3466",info@gensetrepairs.co.za,N/A,N/A
DIESEL ELECTRIC SERVICES (PTY) LTD,"011-493 0282, 011-298 1600",dieselelect@icon.co.za,N/A,N/A
PHD POWER DISTRIBUTION CC,011-346 1812,regina@rhdpowerhouse.co.za,N/A,N/A
COFLER & CO (PTY) LTD,"011-482 0945, 011-482 6944",pino@netactive.co.za,N/A,N/A
D G B (PTY) LTD,"011-653 1101, 011-653 1000",N/A,N/A,N/A
ULTRALLOY (PTY) LTD,"011-462 3509, 011-462 2217",N/A,N/A,N/A
DEZI WELDING & PROJECTS CC,"011-477 0002, 011-673 3352",N/A,N/A,N/A
MOOLAAN IRON & STEEL,"011-421 0303, 011-421 9229",N/A,N/A,N/A
SEIBOD GAS & WELDING SUPPLIES,"016-976 0053, 016-976 0054",seibodivan@telkomsa.net,N/A,N/A
BRAND WELD (PTY) LTD,"011-392 3145, 011-392 5661",pam@brandweld.co.za,N/A,N/A
WELDING & ENGINEERING SUPPLIES,011-828 9907,CAREW@GLOBEL.CO.ZA,N/A,N/A
VERA CRUZ (PTY) LTD,"01-842 7100, 011-872 1078",billie@veracruz.co.za,N/A,N/A
THERMITREX (PTY) LTD,011-914 2540,christine@thermitrex.co.za,N/A,N/A
GEE SIX SUPER WELD (PTY) LTD,017-631 5571,sales@geesix.co.za,N/A,N/A
INSTRUWELD CC,"011-794 1927, 011-794 4569",instruweld.cc@absamail.co.za,N/A,N/A
LMECH ENGINEERING,"011-392 2501, 011-392 0702",cmurray@refraline.com,N/A,N/A
VORARC WELDING CC,"011-828 0130, 011-828 0693",accounts@vorarc.co.za,N/A,N/A
SONOMATIC (PTY) LTD,"011-450 2324, 011-450 2327",jmc@vsonomatic.co.za,N/A,N/A
RIVET & WELD STUD MANUFACTURING CC,"011-914 5106, 011-914 5103",studweld@icon.co.za,N/A,N/A
MESSER EUTECTIC SA (PTY) LTD,"011-708 1042, 011-708 2158",nicolea@messer-eutetic.co.za,N/A,N/A
POWERMAN,011-794 3886,jonathan@powerman.co.za,N/A,N/A
FLUI CONNECTO (BENONI),011-422 2805,RUAN.PIETERSE@FLUICONNECTO.CO.ZA,N/A,N/A
PARTSERVE CHANNEL SUPPORT (PTY) LTD,011-201 7777,laurissab@partserve.co.za,N/A,N/A
BUNNY PANTS GRAPHIC DESIGN STUDIO CC,"016-428 5322, 086-552 9695",willem@bunnypants.co.za,N/A,N/A
GROENEVELD SA (PTY) LTD,"011-450 3980, 011-450 3977",dwn@themoment.co.za,N/A,N/A
GILLESPIE DIESEL SERVICES (PTY) LTD,"011-392 3065, 011-392 3236",admin@gillespiediesel.co.za,N/A,N/A
DURA POWER MANUFACTURING,011-672 4720,sales@durapower.co.za,N/A,N/A
CHEMCRAFT,"011-968 1117, 011-967 2712",chemcraft@mweb.co.za,N/A,N/A
THE CAMERAL MAN,"011-434 4906, 011-434 5952",vanessa@twimports.co.za,N/A,N/A
NONDO & MOOR,"011-884 1772, 011-884 7723",N/A,N/A,N/A
THE SKILLS MATRIX,"011-391 8031, 011-366 1767",carien@theskillsmatrix.co.za,N/A,N/A
HAZCHEMWIZE (JHB),011-975 1218,reception@hazchemwize.co.za,N/A,N/A
QUANTAM AUTO PARTS,"011-786 8269, 011-987 9921",quantumauto@telkomsa.net,N/A,N/A
FINVEST ACCOUNTANTS,014-592 3984,jenny@finvest.co.za,N/A,N/A
PILODIA & ASSOCIATES ACCOUNTANTS & TAX CONSULTANTS,013-282 4037,riazpilodia@telkomsa.net,N/A,N/A
PHUMELELA ACCOUNTANTS,011-050 0127,info@phumelelaaccountants.co.za,N/A,N/A
MARAIS & ALCOCK PUBLIC ACCOUNTANTS,011-896 5112,ansia@maraisalcock.co.za,N/A,N/A
ARBEE & OSMAN CHARTERED ACCOUNTANTS (SA),013-282 8358,zakiyyaarbeetax@gmail.com,N/A,N/A
WILOLEM VAN WYK REKENMEESTERS BK,"013-751 3861, 013-750 0989",www@wvwaccountants.co.za,N/A,N/A
THORT CHARTERED ACCOUNTANTS,011-467 6711,debtors@thortssa.co.za,N/A,N/A
D ARVANITIS & COMPANY CHARTERED ACCOUNTANTS,011-953 1305,darv@mweb.co.za,N/A,N/A
I A P A JOHANNESBURG CHARTERED ACCOUNTANTS,011-887 8593,chavie@ipa.co.za,N/A,N/A
ERA ACCOUNTANTS,016-454 0284,era@acc.org.za,N/A,N/A
RBI CHARTERED ACCOUNTANTS INC,"011-678 5230, 011-502 2900",maureenb@rbiworld.co.za,N/A,N/A
NETT RAND ACCOUNTANTS & AUDITORS,011-662 2513,celichiag@netrand.co.za,N/A,N/A
SIZWE NTSALUBA GOBODO,"011-718 8601, 011-718 8600",yuvonne@sng.za.com,N/A,N/A
RECIPROCAL WINE TRADING CO (PTY) LTD,"011 482 9178, 011 482 9168",ORDERS@RECIPROCAL.CO.ZA,N/A,N/A
CARRIER MARINE SERVICES,011-390 2496,chrisolines@servest.co.za,N/A,N/A
MODERN SCALE,086-172 2537,paula@scalerite.co.za,N/A,N/A
INSTRUMENT TRANSFORMER TECHNOLOGIES (PTY) LTD,"011-822 1651, 011-822 8022",jan@ittza.co.za,N/A,N/A
SYSTEM AIR,011-462 7993,savn@systemair.co.za,N/A,N/A
ALPHA POWER - OFFICE,011-453 3749,ej@alphapower.co.za,N/A,N/A
WILFRED & SON SWOP & PAWN,011-855 4469,shantelle@mtnloaded.co.za,N/A,N/A
IMPRO TECHNOLOGIES (PTY) LTD (BROADACRES),086- 004 6776,derrenl@impro.net,N/A,N/A
HYPER PAWN (FLORIDA),011-674 3752,hyperpawn@live.co.za,N/A,N/A
GOLD & FINANCE,011-883 9972,info@goldfin.co.za,N/A,N/A
M F N LIFTING SYSTEM,"086-612 9006, 011-552 3505",N/A,N/A,N/A
THAVALERIE TRAVEL,"043-722 4415, 043-722 3701",thavlerietravel@telkomsa.net,N/A,N/A
SISONKE DEVELOPMENT PLANNERS,"013-755 2803, 013-755 2914",marika@sisonkedevelopmentplanners.co.za,N/A,N/A
GARTNER AFRICA,011-803 4706,lisa.lawlor@qartner.co.za,N/A,N/A
TEAM DIESEL SERVICES CC,"011-823 3770, 011-823 2652",busi@teamdiesel.co.za,N/A,N/A
DOCUTILE (JHB) (PTY) LTD,011-312 5000,candice@docutile.co.za,N/A,N/A
LIVE WIRE LEARNING (PTY) LTD,"011-807 7856, 011-807 7716",info@livewireleaming.co.za,N/A,N/A
DURCRAFT KITCHEN (PTY) LTD,"011-452 1486, 086-621 5538",N/A,N/A,N/A
RISK ZA,086-174 7592,megan@risk.za.com,N/A,N/A
RADICAL MOBILITY,"086-676 3442, 011-664 6069",N/A,N/A,N/A
MONYETLA SERVICES (PTY) LTD,"016-889 9830, 016-889 9823",N/A,N/A,N/A
CAVALIERI CHEESE CC,"013-752 6438, 013-752 6443",N/A,N/A,N/A
BANDINI CHEESE,"011-765 1462, 011-765 1522",N/A,N/A,N/A
COLOUR COUNTRY FLORA,"011-954 4811, 011-954 2590",COLOURCOUNTRYFLORA@GMAIL.COM,N/A,N/A
LOSHAN AIRCONDITIONING & REFRIGERATOR CONSTRACTORS CC,"086-657 6833, 087-722 1403",laventhal@ivuist.co.za,N/A,N/A
ONTIME READYMIX CONCRETE CC,011-740 8915,ontimemix@polka.co.za,N/A,N/A
AQUATEX FABRIC PAINT,011-493 3686,urnestn@chemosol.co.za,N/A,N/A
CHEMOSOL SCREEN & PRINT SUPPLIES,011-493 3686,urnestn@chemosol.co.za,N/A,N/A
SHARP-RITE,"011-624 1922, 011-624 3185",N/A,N/A,N/A
PANASONIC BUSINESS SYSTEM,"014-717 4030, 014-717 4031",N/A,N/A,N/A
BUILD IT (MACHADORP),013-256 0965,jacoengelbrechb12@gmail.com,N/A,N/A
10111 PLUMBERS & ELECTRICAL,"082 684 0435, 011-664 7199",frikkie@10111plumbers.co.za,N/A,N/A
WEBSTER INSTRUMENT SERVICES & SALES,"011-679 4252, 011-679 4258",info@webster-instruments.co.za,N/A,N/A
MACHINE TOOL EXCHANGE,"011-728 6387, 011-026 5383",info@machinetoolexchange.co.za,N/A,N/A
UPS DIRECT (PTY) LTD,"011-879 8810, 011-879 8800",N/A,N/A,N/A
FURNLOCK & SLIDE,011-444 3997,breg@furnlock.co.za,N/A,N/A
RACEC RAIL,"011-845 5300, 011-845 5310",rosina.somoro@racec.co.za,N/A,N/A
BLACKFIX APPLIANCE SERVICES,"011-444 5438, 011-443 0808",N/A,N/A,N/A
EEZI PAWN,011-907 1332,N/A,N/A,N/A
NIC BROKERS,"011-391 6554, 011-391 6613",dani@nicsa.co.za,N/A,N/A
TOM BELL,"011-792 1750, 011-792 5576",tom@tombell.co.za,N/A,N/A
MAJITA'S AIRCONDITIONING,072 639 0599,majitasai@gmail.com,N/A,N/A
FERROGAS CC (PTY) LTD,"013-656 4977, 013-656 4979",debtors@feroogas.co.za,N/A,N/A
MILNEX 212,079 519 9344,shona@myconnection.co.za,N/A,N/A
FUGRO AIRBORNE SURVEY (PTY) LTD,011-659 1119,jvardy@fugro.airbome.co.za,N/A,N/A
ALPHA TRAUMA CENTRE,"016-422 0509, 016-422 0507",N/A,N/A,N/A
RIALWAY SAFETY REGULATOR,"011-417 0000, 011-417 0069",lufuno@rsr.org.za,N/A,N/A
CHROMATECH SERVICES (PTY) LTD,"086-100 5683, 011-958 1924",sean@chromatech.co.za,N/A,N/A
EHRENBERG ENGINEERING,"011-493 1677, 011-493 6280",electrocontact@globel.co.za,N/A,N/A
ATOZ DIESEL ENGINEERING,011-822 6761,reception@atozdieseleng.co.za,N/A,N/A
POWER DEVELOPMENT SERVICES,"011-472 6008, 011-472 0669",sales@pdspower.co.za,N/A,N/A
HAWKER SIDDELEY TRANSFORMERS,"011-824 3061, 011-827 3458",sales@hawkersiddeley.co.za,N/A,N/A
KNOWLEDGE ELECTRICALAMP TRANSFORMERS,"011-900 1510, 011-900 1515",ampstransformers@netactive.co.za,N/A,N/A
R & H RAILWAY,"011-886 7792, 011-886 6951",jhb@robhitch.co.za,N/A,N/A
APC BY SCHNEIDER,011-254 6400,belinda.aslett@schneider-electric.co.za,N/A,N/A
IMPALA FRUIT & FLOWERS,011-475 0340,pedoinoala.mail@gmail.com,N/A,N/A
ABACUS GARDENS,"011-795 2000, 011-795 2021",debbie@abacusgardens.com,N/A,N/A
LIUGONG MACHINERY SOUTH AFRICA (PTY) LTD,"011-979 0970, 011-797 0975",rudyc@liugong.com,N/A,N/A
GEO TRANSMISSION SPARES & REPAIRS,011-395 4629,cicelia@geotransmission.co.za,N/A,N/A
SA FENCE AND GATE (MIDRAND),"11 542 0460, 11 314 4647",N/A,N/A,N/A
BROKREW INDUSTRIAL (PTY) LTD,011-668 6300,info@uvss.co.za,N/A,N/A
MEGA LOCK,"011-466 3526, 011-466 3528",admin@megalock.co.za,N/A,N/A
IMPACT MEDICAL,011-469 1750,impactmed@global.co.za,N/A,N/A
TURBO VENT AFRICA (PTY) LTD,"011-613 6921, 011-613 1241",sales1@turbovent.co.za,N/A,N/A
TISSUE MASTERS (PTY) LTD,"011-392 4601, 011-392 2139",N/A,N/A,N/A
ALSTOM MECHANICAL EQUIP,"011-871 6777, 011-871 6666",craig.johnston@actom.co.za,N/A,N/A
ROLAND DG SOUTH AFRICA,"011-466 1555, 011-466 1551",bianca.corbier@rolanddg.co.za,N/A,N/A
THE DOCUMENT WAREHOUSE,"011-493 0279, 011-298 0700",michellep@dw.co.za,N/A,N/A
OSHA ADMINISTRATORS,011-474 1577,nadsecurity@gmail.com,N/A,N/A
PIONTO PEOPLE CC,"011-894 4380, 011-894 4371",N/A,N/A,N/A
DOCUMENT EXCELLENCE (PTY) LTD,"011-234 2282, 011-234 2280",N/A,N/A,N/A
MONTY'S,"011-786 0694, 011-786 0274",N/A,N/A,N/A
SAWA HAA SPA,011-050 1707,sawahaa@hotmail.co.za,N/A,N/A
PARROT PRODUCTS (PTY) LTD (MAXI CALL),086-126 2737,sales@parrot.co.za,N/A,N/A
SHABANGU ARCHITECTS CC,011-880 1210,office@shabanguarchitects.co.za,N/A,N/A
BOOGERTMAN & PARTNERS,"011-790 1600, 011-463 1197",ietie@boogetertman.co.za,N/A,N/A
PHIRI GROUP ARCHITECTS,"013-752 3760, 013-752 3763",pgarc@pgarchitects.co.za,N/A,N/A
CO-ARC INTERNATIONAL ARCHITECTS INC,"011-447 1344, 011-447 1343",admin@co-arc.com,N/A,N/A
URBAN EDGE GAUTENG (PTY) LTD,011-486 0641,urbanedge@jhb.co.za,N/A,N/A
SBT JUUL AFRICA (PTY) LTD,"011-883 9667, 011-783 0217",paulm@sbtjuul.co.za,N/A,N/A
SOIL KING,011-423 2288,info@soilking.co.za,N/A,N/A
SILICA QUARTZ (PTY) LTD,"013-665 7900, 013-665 7910",mandie@silq.co.za,N/A,N/A
SANDPIT (PTY) LTD,"011-615 2809, 011-901 7919",admin@sandpit.co.za,N/A,N/A
SANDPIT (PTY) LTD (2),011-622 2760,admin@sandpit.co.za,N/A,N/A
SANDCOR,"014-592 4337, 014-592 2900",miniloads@atlantic.net,N/A,N/A
JJ MARITZ & SONS (PTY) LTD,"011-391 3211, 011-391 7380",adele@jimaritz.co.za,N/A,N/A
CRUSHCO (PTY) LTD,"011-828 5788, 011-828 5722",ntombi.masoado@thedeep.co.za,N/A,N/A
MACCAFERRI EDMS BPK FAKS VOLP,087-742 2479,michelle.neemal@maccaferri.co.za,N/A,N/A
MACCAFERRI EDMS BPK (RANDBURG),087-742 2710,michelle.neermal@maccaferri.com,N/A,N/A
M W CIVIL EARTH WORKS (PTY) LTD,011-795 4029,peter@mwcivils.co.za,N/A,N/A
DESMOND EQUIPMENT SA,011-974 9003,dezzi@venturenet.co.za,N/A,N/A
CORPORATE STRUCTURAL SYSTEM AFRICA,011-609 5875,david@cssafrica.co.za,N/A,N/A
CATECH TECHNICAL ENGINEERING SERVICES CC,"011-974 9091, 011-392 3718",ace@catech.co.za,N/A,N/A
BMG LOGISTICS,011-914 3103,bmglogistics@mweb.co.za,N/A,N/A
GAPP ARCHITECTS & URBAN DESIGNERS (PTY) LTD,"011-482 1216, 011-482 1648",N/A,N/A,N/A
CRUX BUILDING SUPPLIERS (PTY) LTD,"016-362 3417, 016-362 3437",N/A,N/A,N/A
FRIENDS ARCHITECTS,013-752 7071,admin@friendsarchitects.co.za,N/A,N/A
MAC MULLEN KEITH,011-706 7216,MACMULL@TELKOMSA.NET,N/A,N/A
KRIGE ARCHITECTS CC,011-469 4796,mail@kfta.co.za,N/A,N/A
IMAGINATION STATION,"011-804 9512, 082 456 2985",laurie@imaginationstation.co.za,N/A,N/A
Reclamation Group (HEAD OFFICE),"011 880 6410, 011 880 6222",info@reclam.co.za,N/A,N/A
WEDDING EXPO (PTY) LTD,011-788 3627,jayne@wedding-expo.co.za,N/A,N/A
WASTE GIANT,"011-493 2441, 011-499 1407",jana@wastegiant.co.za,N/A,N/A
AJM ENGINEERING,011-453 0728,ajmeng@iafrica.com,N/A,N/A
MAYBUYE TRUST,011-492 2307,welcomejacobs@telkomsa.net,N/A,N/A
BRICK & GENERAL WORKERS UNION,"011-331 9734, 011-331 9722",banggwu@mweb.co.za,N/A,N/A
APPLIED HEAT PTY LTD,"011-887 7775, 011-786 4200",admin@appliedheat.co.za,N/A,N/A
DRYDEN COMBUSTION CO (PTY) LTD,"011-864 7471, 011-864 2984",N/A,N/A,N/A
ALLMECH CC,"011-849 2733, 011-849 2725",arethd@allmech.co.za,N/A,N/A
C K TRUST,"011-486 9900, 011-486 0521",cindy@coopertrust.co.za,N/A,N/A
LIQUOR STORE (DAWN PARK),"011-862 4087, 011-862 2044",dawnpark@liquorcity.co.za,N/A,N/A
LAGAE TRUST (PTY) LTD,"012-342 0260, 086-603 7810",elmarie@dmrlaw.co.za,N/A,N/A
D & R LOWE CATERING SUPPLIERS (PTY) LTD,"011-804 9670, 011-804 3663",N/A,N/A,N/A
AIR CURE,"011-472 9820, 011-472 7420",aircure@iafrica.com,N/A,N/A
CBK ALL WASTE COLLECTORS,"011-827 2484, 011-824 0736",N/A,N/A,N/A
TARRART JHDA ENGINEERING (PTY) LTD,"011-463 7448, 011-463 5247",jhda@jhda.co.za,N/A,N/A
GROUND ZERO RUBBIE REMOVERS,"011-421 9370, 011-421 9371, 083 272 5275",N/A,N/A,N/A
INTERNATIONAL SLAB SALES BRANCHES,"12 803 7696, 31 577 0341, 11 822 1701, 41 367 5571, 41 367 4829, 44 871 1099, 11 033 2202, 12 803 5671, 11 033 2201, 44 871 2625, 21 511 2353, 13 752 8325, 13 752 5386, 31 577 2828, 21 511 2505, 11 822 1350","bridgitte@interslab.co.za, trevor@interslab.co.za, isspta@interslab.co.za, issdbn@interslab.co.za, isspe@interslab.co.za, issgrg@interslab.co.za, issctn@interslab.co.za, issnr@interslab.co.za",N/A,N/A
THE METAL BIN,N/A,N/A,N/A,N/A
MPEFELA SECURITY AND CLEANING SERVICES,"011 492 2255, 011 492 1297",N/A,N/A,N/A
DR OLIVER,N/A,N/A,N/A,N/A
HERBALIST LAMA,N/A,N/A,N/A,N/A
ETE DRIVING SCHOOL,"073 416 0959, 086 539 4471",THULANIBALOYI@WEBMAIL.CO.ZA,N/A,N/A
LAMA HERBAL SPELLS AND SPIRITUAL HEALING,N/A,N/A,N/A,N/A
Dr David Womens Clinic Germiston,"083 491 5627, 011 075 45 75, 083 491 5627

082 793 2323, 082 793 2323",Davidwomenclinic@yahoo.com,N/A,N/A
MOTO TYRES (Pty) Ltd,"011 918 3921, 079 515 2680, 086 773 6308",AT@MOTOTYRES.CO.ZA,N/A,N/A
IMS ENGINEERING (PTY) Ltd,011 571 6700,pholl@imsgroup.co.za,N/A,N/A
BETA ENGINEERING,011 902 3241,BETA-ENGINEERING@TELKOMSA.NET,N/A,N/A
RB AUTOMATIC ENGINEERING,"011 974 1005, 011 974 1238",RBAUTOMATIC@TELKOMSA.NET,N/A,N/A
METRIC AUTOMOTIVE ENGINEERING (PTY) Ltd,011 873 1661,RECEPTION@METRICAUTO.CO.ZA,N/A,N/A
NEMA ENGINEERING,011 402 6066,NEMA@GLOBAL.CO.ZA,N/A,N/A
REMADE RECYCLING,"11 873 6545, 86 626 8710",INFO@REMADE.CO.ZA,N/A,N/A
SILVERAY STATIONERY COMPANY,N/A,infojhb@silveray.co.za,N/A,N/A
W H PIETERS ENGINEERS (PTY) Ltd,"083 277 7010, 011 787 9721",WESSEL@WHP.CO.ZA,N/A,N/A
MM SMUTS DR,"011 782 1718, 011 782 1712",smuts.consult@gmail.com,N/A,N/A
KAWENA DISTRIBUTORS (PTY) Ltd,"011 902 4112, 011 902 2605",N/A,N/A,N/A
SHILTON ENGINEERING SA cc,011 452 5050,SHILTON@WORLDONLINE.CO.ZA,N/A,N/A
ALLIED CATERING EQUIPMENT (PTY) Ltd,"011 969 2701, 011 969 3407",ALCAT@ALCAT.CO.ZA,N/A,N/A
PROTEC AUTO - KEMPTON PARK,011 396 2960,"LIANDIE@PROTECHAUTO.CO.ZA, PROTEC@IAFRICA.COM",N/A,N/A
PROTEC AUTO - BENONI,"011 973 2907, 011 973 2906, 011 973 2908",LIANDIE@PROTECHAUTO.CO.ZA,N/A,N/A
WARRENS WAY ENGINEERING (PTY) Ltd,"011 827 1921, 011 827 1902, 082 606 0280",FIONA@WARRENSWAY.COM,N/A,N/A
OBET SUPPLIES,"011 908 9323, 011 908 9322",obet@iburst.co.za,N/A,N/A
GLAZECOR cc,011 827 0280,JPRYDE@VODAMAIL.CO.ZA,N/A,N/A
BAKERBERG BLINDS cc,"011 837 1161, 011 837 3915",info@bakebergs.co.za,N/A,N/A
DOMETIC (PTY) Ltd,"011 450 4976, 011 450 4978",N/A,N/A,N/A
CAPITAL OUTSOURCING GROUP PROJECTS,"011 447 3020, 011 447 2025",N/A,N/A,N/A
ROBS GATES & SECURITY,011 435 1472,willierobgates@yahoo.com,N/A,N/A
DELI SPICES GAUTENG,N/A,N/A,N/A,N/A
LUBRIMAX GAUTENG,"011 822 1886, 011 822 2210, 011 822 6180, 083 312 9873, 011 822 1877",ikassam@lubrimax.co.za,http://â€‹www.lubrimax.co.za,N/A
AMITA FENCE,"083 294 5572, 011 740 4220",amitaspark@telkomsa.net,N/A,N/A
ANDYS LOCK & KEY LOCKSMITH,011 888 3344,andy@andyslockandkey.co.za,N/A,N/A
DOOSAN INTERNATIONAL SOUTH AFRICA (PTY) Ltd,"011 864 7574, 011 864 1512, 082 377 7509",daphne.seiler@doosan.com,N/A,N/A
SPACE STEEL cc,"011 693 2611, 082 4682170, 011 693 6105",hdeswardt@lantic.net,N/A,N/A
DXN INTERNATIONAL (SA),011 838 7992,dxn@icon.co.za,N/A,N/A
NIEUWSTAD ROADFREIGHT (PTY) Ltd,"011 730 8000, 011 730 8017",nieuwstad@lantic.net,N/A,N/A
GAYDONS MOTOR SPARES S.A (PTY) Ltd - GAUTENG,011 556 0000,GMSADMIN@TELKOMSA.NET,N/A,N/A
AMM TOWING,"021 591 1574, 082 473 8747, 021 591 2213, 021 591 2277",ammtowing@gmail.com,N/A,N/A
VHARANANI PROPERTIES,"015 295 6085, 011 656 1417",info@vharanani.com,N/A,N/A
HETTIES TRANSPORT,"086 509 6916, 011 908 6641",ulindi@hetties.co.za,N/A,N/A
RIGHT PRICE AIRCONDITIONING ALBERTON GAUTENG SOUTH AFRICA,"011 907 1687, 076 432 5817, 011 900 2394",SALES@RIGHTPRICEAIRCON.CO.ZA,N/A,N/A
EMERALD TOWING,"016 429 9915, 016 429 9904, 016 429 9905, 082 859 2922",reception@emeraldautocraft.co.za,N/A,N/A
UBUNYE CLEANING SERVICES,"011 805 3080, 011 805 0554",helpdesk@ubunye.co.za,N/A,N/A
WILLOW VIEW LODGE & CONFERENCE CENTRE,"011 565 6600, 011 565 6855",samantha@willow-view.co.za,N/A,N/A
TAXI CONER,082 2901 889,info@taxiconer.co.za,N/A,N/A
MPC RECRUITMENT GAUTENG,"011 706 2705, 086 694 3797",recruitment@mpc.co.za,N/A,N/A
GLOBAL REACH LOGISTICS - GAUTENG,011 975 0870,JOHN@GLOBALREACH.CO.ZA,N/A,N/A
EXPERT ELECTRICIANS (PTY) Ltd,072 085 9913,expertelec@live.com,N/A,N/A
PACE DRIVING SCHOOL,"079 156 1123, 011 326 4351",INFO@PACEDRIVING.CO.ZA,N/A,N/A
THE AUTOMATIC SPRINKLER INSPECTION BUREAU,"011 642 1019, 011 642 1703",jennifer@asib.co.za,N/A,N/A
IMBEKO TOURS,"082 516 3279, 012 392 3175",peter@imbekotours.co.za,N/A,N/A
GIFT PLUMBERS & MAINTENANCE,"072 459 8889, 011 025 8979, 082 687 9445, 072 459 8889

082 687 9445, 086 228 3706",giftplumbers@gmail.com,N/A,N/A
STRUCMAC,"011 8222 399, 086 668 1780",MAGDA@STRUCMAC.CO.ZA,N/A,N/A
ATLAS COPCO TOOLS & ASSEMBLY SYSTEM,"011 821 9000, 083 627 7730",N/A,N/A,N/A
ATLAS COPCO TOOLS & ASSEMBLY SYSTEM BOKSBURG,N/A,N/A,N/A,N/A
ATLAS COPCO TOOLS & ASSEMBLY SYSTEM BENONI,011 425 1635,N/A,N/A,N/A
ATLAS COPCO TOOLS & ASSEMBLY SYSTEM BLACKHEATH,021 907 4779,N/A,N/A,N/A
AUTO GALLERY,"011-794-3705, 011-794-3707, 083-266-6677",info@autogallery.co.za,N/A,N/A
SISIMO ENGINEERING,"086 224 7817, 016 931 0355",admin@sisimogroup.co.za,N/A,N/A
WOMEN AT WORK CLEANING SERVICES cc,"086-503-8768, 082-499-4461",woman.work@iburst.co.za,N/A,N/A
NANDI AUTOBODY & SERVICE,"086-754-7112, 011-435-9001",nandiautobody@gmail.com,N/A,N/A
LEGO SA ( PTY) Ltd,"011-475-5977, 011-475-2245","carol.hanfon@lego.com, nishkalan.naidoo@lego.com",N/A,N/A
BMA ELECTRICAL & COMPUTING SERVICES,"011 827 9393, 086 689 1464",bmaecomp@worldonline.co.za,N/A,N/A
STONEHOUSE GRAPHICS (PTY) Ltd,011 966 9900,Info@stonehouse.co.za,N/A,N/A
CARPORT KING,011 864 3451,ronellb@vodamail.co.za,N/A,N/A
KENNYS PRINT,"072 048 3929, 011 614 7438",kennysprints@yahoo.com,N/A,N/A
,"011 791 1150, 011 793 2837, 072 371 7178",sales@heatking.co.za,N/A,N/A
HEATWAVE FIREPLACES & BRAAIS,"011 791 1150, 011 793 2837, 072 371 7178",sales@heatking.co.za,N/A,N/A
REMADE RECYCLE NEWTOWN,"011 834 4548, 011 833 5683",info@remade.co.za,N/A,N/A
REMADE RECYCLE RANDBURG,"011 873 6545, 086 686 8710",info@remade.co.za,N/A,N/A
REMADE RECYCLE RANDFONTEIN,"011 692 3130, 011 412 2092",info@remade.co.za,N/A,N/A
REMADE RECYCLE SPRINGS,"011 812 2414, 011 812 1067",info@remade.co.za,N/A,N/A
REMADE RECYCLE RUSTENBURG,"014 592 4157, 014 597 0505",info@remade.co.za,N/A,N/A
FANCY FLUSH,011 835 1054,sales@chillingaffairs.co.za,N/A,N/A
VIKA GRAPHICS,"084 326 1967, 011 326 4426, 011 326 4437",design@vikagraphics.co.za,N/A,N/A
TIVONELENI CONSTRUCTION & CLEANING SERVICES,"011 0502723, 086 2266 918, 072-480-9082",tivonelenibuilding@gmail.com,N/A,N/A
THREE STAR CONSTRUCTION,016 583 0576,jabulanis@ovi.com,N/A,N/A
ROCHE PRODUCTS (PTY) Ltd  BIRDHAVEN JOHANNESBURG,011 447 5283,N/A,N/A,N/A
ROCHE PRODUCTS (PTY) Ltd FERNDALE,011 781 4809,N/A,N/A,N/A
ROCHE PRODUCTS (PTY) Ltd JOHANNESBURG,011 447 2307,N/A,N/A,N/A
ROCHE PRODUCTS (PTY) Ltd KEMPTON PARK 2,011 974 3983,N/A,N/A,N/A
ROCHE PRODUCTS (PTY) Ltd  KEMPTON PARK 3,011 974 1887,N/A,N/A,N/A
ROCHE PRODUCTS (PTY) Ltd  KEMPTON PARK,011 392 3635,N/A,N/A,N/A
ROCHE PRODUCTS (PTY) Ltd PORT ELIZABETH,082 829 7036,N/A,N/A,N/A
ROCHE PRODUCTS (PTY) Ltd RANDBURG,011 326 0791,N/A,N/A,N/A
ROCHE PRODUCTS (PTY) Ltd RIVER PARK,021 680 5330,N/A,N/A,N/A
INTERCITY XPRESS GRASMERE,"086 625 7394, 087 150 1895",customercare@intercity.co.za,N/A,N/A
INTERCITY XPRESS LENASIA SOUTH,031 305 9090,customercare@intercity.co.za,N/A,N/A
INTERCITY XPRESS KEMPTON PARK,011 390 3952,customercare@intercity.co.za,N/A,N/A
AQUAMECCA (PTY) Ltd,"083 564 2788, 011 953 4990, 011 953 1917, 011 953 1916",michelle@aquamecca.co.za,N/A,N/A
INTERCITY XPRESS PARK STATION,"011 333 1328, 086 583 4181",parkstation@intercity.co.za,N/A,N/A
A2A KOPANO INCORPORATED JOHANNESBURG,"087 802 5219, 011 837 6294",N/A,N/A,N/A
MI LIFT cc,"011 888 9148, 083 679 1208, 011 888 3308",info@milifting.co.za,N/A,N/A
AIR AFRICA AIRCONDITIONING t/a RIGHT PRICE AIRCONDITIONING,"011 907 1687, 011 900 2394, 076 474 1344",sales@rightpriceaircon.co.za,N/A,N/A
FENCING MATERIALS cc,"011 673 1130, 011 673 1128",silvia@fencingmaterials.co.za,N/A,N/A
HANDYMAN-SA PROFESSIONAL MAINTENANCE SERVICES,"086 606 5789, 079 871 5962",HIRE@HANDYMAN-SA.COM,N/A,N/A
TOOLING & ENGINEERING,"011 425 4647, 011 892 1530, 011 892 5241, 011 849 1489, 082 490 6305",TOOLENG@ANANZI.CO.ZA,N/A,N/A
SIMPLY GORGEOUS,"071 129 3450, 011 234 7352",SALES@SIMPLYGORGEOUS.CO.ZA,N/A,N/A
BUTCHER BLOCK GAUTENG,"011 447 3298, 011 788 3518",butcherblock@in-africa.co.za,N/A,N/A
SPAAR ON SPARES & HARDWARE,"011 435 1220, 011 435 9985",sosgolfrate@mweb.co.za,N/A,N/A
ULLMAN BROS (Pty) Ltd,"011 474 3448, 011 474 2406",info@ullmanns.co.za,N/A,N/A
PROFESSIONAL & INDUSTRIAL SERVICES (Pty) Ltd,"086 601 6684, 011 281 2020, 086 122 8882",recruitment@pro-industrial.co.za,N/A,N/A
SPOT ON LOCKSMITHS,"011 482 7480, 082 556 7016",spotonlock@gmail.com,N/A,N/A
AIR PRODUCTS SA (Pty) Ltd  - SPRINGS,011 730 8500,taylorg@airproducts.co.za,N/A,N/A
AIR PRODUCTS SA (Pty) Ltd  - KEMPTON PARK,"011 570 5000, 011 570 5284",taylorg@airproducts.co.za,N/A,N/A
AIR PRODUCTS SA (Pty) Ltd  - WITBANK,"013 697 6480, 013 692 3498",taylorg@airproducts.co.za,N/A,N/A
AIR PRODUCTS SA (Pty) Ltd.,"034 318 1415, 034 328 8700",taylorg@airproducts.co.za,N/A,N/A
BADHAM'S FOURWAYS KENNELS,"011 705 1880, 082 372 7500",badhams@4wayskennels.co.za,N/A,N/A
GRAPEVINE GAUTENG,011 317 3643,N/A,N/A,N/A
Yates National Lubricants,"011 493 7580, 011 493 2489",N/A,N/A,N/A
GOOSEBUMPS DISTRIBUTORS (Pty) Ltd CITY DEEP,"011 613 5254, 011 613 3993",N/A,N/A,N/A
CAPE COOKIES - MIDRAND,"011 805 1880, 011 805 2825",orders@capecookies.com,N/A,N/A
NESTLE - LONG MEADOW DISTRIBUTION CENTRE,"011 574 2000, 011 514 4689",N/A,N/A,N/A
NESTLE SOUTH AFRICA,0860 096 116,N/A,N/A,N/A
GRA-TECH (Pty) Ltd,"011-8241518, 0824164301, 011-8244149",gratec2@mwebbiz.co.za,N/A,N/A
A B N LOGISTICS,011 918 7390,ernie@abnlogistics.co.za,N/A,N/A
LOADIRA LABOUR HIRE cc,"072 659 9683, 016 981 9388, 016 981 9971","nooi.loadira@telkomsa.net, loadira.trading@telkomsa.net",N/A,N/A
PERI - MIDRAND,"011 729 2300, 011 729 2560",midrand@peri.co.za,N/A,N/A
COASTAL COURIERS TRUCK & AIR,"011-392-2577, 011-392-2695",coastaltruck@telkomsa.net,N/A,N/A
ADVANTAGE AIR AFRICA,"011 452 0573, 011 452 3391",sales@advantageair.co.za,N/A,N/A
ADVANTAGE AIR (PTY) Ltd,"021 557 6005, 021 557 6123, 0800 204 462",sales@advantageair.co.za,N/A,N/A
AFRICA THERMAL INSULATION - GAUTENG,011 462 9122,nolene@ati-insulations.co.za,N/A,N/A
GERBER GOLDSCHMIDT GROUP SA (PTY) Ltd - GAUTENG,"011 652 0820, 011 652 0752",charmaine@gerber.co.za,N/A,N/A
AMPA GROUP - GAUTENG,"011 392 4782, 011 392 5153",N/A,N/A,N/A
AMPA PLASTICS - GAUTENG,"011 398 8000, 011 974 2055",INFO@AMPAGLAS.COM,N/A,N/A
LIFE LINE JOHANNESBURG,"011 988 0156, 011 988 4879",semoreeng@lifelinejhb.org.za,N/A,N/A
LIFE LINE JOHANNESBURG,"011 988 0156, 011 988 4879",semoreeng@lifelinejhb.org.za,N/A,N/A
ESTE REAL ESTATE,011 913 4425,admin@esterealestate.co.za,N/A,N/A
TMS GROUP INDUSTRIAL SERVICES (VAAL TRIANGLE),016-986-2210,scloete@tmsg.co.za,N/A,N/A
CHECK DRY CLEANERS,011 640 3596,mail@checkdrycleaners.co.za,N/A,N/A
EVERSTREAM,"086 293 7460, 079 934 3701",info@everstream.co.za,N/A,N/A
DJ FLORIST,"072 1399016, 011 6134694, 011 6138906",joaquimdaa@telkomsa.net,N/A,N/A
MIELE GALLERY OF FINE LIVING (Pty) Ltd,"011 875 9000, 011 875 9035",marketing@miele.co.za,N/A,N/A
BOOST PROPERTY MANAGEMENT,"011 484 7101, 011 484 7114",alexa.steele@boostproperty.co.za,N/A,N/A
Spirax Sarco (SA) (Pty) Ltd (Kempton Park),"011 230 1300, 011 393 1478",debbierobbeson@za.spiraxsarco.com,N/A,N/A
ALLIED CONTROL EQUIPMENT CC,"011 887 4131, 011 887 5731, 011 786 5759",alliedcon@netactive.co.za,N/A,N/A
Reef Scaffolding (Pty) Ltd,"011-795-2061, 011-795-2071",greg@reefscaffolding.co.za,N/A,N/A
DREYCOR PLUMBING (Pty) Ltd,"082 292 2178, 011 865 4447",info@dreycorplumbing.co.za,N/A,N/A
GEYSERFLO PLUMBING cc,"011 660 3331, 011 660 5330, 082 902 3769",info@geyserflo.co.za,N/A,N/A
DALWIN CARPET CARETAKERS,"082 569 6462, 011 435 2843",DALWIN@WOL.CO.ZA,N/A,N/A
Abbott Laboratories (SA) (Pty) Ltd (Head Office),"011 858 2000, 011 858 2070",fanie.prinsloo@abbott.com,N/A,N/A
Abbott Laboratories (SA) (Pty) Ltd (Roodepoort),011 991 3400,N/A,N/A,N/A
FOSTER MELLIAR- HEAD OFFICE,N/A,N/A,N/A,N/A
Teletubbie Pre-School,N/A,N/A,N/A,N/A
SANDVIK MINING SYSTEMS BEDFORDVIEW,"011-455-5512, 011-657-4600",kim.pain@sandvik.com,N/A,N/A
SANDVIK MINING SYSTEM,011-455-5512,kim.pain@sandvik.com,N/A,N/A
Creative Graphics International (Pty) Ltd (Gauteng),011-450-2385,N/A,N/A,N/A
BEYOND DESIGNS,"079 230 2321, 086-631-8708, 011-743-2590",chanel@beyonddesign.co.za,N/A,N/A
MPACT RECYCLING - ALBERTON,011 5388600,Info@mpact.co.za,N/A,N/A
MPACT RECYCLING - SPRINGS,011 360 4000,Info@mpact.co.za,N/A,N/A
MPACT RECYCLING - MIDRAND,011 315 8450,Info@mpact.co.za,N/A,N/A
MPACT RECYCLING - NEW ERA SPRINGS,011 817 2950,Info@mpact.co.za,N/A,N/A
MPACT RECYCLING - MELROSE ARCH,011 994 5400,Info@mpact.co.za,N/A,N/A
MPACT RECYCLING -WADEVILLE,011 383 8400,Info@mpact.co.za,N/A,N/A
SHARP EYE SECURITY & CONSTRUCTION SERVICES,"083-417-8151, 011-862-3426",ndlovu55@telkomsa.net,N/A,N/A
HONEY BEE,"011 854 1420, 011 852 5414",honeybee0786@telkomsa.net,N/A,N/A
IMSIMBI TRAINING (PTY) LTD,"011 678 6496, 011 678 2443",julius@imsimbi.co.za,N/A,N/A
Travel Set,"016-349-2661, 016-349-2665",lizev.tts@galileosa.co.za,N/A,N/A
Pilgrimage Tours,"011-475 7900, 086-683-8158",pilgrimage@makrotravel.co.za,N/A,N/A
0861 NUTSMAN.CO.ZA (PTY) LTD,082 366 6911,info@0861nutsman.co.za,N/A,N/A
INVESTOR TRAVEL (Pty) Ltd,"011 869 8022, 011 869 8022

39, 086 571 4269","res1@i-te.co.za, res2@i-te.co.za",N/A,N/A
PRIONTEX (PTY) LTD (Johannesburg),"011 2375900, 011 2375912",info@priontex.com,N/A,N/A
Southern Plumbing,"0824470416, 011 683 5434",splumbing@mweb.co.za,N/A,N/A
CAHI Norman A Dr,"011 305 9333, 011 305 9300",styleyoursmile@netactive.co.za,N/A,N/A
PG DRILLING EQUIPMENT & ACCESSORIES cc,"011 452 1090, 011 452 6439, 082 779 0352",deon@pgdrill.com,N/A,N/A
IDUBE ELIHLE TOURS,"010 220 5145, 011-704-1499",elihle@idubeelihle.co.za,N/A,N/A
GEM SWITCHGEAR (PTY) Ltd,"011 397 3354, 011 397 3409",info@gemsq.co.za,N/A,N/A
CLIROTECH,"011 822 5479, 082 334 3266",clirotech@telkomsa.net,N/A,N/A
General Profiling (Pty) Ltd,"011 062 3200, 011 062 3271",sales@generalprofiling.co.za,N/A,N/A
Mangwanani At Indaba,011 894 1528,info@mangwanani.co.za,N/A,N/A
Fluorovizion (Pty) Ltd,"011-462-9553, 011-462-9298",Jerryn@fvz.co.za,N/A,N/A
HARRINGTON STEEL ( Pty ) Ltd,"016 421 4653, 016 421 1533",harringtonsteel@telkomsa.net,N/A,N/A
HITACHI CONSTRUCTION MACHINERY SOUTHERN AFRICA CO (PTY) LTD - BOKSBURG,"011 894 3307, 011 841 7700",N/A,N/A,N/A
ACUTECH BUSINESS SOLUTIONS PTY LTD (Head Office),"011 315 7065, 011 315 7384",info@acutech.co.za,N/A,N/A
ACUTECH BUSINESS SOLUTIONS PTY LTD (Head Office,"011 315 7065, 011 315 7384",info@acutech.co.za,N/A,N/A
ROCHE PRODUCTS (PTY) LTD (Illovo JHB),0115025000,N/A,N/A,N/A
Deli Express,011 782 1350,info@deliexpress.co.za,N/A,N/A
SAID'S KARATE GYM,"011 492 0642, 011 492 1407",hanshi@kenfuderyu.com,N/A,N/A
SECURO WORLD,N/A,N/A,N/A,N/A
BABOR COSMETICS,"011 467 0044, 011 467 0110",operations@babor.co.za,https://za.babor.com/,N/A
Westrand Fence & Gate Supplies,"011-665-4418, 011-665-3378",westrandfgs@mweb.co.za,N/A,N/A
PAPERCOR CC (Johannesburg),011 613 7991,denise@papercor.co.za,N/A,N/A
A N CLOTHING,"011 402 1396, 011 402 1395, 082 419 7585",munshiaziz@yahoo.com,N/A,N/A
Amway South Africa (PTY) Ltd - Johannesburg,"011 201 4401, 011 201 4400, 0800 203 772",infocentre.zaf@amway.com,N/A,N/A
Amway South Africa (PTY) Ltd - Sandton,"011 463 4545, 0800 203 772",infocentre.zaf@amway.com,N/A,N/A
Amway South Africa (PTY) Ltd - Mondeor,"0800 203 772, 011 941 4420",infocentre.zaf@amway.com,N/A,N/A
Amway South Africa (PTY) Ltd - Kempton Park,"0800 203 772, 011 392 5493",infocentre.zaf@amway.com,N/A,N/A
EMERSON INDUSTRIAL AUTOMATION SA (PTY) LTD,011 462 1740,hayleigh.mackay@emerson.com,N/A,N/A
EMERSON INDUSTRIAL AUTOMATION SOUTHERN AFRICA (GAUTENG),"011 455 6212, 011 462 1941, 078 459 2062",hayleigh.mackay@emerson.com,N/A,N/A
SWAGELOK SA - Johannesburg,"011 609 7925, 011 452 6329",info@Johannesburg.swagelok.com,N/A,N/A
MOTHEO GROUP - HEAD OFFICE,"011 886 5939, 011 789 8440",orapiloe@motheogroup.co.za,N/A,N/A
ENERTEC BATTERIES (Johannesburg),"011 822 6346, 011 440 8788",sales@enertec.co.za,N/A,N/A
MAHAMOTSA TRADING ENTERPRISE,"072 430 2552, 016 981 1446",mahamotsatradingcc@telkomsa.net,N/A,N/A
Green Office (Johannesburg),N/A,N/A,N/A,N/A
NETCARE CLINTON HOSPITAL,"011 724 2300, 011 724 2002",N/A,N/A,N/A
NETCARE UNION HOSPITAL,"011 724 2000, 011 724 2002",N/A,N/A,N/A
NETCARE LINKSFIELD HOSPITAL,"011 647 3400, 011 640 3576",N/A,N/A,N/A
MEGA FREIGHT JOHANNESBURG,0861 006 342,info@megafreight.co.za,N/A,N/A
Randfontein Private Hospital,"011 411 3143, 087 310 2306, 011 411 3000",info@lenmed.co.za,N/A,N/A
ROHLIG GRINDROD (PTY) Ltd,"011 409 0400, 011 409 0300",lial@rohlig.co.za,N/A,N/A
ROHLIG GRINDROD (PTY) Ltd - HEAD OFFICE AIRFREIGHT,"011 409 0400, 011 409 0300",lial@rohlig.co.za,N/A,N/A
KIA MOTORS (NORTHCLIFF) (PTY) LTD,"011 731 9701, 011 731 9700",kiasalesmanager@multifranchise.co.za,N/A,N/A
ROHLIG GRINDROD (PTY) Ltd - JOHANNESBURG,011 469 1138,N/A,N/A,N/A
ROMOTAS 2000 (Pty) Ltd,"011 873 2282, 082 872 4821, 011 873 2285",admin@romotas.co.za,N/A,N/A
NAMPAK RECYCLING JOHANNESBURG,"011 719 6783, 011 799 7111",N/A,N/A,N/A
ECONAMIC RECYCLING HEAD OFFICE,"080 001 8818, 010 133 0208, 086 584 3532",N/A,N/A,N/A
POWER MEASUREMENT & DISTRIBUTION CC (Johannesburg,"011 026 9514, 087 941 7412",info@powermeasurement.co.za,N/A,N/A
Gega-Lotz (Pty) Ltd,"016 362 1070, 016 362 1051",gega@tiscali.co.za,N/A,N/A
M U R INDUSTRIES CC,"011 824 6159, 011 824 2493, 011 824 1385",mur@lantic.net,N/A,N/A
TOCO LIFTING (PTY) LTD (Germiston),"011 345 8800, 086 673 6102, 082 454 2002",toco@toco.co.za,N/A,N/A
ASTRAPAK,"086 205 7417, 087 742 0710",sales@astrapak.com,N/A,N/A
MTN STORE -ALBERTON,083 869 6615,alberton.city40@mtn.co.za,N/A,N/A
CLARENDON HARDWARE (PTY) LTD,"011 672 3128, 011 672 0456, 011 672 3312",clarendon@netline.co.za,N/A,N/A
CLOROX AFRICA (PTY) LTD,0861 452 372,elizabetha.louw@clorox.com,N/A,N/A
DESLEEMATTEX (Johannesburg),N/A,N/A,N/A,N/A
H C HEAT EXCHANGERS (PTY) LTD,"011 674 1268, 011 674 1237",sales@hcaircon.com,N/A,N/A
CITIWOOD (PTY) LTD JOHANNESBURG,"011 622 7938, 011 622 9360",coenie.adams@citiwood.co.za,N/A,N/A
CITIWOOD (PTY) LTD (Vereeniging),"016 421 1683, 016 421 1337",marius.lems@citiwood.co.za,N/A,N/A
KHOTSO DISTRIBUTORS CC,"011 822 8466, 011 822 8449, 076 194 9387",info.khotso@gmail.com,N/A,N/A
KANSAI PLASCON SOUTH AFRICA (PTY) LTD (Head Office),N/A,N/A,N/A,N/A
KANSAI PLASCON SOUTH AFRICA (PTY) LTD (Alberton),011 861 0300,advice@kansaiplascon.co.za,N/A,N/A
KANSAI PLASCON SOUTH AFRICA (PTY) LTD (Linbro Park),"011 608 0773, 011 608 0790",advice@kansaiplascon.co.za,N/A,N/A
COOPERS ENVIRONMENTAL SCIENCE (Head Office),"011 979 4248, 011 979 4247, 011 979 4246",info@cooperses.co.za,N/A,N/A
EPCOR PROJECTS (PTY) LTD,"086 267 0808, 082 056 6023, 072 276 9083",N/A,N/A,N/A
EXPO NON FERROUS FOUNDRY,016 362 4735,dup@omarketing.co.za,N/A,N/A
ELECTRO BIZZ INTERNATIONAL TRADING,"086 517 4872, 011 865 2254",sales@planmakers.co.za,N/A,N/A
CAMI EDUCATION (PTY) LTD (Johannesburg Head Office),N/A,N/A,N/A,N/A
DUXBURY NETWORKING (Johannesburg Head Office),"011 351 9800, 011 646 3079",info@duxnet.co.za,N/A,N/A
GLEN AUSTIN HIGH SCHOOL,"011 023 7340, 086 732 0516",admin@glenaustinhigh.co.za,N/A,N/A
DA VINCI INSTITUTE FOR TECHNOLOGY MANAGEMENT,"011 608 1331, 011 608 1332",martin@davinci.ac.za,N/A,N/A
SONQOBA ELEVATORS SERVICES,"086 609 3846, 011 056 7032",sonqoba@hotmail.com,N/A,N/A
MDLIKIZA ELEVATORS & LIFT SERVICES,"086 609 3846, 011 056 7032, 074 849 5186",admin@mdlikiza.co.za,N/A,N/A
KILOTON (Vereeniging),"016 100 5001, 016 100 4150, 0861 707 707",sales@kiloton.co.za,N/A,N/A
NATIONAL URETHANE INDUSTRIES (PTY) LTD,"011 392 5560, 011 974 9300",nui@urethanes.co.za,N/A,N/A
B BRAUN MEDICAL (PTY) LTD,"010 222 3066, 010 222 3000",info.za@bbraun.com,N/A,N/A
A PLUS GROUP,011 021 4492,info@aplusgroup.co.za,N/A,N/A
AZAURA JEWELLERY ( Pty ) Ltd NICOLWAY CENTRE,011 465 9286,info@azaura.co.za,N/A,N/A
AZAURA JEWELLERY (PTY) Ltd -  DAINFERN SQUARE,011 469 0770,info@azaura.co.za,N/A,N/A
Wynand Nel Appliances,011-477-0223,wnelappliances@vodamail.co.za,N/A,N/A
Pump Repair Services,"011 842 5980, 011 822 1492, 082 449 0388",info@prs.za.com,N/A,N/A
Little Bambinos Nursery School,"011-869-9732, 086-692-9285",info@littlebambinos.co.za,N/A,N/A
Little Bambinos Nursery Schools,N/A,N/A,N/A,N/A
TRIKAM M & P,"011 838 3523, 011 836 0330",info@mptrikam.co.za,N/A,N/A
MOTLANTHE ATTORNEYS,"011 760 3724, 087 809 5847",admin@motlantheinc.co.za,N/A,N/A
DIVERSE URETHANES,"011 608 2584, 011 608 2593",info@divure.co.za,N/A,N/A
MARIE VAN COLLER ATTORNEY & CONVEYANCER,"083 456 7444, 011 318 1921",marie@mvclaw.co.za,N/A,N/A
VOMS INDUSTRIAL,"011-472-4020, 011-672-2631","mariusj@voms.co.za, info@voms.co.za",N/A,N/A
ESHETTI SAFETY CC,"084 526 7822, 011 915 0090, 086 625 4504",support@eshetti.co.za,N/A,N/A
IMM GRADUATE SCHOOL OF MARKETING (PTY) LTD - HEAD OFFICE,011 628 2000,info@immgsm.ac.za,N/A,N/A
BAMBOO WAREHOUSE (Johannesburg),011 792 7388,pierre@bamboowarehouse.co.za,N/A,N/A
BARKER DELIA PHYSIOTHERAPISTS,"011 680 2505, 083 259 4224, 086 512 1953",deliabarker@icon.co.za,N/A,N/A
LJ TRADING & PROJECTS,"082 054 0238, 011 824 1943",jabulani.sibanda@ljtrading.co.za,N/A,N/A
LIVEWIRE POWER PROJECTS,"011 316 7873, 011 316 7860, 086 556 7476",portia@hvtco.za,N/A,N/A
PHYSIOTHERAPIST 4 YOU,011 852 8690,dm.physio4you@gmail.com,N/A,N/A
IMPACT CLEANING cc - GAUTENG,"011-793-1126, 011-793-1405","trevor@impactcleaning.co.za, accounts@impactcleaning.co.za",N/A,N/A
J.P.MULLER PLUMBERS,"086 667 5721, 083 961 5721, 011 743 2067",anita@jpmullerplumbers.co.za,N/A,N/A
FASTRAK TRADING 134C,"086 550 5564, 011 791 3485",bailey@wardgroup.co.za,N/A,N/A
Nicol Plumbers CC,"0832259426, 0116226157, 0116226021",matthews@wol.co.za,N/A,N/A
WEZI FINANCIAL ADVISORS,"011 041 0199, 073 006 8932",info@wezifin.co.za,N/A,N/A
AA SOLWANDLE ATTORNEYS,"011 656 4741, 073 500 1219, 011 656 4740",aasolwandle@me.com,N/A,N/A
SAVERITE  ELLIS PARK,"073 332 5096, 031 564 1111",ellispark1111@telkomsa.net,N/A,N/A
QUICKSURE (PTY) LTD (Head Office),"011 748 4700, 011 740 6020",info@quicksure.co.za,N/A,N/A
SUPA QUICK STRIJDOM PARK,"086 550 5564, 011 792 4455","bailey@wardgroup.co.za, accs2@wardgroup.co.za",N/A,N/A
FEDEX EXPRESS,087 742 8001,lerato.moeletsi-banda@fedex.com,N/A,N/A
MOTORITE INSURANCE ADMINISTRATORS (PTY) LTD (Johannesburg),"011 259 4800, 011 259 4855",N/A,N/A,N/A
LMC EXPRESS - GAUTENG,011 974 6428,lizette@Imcexpress.co.za,N/A,N/A
MORGAN CARGO - GAUTENG,N/A,schalk@morgancargo.com,N/A,N/A
Harvey World Travel Head Office - Centurion,"012-346-6404, 012-346-6420",management@harveyworld.co.za,N/A,N/A
Weltevreden Fencing,011-763-4014,admin@weltfence.co.za,N/A,N/A
Vanlect Electrical Systems CC,"0836009905, 0114961475, 011 835 3053, 011 496 1476",vanlect@iafrica.com,N/A,N/A
NESS CONSULTING (PTY) LTD (Head Office Johannesburg),"086 683 1414, 011 715 9700",info@nessgroup.co.za,N/A,N/A
MUSA CAPITAL ADVISORS (PTY) LTD,"011 771 6300, 011 771 6333","Info@musacapital.com, Info@musacapital.com",N/A,N/A
HATCH AFRICA (PTY) LTD - JOHANNESBURG,N/A,N/A,N/A,N/A
ROWLIN NATIONAL BROKERS (PTY) LTD,"011 306 3700, 0861 769 546, 011 918 5777",info@rowlin.co.za,N/A,N/A
MZULI PROJECTS,"071 792 2256, 011 025 7647, 086 548 2846",curtis@mzuli.co.za,N/A,N/A
YAKHANI ENTERPRISES (PTY) LTD,072 863 4586,boy.mash.bm@gmail.com,N/A,N/A
Monde Lekoma Trading,"073 515 5552, 072 328 4742",mondelekomatrading@gmail.com,N/A,N/A
ANALT CONSTRUCTION,"011 484 0463, 081 585 0225, 073 258 6616","analtconstruction@mailbox.co.za, anplumbelectric68@gmail.com",N/A,N/A
JURGENS GROUP,"011 616 6673, 011 622 2061",info@jg.co.za,N/A,N/A
JURGENS GROUP GAUTENG,"011 616 6673, 011 622 2061",info@jg.co.za,N/A,N/A
ETHOS PRIVATE EQUITY (PTY) LTD,"011 328 7410, 011 328 7400",cwilkinson@ethos.co.za,N/A,N/A
IMMANUEL MAKELAARS,"012 546 8387, 012 546 8384",annelize@imman.co.za,N/A,N/A
XL Michelle's Travel (Pty) Ltd,"011-913-3290, 011-913-1293",dalep@michellestravelb.co.za,N/A,N/A
SOUTHSURE BROKERS (PTY) LTD (Johannesburg),"011 806 5518, 011 806 5916",nick@southsure.co.za,N/A,N/A
CONSTANTIA INSURANCE CO LTD (Head Office),"011 686 4200, 011 789 8828",facilities@constantiagroup.co.za,N/A,N/A
ACE INSURANCE LIMITED,"011 722 5700, 011 783 0812",charmaine.moreira@acegroup.com,N/A,N/A
LSF BROKERS (PTY) LTD,"011 789 6799, 011 789 5199",lsf@wol.co.za,N/A,N/A
PAN SOLUTIONS (Johannesburg Head Office),"0861 177 777, 011 313 1609, 011 313 1400",info@pansolutions.co.za,N/A,N/A
CHEMETRIX (PTY) LTD (Johannesburg),"011 541 9802, 011 541 9801",lynnettel@chemetrix.co.za,N/A,N/A
AEC-AMERSHAM SOC LTD,"011 691 6511, 011 691 6500",support@aecam.co.za,N/A,N/A
P E CORPORATE SERVICES SA (PTY) LTD (Johannesburg),"011 442 4758, 011 442 4336",martinw@pecs.co.za,N/A,N/A
TECMED AFRICA (PTY) LTD (Head Office),"011 653 2100, 011 653 2000",info@tecmed.co.za,N/A,N/A
LECO AFRICA (PTY) LTD,"011 974 1681, 011 974 1848",africa@leco.com,N/A,N/A
MEDICOLAB CC,"011 839 3142, 011 839 4183",medicolab@telkomsa.net,N/A,N/A
SANJMED MEDICAL DISTRIBUTORS CC,"011 315 5473, 011 805 6257",sanjmed@iburst.co.za,N/A,N/A
DISCOVERY WORLD FREIGHT FORWARDING,011 397 3764,adin@discoveryworldfreight.co.za,N/A,N/A
Curro Serengeti,"011 552 7081, 011 552 7080, 011 552 7084",adminserengeti@curro.co.za,N/A,N/A
PETSURE (PTY) LTD,"086 661 0992, 0860 738 787",info@petsure.co.za,N/A,N/A
FOSHIZI MASS MARKET RESEARCH & STRATEGY GAUTENG,N/A,N/A,N/A,N/A
LINK MARKET SERVICES SOUTH AFRICA (PTY) LTD,"086 674 4381, 0861 546 572",info@linkmarketservices.co.za,N/A,N/A
MAITLAND GROUP (Johannesburg),"011 530 8410, 011 530 8400",info@maitlandgroup.com,N/A,N/A
TOMLINSON MNGUNI JAMES SANDTON,"011 784 2634, 011 784 2636",jhb@tmj.co.za,N/A,N/A
GLOBAL MOUSE (PTY) LTD,"011 513 7700, 011 513 7710",info@globalmouse.co.za,N/A,N/A
UBUCULE ACCOUNTANTS & BUSINESS ADVISORS INC - GAUTENG,"011 807 8942, 086 515 7992",info@ubuculeinc.co.za,N/A,N/A
TOWNSHIP BUSINESS ADS PTY LTD,"011 331 0142, 071 891 8143",admin@townshipbusinessads.co.za,N/A,N/A
WAGGENER EDSTROM,011 550 5400,msorour@waggeneredstrom.co.za,N/A,N/A
PROVANTAGE PTY LTD (Head Office),"011 543 7667, 0861 776 826",info@provantage.co.za,N/A,N/A
LITHA COMMUNICATIONS,"011 484 0345, 011 484 7663",projects@lithacommunications.co.za,N/A,N/A
MEICARE SOLUTIONS CC,"086 656 6781, 011 708 0451, 011 708 1395, 083 632 7752, 011 708 7119",meyer@meicaresolutions.co.za,N/A,N/A
VELOCITY FILMS (PTY) LTD (Johannesburg),"011 807 0100, 011 807 0255, 011 807 1208",info@velocityfilms.com,N/A,N/A
CSX Customer Services (PTY) Ltd,"011 663 9300, 086 067 0000",info@csx.co.za,N/A,N/A
ROERING CREATIVE KIN (PTY) Ltd,"011 513 7700, 011 513 7710",INFO@RCK.CO.ZA,N/A,N/A
THELLONG DEVELOPMENT SERVICES (Head Office),"016 454 0119, 086 694 8188",info@thellong.co.za,N/A,N/A
TECHNIKON LABORATORIES (PTY) LTD,"011 674 1091, 011 674 5300",marketing@techlab.co.za,N/A,N/A
INDEPENDENT ACTUARIES & CONSULTANTS (PTY) LTD (Woodmead),"011 656 4170, 011 656 4171",info@iac.co.za,N/A,N/A
FLUOR SA (PTY) LTD (Woodmead),"011 233 3805, 011 519 6000",sales@fluor.com,N/A,N/A
PURE LIGHT LED PRODUCTS,011 262 2770,sales@purelightledproducts.com,N/A,N/A
G & K GRAY TRAINING CC,"011 472 3516, 011 472 4999, 082 330 7346",admin@gray-matters.com,N/A,N/A
INSTITUTE OF BANKERS IN SA,011 268 0669,info@iob.co.za,N/A,N/A
W H S E CONSULTANTS CC (Centurion),"012 654 8528, 012 654 7231",analise@whse.co.za,N/A,N/A
GAARONA VALLEY LODGE,"086 766 2289, 016 349 6424",info@gaarona.co.za,N/A,N/A
C D J LAND SURVEYORS,"011 768 1233, 011 375 4003",info@cdj.co.za,N/A,N/A
CORPORATE TRAVELLER,"011 778 8903, 087 740 5090",experts@corporatetraveller.co.za,N/A,N/A
GRANDMARK INTERNATIONAL (Johannesburg),"011 226 9209, 011 837 1189",info@grandmark.co.za,N/A,N/A
UNIGLOBE TRAVEL,"011 444 8962, 011 444 8910",enquiries@uniglobetravelsa.co.za,N/A,N/A
FOGHOUND STUDIOS ( Pty ) LTD,"011 541 0000, 083 412 9601, 011 541 0007",kobus@foghound.co.za,N/A,N/A
MOTHEO TRAINING INSTITUTE TRUST,"011 962 1698, 086 426 283, 079 426 2630",rexmotheo@gmail.com,N/A,N/A
MAVAVASA PLUMBING MAINTENANCE CC,"072 4529203, 011 039 0725",mavavasa.plumbing@gmail.com,N/A,N/A
SEARCH PARTNERS INTERNATIONAL (PTY) LTD,"011 728 0105, 011 728 4909",info@spint.co.za,N/A,N/A
RIALTO FOODS (PTY) LTD (Johannesburg),"011 4540726, 011 453 0438",info@rialtofoods.co.za,N/A,N/A
BIZERBA SOUTHERN AFRICA (PTY) LTD (Johannesburg),011 472 0586,sales_za@bizerba.co.za,N/A,N/A
MDS VISAPAK (Head Office),"011 241 4900, 011 493 6888, 079 884 0331",carla@visas.co.za,N/A,N/A
GLOBAL MICRO SOLUTIONS (PTY) LTD,"011 731 0601, 011 731 0600",natalie@globalmicro.co.za,N/A,N/A
SURE EPCOT TRAVEL,"011 744 3613, 011 740 2668",kumedi@epcot.co.za,N/A,N/A
APROLAB,011 786 9501,aprolab@icon.co.za,N/A,N/A
CHUCK PRINT,"086 653 2572, 011 736 7822",nakedi@chuckprint.co.za,N/A,N/A
HIGH TECH THERAPY - GAUTENG,"011 704 6711, 072 958 2571",AWEN@HTHERAPY.CO.ZA,N/A,N/A
ELECTRO-SPYRES MEDICAL,011 402 7132,"SPYRES@GLOBAL.CO..ZA, INFO@ELECTROSPYRES.COM",N/A,N/A
ASPEN PHARMACARE HEAD OFFICE,"011 239 6501, 011 239 6100",N/A,N/A,N/A
ASPEN PHARMACARE SANDTON,"011 2396231, 011 239 6000",N/A,N/A,N/A
ASPEN PHARMACARE NORTHRIDING,011 239 6000,N/A,N/A,N/A
ASPEN PHARMACARE CONSUMER HOTLINE,0800 122 912,N/A,N/A,N/A
Priocus Logistics Door To Door Deliveries Freight Logistics Johannesburg,"081 248 7270, 011 615 7080",mxolisi@priocuslogistics.co.za,N/A,N/A
Kranon Holding (Pty)  Ltd,011 969 6016,info@kranon.co.za,N/A,N/A
Kranon Holding (Pty) Ltd,"011 969 6016, 078 266 4027, 086 454 2847",info@kranon.co.za,N/A,N/A
swimming pool safety nets and pool solar blankets Swimming Pool Safety Nets4pools Gauteng,076 939 3786,rocketbidz@gmail.com,N/A,N/A
DELTA BUILDING CONTRACTORS,"083 297 7010, 011 692 1370, 086 500 1723",nicolene@deltabou.co.za,N/A,N/A
Makhonza Air Conditioning,073 294 3298,N/A,N/A,N/A
VAAL BROKERS (PTY) LTD,"016 982 2478, 016 982 6000",ireneic@lantic.net,N/A,N/A
Icecold Bodies (Pty) Ltd,"016 349 1486, 083 701 5103, 016 349 1140",anri@icecoldbodies.co.za,N/A,N/A
Strong Bond Manufacturing Gauteng,"011 656 4994, 086 613 6636",info@strongbond.co.za,N/A,N/A
Marx K Curtain Specialist (Pty) Ltd,083 600 3353,macmarx@wol.co.za,N/A,N/A
Trio Specialized Welding,"011 4202155, 0833903807",jansteenkamp@telkomsa.net,N/A,N/A
Earn A Car (Pty) Ltd,011 425 1666,N/A,N/A,N/A
TSHETLO S A DR,011 7369561,N/A,N/A,N/A
THE WASTE GROUP PTY Ltd,016 986 3001,N/A,N/A,N/A
THE WASTE GROUP PTY (Ltd ) VEREENIGING,016 428 4871,N/A,N/A,N/A
LENCOR PLUMBING,076 886 1777,lencor@ymail.com,N/A,N/A
INCLEDON (Pty) Ltd,"011 323 0800, 011 323 0982",info@incledon.co.za,N/A,N/A
NORTHERN BUILDING AND HANDY MAN SERVICES,078 634 9265,N/A,N/A,N/A
SENGKHONA PLUMBERS,"086 205 1343, 076 230 0997, 011 615 8829",plumbing@sengkhona.co.za,N/A,N/A
ANANZI DOORS (Pty) Ltd,"082 672 6361, 011 672 6361, 011 672 2710",info@ananzi-doors.co.za,N/A,N/A
Key-Mark Industrial Keys,"011 845 2236, 011 845 2683",mwkeymrk@mweb.co.za,N/A,N/A
STAMINA ADVANCED PLUMBERS,072 793 6453,N/A,N/A,N/A
Mcrae Plumbing CC,"011 660 9032, 011 665 2852",N/A,N/A,N/A
HONEY BEE BRIDAL CAKE CRAFT,"011 8366 153, 011 8366154",fazila@honeybeeplaza.co.za,N/A,N/A
PROSPER PLUMBERS,084 707 0635,N/A,N/A,N/A
IRVIN SELEKE HOLDINGS,011 935 1113,irvinseleke@gmail.com,N/A,N/A
INCLEDON (Pty) Ltd  - WEST RAND,011 323 0800,info@incledon.co.za,N/A,N/A
MZANSI TREEFELLING,078 0032289,mzansitree2009@gmail.com,N/A,N/A
J S M Investments,071 347 6335,"sulpisionmutevera@gmail.com, sulpisiom@ism-events.co.za",N/A,N/A
SCUBAVERSITY AND DIVE CLUB,011 958 2418,dive@scubaversity.co.za,N/A,N/A
TRAPPERS FRANCHISING CC - RANDBURG,011 462 2919,N/A,N/A,N/A
ELLEN G CC - Corporate Clothing Gauteng - CORPORATE INDUSTRIAL & SPORT WEAR,"011 071 0790, 086 520 1518",support@elleng.co.za,N/A,N/A
SOUTHERN ASSIST TECHNOLOGY,084 723 7413,info@southernassisttechnology.co.za,N/A,N/A
QUARTO PRESS (PTY) LTD Lithography Printing,"011 825 0004, 011 825 0075",info@quarto.co.za,N/A,N/A
ARROW COACHES BUS COACH HIRE,"011 342 4535, 011 945 1031",N/A,N/A,N/A
ROYAL BUS & TRUCK TYRES - BENONI,013 656 1158,royaltyreswitbank@gmail.com,N/A,N/A
THE SKILLS MATRIX GAUTENG,"011 391 6995, 011 391 3332",inas@theskillsmatrix.co.za,N/A,N/A
ON POINT ELECTRICAL,"072 768 1116, 011 051 4431",info@onpointelectrical.co.za,N/A,N/A
NKOSI STAINLESS AND STEEL WORKS AND PROJECTS,"079 424 9602, 084 010 7610",nkosiknowledge@gmail.com,N/A,N/A
DEBROCK CONSTRUCTION PROJECTS,"011 038 8643, 073 830 1219",debrockconstructionprojects@gmail.com,N/A,N/A
LUCRATIVE,011 056 5509,mashilo.thabo@lucrativegroup.co.za,N/A,N/A
ELLEN G cc - Corporate Clothing Gauteng - CORPORATE INDUSTRIAL & SPORT WEAR,"011 071 0790, 010 597 6696, 074 6744 039, 086 520 1518",ellen@elleng.co.za,N/A,N/A
SHIZEMBE SHUTTLE AND TOURS,"072 909 7671, 012 435 8888",info@shizembetours.co.za,N/A,N/A
CEILING AND PARTITION INSTALLERS,071 901 1034,anwargaf7@gmail.com,N/A,N/A
B M A REMOVALS,"086 672 0268, 011 902 1176",bmalogistics@mweb.co.za,N/A,N/A
JUST SETS SA (PTY) LTD,"011 882 2370, 011 882 9347",tech@justsets.co.za,N/A,N/A
PRAEKELT CONSULTING (PTY) LTD,011 482 8684,N/A,N/A,N/A
POLYOAK PACKAGING,"011 247 6000, 011 494 1045",info@polyoak.co.za,N/A,N/A
WRAP IT PACKAGING  Ribbons & Custom made gift boxes	Packaging Solutions Packaging 	Wrapping Paper,011 782 6471,blancheboutselis@gmail.com,N/A,N/A
MONTROUX SCHOOLWEAR,011 782 5796,montrouxschoolwear@gmail.com,N/A,N/A
MADIMONG TRADING AND SERVICES,"084 304 2739, 086 6628124, 086 728 8162",N/A,N/A,N/A
REEF INSURANCE BROKERS (PTY) LTD,"086 532 5527, 0861 007 333",info@reefinsurance.co.za,N/A,N/A
BWF ENVIRONMENTAL DYNAMICS SA (PTY) Ltd,N/A,N/A,N/A,N/A
CIC INSURANCE BROKERS,"011 786 0472, 082 416 4356",SUE@CICINS.CO.ZA,N/A,N/A
ERA POLYMERS AFRICA Pty Ltd,N/A,N/A,N/A,N/A
FINANCIAL FITNESS SERVICES (PTY) Ltd,"011 802 0888, 011 802 0880",MARLENE@FINFIT.CO.ZA,http://www.finfit.co.za/,N/A
SHAWSON PLASTICS,011 792 1916,RODNEYTRUBSHAW@FASTMAIL.FM,N/A,N/A
FORGEWELD GAUTENG,"012 719 9052, 012 719 9055",FLORENCE@FORGEWORLD.COM,N/A,N/A
TOW IT ROADSIDE ASSISTANCE,0825914188,TOWITROADSIDE@GMAIL.COM,N/A,N/A
EXQUISITE GLASS AND ALUMINIUM,016 362 6536,"INFO@EXGAL.CO.ZA, SABIRA@EXGAL.CO.ZA",N/A,N/A
SKYJACKS TAILLIFTS (PTY) Ltd,011 849 6769,reception@tailifts.co.za,N/A,N/A
AFC MATERIALS HANDLING cc GAUTENG,"011 392 4951, 011 392 2629",rebecca@afsmh.co.za,N/A,N/A
MAKRO ( ALBERTON ),0860 008 991,alberton@makro.co.za,N/A,N/A
MAKRO (  ALBERTON  ),N/A,N/A,N/A,N/A
KINGSWOOD IT INTERNATIONAL,010 023 1761,N/A,N/A,N/A
Health System Technologies (Pty) Ltd  Gauteng,"216 742 317, 0216831596",solutions@healthsystems.co.za,N/A,N/A
Zamokuhle Private Hospital,N/A,N/A,N/A,N/A
