Business Name,Description,Possible Address,Phone Numbers,Emails,Websites
KITCHEN FITTINGS & ACCESSORIES,"CARELINE CENTRE
21 BINDERS STREET
PAROW
7500
TEL   : 021 939 8120","21 BINDERS STREET
PAROW
7500
TEL   ; 021 939 8120",,,
KITCHEN FITTINGS & ACCESSORIES,"Hazelwood Designs CC 
Address: 
unit 28
114 canada rd
industria
johannesburg
2093
 
Main: 
011 4741183
 
Category: 
kitchen units","28
114 canada rd
industria
johannesburg
2093
 
Main; 011 4741183
 
Category",011 4741183,,
KITCHEN FITTINGS & ACCESSORIES,"CARELINE PRODUCTS (PTY) LTD
141 OXFORD ROAD
PARKWOOD
JOHANNESBURG
2193
TEL   : 011 447 4402
FAX   : 011 447 4405","141 OXFORD ROAD
PARKWOOD
JOHANNESBURG
2193
TEL   ; 011 447 4402
FAX   ; 011 447 4405",,,
EVENT ORGANISERS,"Aurant Communications 
Address: 
hall 6b gallagher est
19 richards dve
midrand
Main: 
011 8059350
Fax: 
011 8059356
Email: 
info@dng.co.za
Homepage: 
http://www.dng.co.za
Category: 
event organisers &/or services
Keywords","19 richards dve
midrand
Main; 011 8059350
Fax; 011 8059356
Email","011 8059350, 011 8059356",info@dng.co.za,http://www.dng.co.za
GASKETS,"Gasketman CC 
Address: 
crockerindprk
crocker rd
wadeville
germiston
1428
 
Main: 
011 8654347
 
Fax: 
011 8654336
 
Cellular: 
082 9251497
 
Email: 
gasketman@mweb.co.za
 
Category: 
gaskets
 
Key","1428
 
Main; 011 8654347
 
Fax; 011 8654336
 
Cellular; 082 9251497
 
Email","011 8654347, 011 8654336, 082 9251497",gasketman@mweb.co.za,
Gas,"Red Lion Worx 
Main: 
082 8070207
 
Fax-To-Email: 
0866 157292
 
Cellular: 
084 7005030
 
Email: 
tim@redlionworx.com
 
Homepage: 
http://www.redlionworx.co.za
 
Category: 
gas installations","082 8070207
 
Fax-To-Email; 0866 157292
 
Cellular; 084 7005030
 
Email","082 8070207, 084 7005030",tim@redlionworx.com,http://www.redlionworx.co.za
Surface Mining Process Equipment,"Komatsu Southern Africa (PTY) LTD 
Address: 
isando rd
isando
kempton park
1600
 
Main: 
011 9231000
 
Fax: 
011 9231111
 
Email: 
info@komatsu.co.za
 
Homepage: 
http://www.komatsu.co.za
 
Category","1600
 
Main; 011 9231000
 
Fax; 011 9231111
 
Email","011 9231000, 011 9231111",info@komatsu.co.za,http://www.komatsu.co.za
Cleaning Services,"Tsebo Outsourcing Group 
Address: 
2 fedics house
3 arnold rd
rosebank
johannesburg
2196
 
Main: 
011 4415300
 
Fax: 
011 4405657
 
Email: 
pwelchman@fedics.co.za
 
Homepage: 
http://www.tsebo.co.za
&nbs","2 fedics house
3 arnold rd
rosebank
johannesburg
2196
 
Main; 011 4415300
 
Fax; 011 4405657
 
Email","011 4415300, 011 4405657",pwelchman@fedics.co.za,http://www.tsebo.co.za
burglar proofing,"Maxidor (PTY) LTD 
Main: 
0861 752656
 
Email: 
sales@maxidor.co.za
 
Homepage: 
http://www.maxidor.co.za
 
Category: 
burglar proofing
 
Keywords: 
domestic | shuttering | security | barriers | retractable |","0861 752656
 
Email",0861 752656,sales@maxidor.co.za,http://www.maxidor.co.za
1ST FOR WOMEN,"TEL:0860 10 46 12
TRADE HEADING
CAR,HOME,LIFE (INSURANCE)","0860 10 46 12
TRADE HEADING
CAR,HOME,LIFE ",0860 10 46 12,,
Maxidor (Pty) Ltd,"ADDRESS:Maxim Hse, 76 Concorde Rd, Bedfordview, Johannesburg, 2008
TEL:  0861 752656
WWW.MAXIDOR.CO.ZA
TRADE HEADINGS


Expandable barriers
Window barriers
Welded gates
Custom barriers
Roller shutters.","76 Concorde Rd, Bedfordview, Johannesburg, 2008
TEL; 0861 752656
WWW.MAXIDOR.CO.ZA
TRADE HEADINGS


Expandable barriers
Window barriers
Welded gates
Custom barriers
Roller shutters.",0861 752656,,
ENDRES ATTORNEYS,"ADDRESS:MENLYN SQUARE,116 LOUIS AV,MENLYN,PRETORIA,GAUTENG
TEL:012-348 5905
FAX:021-348 9316
TRADE HEADINGS
ATTORNEYS","116 LOUIS AV,MENLYN,PRETORIA,GAUTENG
TEL; 348 5905
FAX; 348 9316
TRADE HEADINGS
ATTORNEYS","012-348 5905, 021-348 9316",,
EAST RAND FUNERAL SERVICES DIRECTORS,"ADDRESS:2-14TH AV,NORTHMEAD,BENONI,GAUTENG
TEL:011-425 0276
FAX:011-425 1941
TRADE HEADING
FUNERAL DIRECTORS AND UNDERTAKERS","425 0276
FAX; 425 1941
TRADE HEADING
FUNERAL DIRECTORS AND UNDERTAKERS","011-425 0276, 011-425 1941",,
GENERAL IMPORT-EXPORT (AFRICA),"ADDRESS:35 KOSTER STREET,BOOYSENS,JOHNNESBURG,GAUTENG,2091
TEL:011-4934775
FAX:011-4991201
TRADE HEADING
BATHROOM FITTINGS & ACCESSORIES","35 KOSTER STREET,BOOYSENS,JOHNNESBURG,GAUTENG,2091
TEL; 4934775
FAX; 4991201
TRADE HEADING
BATHROOM FITTINGS ","011-4934775, 011-4991201",,
House Of Monatic,"ADDRESS:33 Smith St, 302 Durban Bay Hse, Durban 
Phone:031 3054626
TRADE HEADING
Clothing Mfrs","33 Smith St, 302 Durban Bay Hse, Durban 
Phone; 031 3054626
TRADE HEADING
Clothing Mfrs",,,
BUSINESS PARTNERS (EAST RAND BOKSBURG),"ADDRESS:BLOCK B,LEFT WING,GROUND FLOOR,CLEARWATER OFFICE PARK,2 PARK ROAD,CNR ATLAS ROAD,PARKHAVEN EXT 8,BOKSBURG 1459 
POSTAL ADDRESS:P O BOX 17019,ATLASVILLE 1465
TEL:011-395 4150
FAX:011-359 2565
TRADE HEADING
INVESTING CAPITAL","2 PARK ROAD,CNR ATLAS ROAD,PARKHAVEN EXT 8,BOKSBURG 1459 
POSTAL ADDRESS; 1465
TEL; 395 4150
FAX; 359 2565
TRADE HEADING
INVESTING CAPITAL","011-395 4150, 011-359 2565",,
BUSINESS PARTNERS (JOHANNESBURG) HEAD OFFICE,"ADDRESS:37 WEST STREET,HOUGHTON ESTATE,JOHANNESBURG 2198
POSTAL ADDRESS:P O BOX 7780,JOHANNESBURG 2000
TEL:011-713 6600
FAX:011-713 6650 / 011-713 6653
TRADE HEADING
INVESTING CAPITAL & RISK FINANCIER","37 WEST STREET,HOUGHTON ESTATE,JOHANNESBURG 2198
POSTAL ADDRESS; 2000
TEL; 713 6600
FAX; 713 6650 ; 713 6653
TRADE HEADING
INVESTING CAPITAL ","011-713 6600, 011-713 6650",,
BUSINESS PARTNERS (WEST RAND),"ADDRESS:BERGZICHT OFFICE PARK,UNIT 19,CNR CHRISTIAAN DE WET & ROOIBOK STREET ALLENSNEK,ROODEPOORT,1730
TEL:011-679 1110
FAX:011-679 1310
TRADE HEADING
INVESTING CAPITAL & RISK FINANCIER","1730
TEL; 679 1110
FAX; 679 1310
TRADE HEADING
INVESTING CAPITAL ","011-679 1110, 011-679 1310",,
CAKE FLORA,"ADDRESS:26ANGUS CT,EDENVALEGAUTENG
TEL:011-608 4141
FAX:011-608 4150
TRADE HEADING
BAKERS & CONFECTIONERS SUPPLIERS","608 4141
FAX; 608 4150
TRADE HEADING
BAKERS ","011-608 4141, 011-608 4150",,
LENASIA VOLKWAGEN,"ADDRESS:CORNER NIVRVANA DRIVE,1243,TRADE ROUTE MALL,LENASIA,GAUTENG 
TEL:011-213 7600
FAX:011-213 7636
EMAIL: yusus@lenasiavw.co.za 
WEBSITE:WWW.LENASIAVW.CO.ZA
TRADE HEADING
MOTOR VEHICLE DISTRIBUTORS","213 7600
FAX; 213 7636
EMAIL","011-213 7600, 011-213 7636",yusus@lenasiavw.co.za,
M E E (PTY) LTD,"ADDRESS:109 SAMUEL EVANS ROAD,AEROTON,JOHANNESBURG,GAUTENG
TEL:011-494 3220
FAX:011-494 2207
EMAIL:info@mee.co.za
WEBSITE:WWW.MEE.CO.ZA
TRADE HEADING
MANUFACTURERS OF HIGH FREQENCY WELDING EQUIPMENT & ULTRASONIC PLASTICS","109 SAMUEL EVANS ROAD,AEROTON,JOHANNESBURG,GAUTENG
TEL; 494 3220
FAX; 494 2207
EMAIL","011-494 3220, 011-494 2207",info@mee.co.za,
MAKAULA ZILWA INC,"ADDRESS:GRAYSTON RIDGE OFFICE PARK,144 KATHERINE STREET,SANDON,GAUTENG,2196
TEL:011-262 0840
FAX:011-262 0790
TRADE HEADING
ATTORNEYS","144 KATHERINE STREET,SANDON,GAUTENG,2196
TEL; 262 0840
FAX; 262 0790
TRADE HEADING
ATTORNEYS","011-262 0840, 011-262 0790",,
GEZA BATHROOM & UNITS,"ADDRESS:501 JUES STREET MALVERN,JOHANNESBURG,2094
TEL:011-622 2004
FAX:011-622 2372
EMAIL:geza@icon.co.za
TRADE HEADING
BATHROOM FITTINGS & ACCESSORIES","501 JUES STREET MALVERN,JOHANNESBURG,2094
TEL; 622 2004
FAX; 622 2372
EMAIL","011-622 2004, 011-622 2372",geza@icon.co.za,
INTERNATIONAL SLABS SALES-HEAD OFFICE,"ADDRESS:69 SERENADE ROAD,ELANDSFONTEIN,GERMISTON,GAUTENG
TEL:011-822 1350
FAX:011-822 1701
EMAIL:info@interslab.co.za
TRADE HEADING
WHOLESALE SUPPLIERS OF GRANITE,MARBLE & ENGENEERED STONE SURFACE","69 SERENADE ROAD,ELANDSFONTEIN,GERMISTON,GAUTENG
TEL; 822 1350
FAX; 822 1701
EMAIL","011-822 1350, 011-822 1701",info@interslab.co.za,
AUTO BAHN MOTORS,"ADDRESS:NO 1 GEELHOUT AVENUE,PAULPIETERSBURG,GAUTENG
TEL:034-995 1644
FAX:034-995 1476
EMAIL:erich@autobahn.co.za
TRADE HEADING
general motor car agents","1 GEELHOUT AVENUE,PAULPIETERSBURG,GAUTENG
TEL; 995 1644
FAX; 995 1476
EMAIL","034-995 1644, 034-995 1476",erich@autobahn.co.za,
MARKALAO RECRUITMENT CC,"ADDRESS:18 SWALLOW PLACE,ALBEMARLE,GAUTENG
TEL:011-902 2590
FAX:086-558 2813
EMAIL:langa@markalaorecruitment.co.za
TRADE HEADING
RECRUITMENT","18 SWALLOW PLACE,ALBEMARLE,GAUTENG
TEL; 902 2590
FAX; 558 2813
EMAIL","011-902 2590, 086-558 2813",langa@markalaorecruitment.co.za,
RAUMIX (PTY) LTD,"ADDRESS:SAMRAND AVENUE,THE REEDS,CENTURION,GAUTENG,0061
TEL:012-652 0107
FAX:012-652 0111
TRADE HEADING
SAND AND STONE SUPPLIERS","0061
TEL; 652 0107
FAX; 652 0111
TRADE HEADING
SAND AND STONE SUPPLIERS","012-652 0107, 012-652 0111",,
CORICRAFT (BOKSBURG),"ADDRESS:SHOP A3 EAST RAND RETAIL PARK ,NORTH RAND ROAD ,BOKSBURG 
011 918 7899 (Tel) 
011 918 7897 (Fax) 
EMAIL:ermanager@coricraft.co.za 
TRADE HEADING
FURNITURE MANUFACTURERS AND RETAIL","3 EAST RAND RETAIL PARK ,NORTH RAND ROAD ,BOKSBURG 
011 918 7899 ; 011 918 7897 ",,ermanager@coricraft.co.za,
CORICRAFT (CLEARWATER),"ADDRESS:SHOP UN 082 CLEARWATER MALL ,CNR HENDRICK POTGIETER & CHRISTIAAN ,DE WET RD ,STRUBENSVALLEY ,ROODEPOORT 
011 991 5300 (Tel) 
011 475 0254 (Fax) 
EMAIL:clmanager@coricraft.co.za 
TRADE HEADING
FURNITURE MANUFACTURERS AND RETAIL","082 CLEARWATER MALL ,CNR HENDRICK POTGIETER ; 011 991 5300 ; 011 475 0254 ",,clmanager@coricraft.co.za,
CORICRAFT (CRESTA),"ADDRESS:SHOP L20 CRESTA SHOPPING CENTRE,CNR BEYERS NAUDE & WELTEVREDEN RD ,RANDBURG GAUTENG 2194 
011 431 3253 (Tel) 
011 431 2970 (Fax) 
EMAIL:csmanager@coricraft.co.za 
TRADE HEADING
FURNITURE MANUFACTURERS AND RETAIL","20 CRESTA SHOPPING CENTRE,CNR BEYERS NAUDE ; 2194 
011 431 3253 ; 011 431 2970 ",,csmanager@coricraft.co.za,
CORICRAFT (DESIGN QUARTER),"ADDRESS:SHOP 24, DESIGN QUARTER ,CNR WILLIAM NICOL & LESLIE ROAD ,FOURWAYS 
011 465 6385 (Tel) 
011 465 6128 (Fax) 
EMAIL:dqmanager@coricraft.co.za 
TRADE HEADING
FURNITURE MANUFACTURERS AND RETAIL",011 465 6385 ; 011 465 6128 ,,dqmanager@coricraft.co.za,
CORICRAFT (EAST GATE),"ADDRESS:SHOP L73 ,CNR BRADFORD & NICOL ROAD ,BEDFORDVIEW 
011 615 2085 (Tel) 
011 615 2092 (Fax) 
EMAIL:egmanager@coricraft.co.za
TRADE HEADING
FURNITURE MANFACTURERS AND RETAIL","73 ,CNR BRADFORD ; 011 615 2085 ; 011 615 2092 ",,egmanager@coricraft.co.za,
CORICRAFT (FOURWAYS),"ADDRESS:SHOP L16, FOURWAYS SHOPPING CENTRE,1899 WITTKOPPEN ROAD ,FOURWAYS 
011 465 3595 (Tel) 
011 465 5782 (Fax) 
EMAIL:fwmanager@coricraft.co.za 
TRADE HEADING
FURNITURE MANUFACURERS AND RETAIL","1899 WITTKOPPEN ROAD ,FOURWAYS 
011 465 3595 ; 011 465 5782 ",,fwmanager@coricraft.co.za,
CORICRAFT (MORNINGSIDE),"ADDRESS:MORNINGVIEW SHOPPING CENTRE ,SOUTH ROAD (1 KM OFF RIVIONA ROAD,MORNINGSIDE ,SANDTON 
011 884 2277 (Tel) 
011 884 1349 (Fax) 
EMAIL:mvmanager@coricraft.co.za 
TRADE HEADING
FURNITURE MANUFACTURERS AND RETAIL","1 KM OFF RIVIONA ROAD,MORNINGSIDE ,SANDTON 
011 884 2277 ; 011 884 1349 ",,mvmanager@coricraft.co.za,
CORICRAFT (SANDTON),"ADDRESS:SHOP U100 ,SANDTON CITY ,CNR RIVONIA & SANDTON DRIVE SANDTON 
011 784 0150 (Tel) 
011 784 1639 (Fax) 
EMAIL:scmanager@coricraft.co.za 
TRADE HEADING
FURNITURE MANUFACTURERS AND RETAIL","100 ,SANDTON CITY ,CNR RIVONIA ; 011 784 0150 ; 011 784 1639 ",,scmanager@coricraft.co.za,
CORICRAFT (THE GLEN),"ADDRESS:U27 THE GLEN SHOPPING CENTRE,CNR ORPEN & LETABA STREET,OAKDENE
TEL;011-436 8700
FAX:011-435 0145
EMAIL:tgmanager@coricraft.co.za 
TRADE HEADING
FURNITURE MANUFACTURERS AND RETAIL","27 THE GLEN SHOPPING CENTRE,CNR ORPEN ; 436 8700
FAX; 435 0145
EMAIL",011-435 0145,tgmanager@coricraft.co.za,
CORICRAFT (WOODMEAD),"ADDRESS:1 WATERFALL CREASENT,SHOP 33 WOODMEAD
TEL:011-656 9590
FAX:011-656 9682
EMAIL:wmmanager@coricraft.co.za 
TRADE HEADING
FURNITURE MANUFACTURERS AND RETAIL","1 WATERFALL CREASENT,SHOP 33 WOODMEAD
TEL; 656 9590
FAX; 656 9682
EMAIL","011-656 9590, 011-656 9682",wmmanager@coricraft.co.za,
DENOON SAMPSON HDLOVU INC.,"ADDRESS:NORWICH CLOSE,5TH STREET,SANDTON,GAUTENG
TEL: 011-666 9600
EMAIL:andrew@denoon.co.za
TRADE HEADING
ATTORNEYS","666 9600
EMAIL",011-666 9600,andrew@denoon.co.za,
FIRE SECURE SYSTEMS CC,"ADDRESS:20 OLDENS WAY,CALVIN,SANDTON,GAUTENG
TEL:011-802 4358
FAX:011-802 4357
EMAIL:fss@faagroup.co.za
WEBSITE:www.fire-secure.co.za
TRADE HEADING
ACCESS CONTROL EQUIPMENT & SUPPLIES","20 OLDENS WAY,CALVIN,SANDTON,GAUTENG
TEL; 802 4358
FAX; 802 4357
EMAIL","011-802 4358, 011-802 4357",fss@faagroup.co.za,
MUON ELECTRONICS CC,"ADDRESS:36,6TH ROAD,HYDE PARK,GAUTENG
TEL:011-325 6134
FAX:011-325 6134
EMAIL:ghdawes@africa.com
TRADE HEADING
TAXI METERS","325 6134
FAX; 325 6134
EMAIL","011-325 6134, 011-325 6134",ghdawes@africa.com,
MICROSOLVE CC,"ADDRESS:231 BOOYSENS ROAD,SELBY,JOHANNESBURG,GAUTENG 2001
TEL:011-493 5110
FAX:011-493 5114
EMAIL:microsolve@icon.co.za
TRADE HEADING
TAXI METERS","231 BOOYSENS ROAD,SELBY,JOHANNESBURG,GAUTENG 2001
TEL; 493 5110
FAX; 493 5114
EMAIL","011-493 5110, 011-493 5114",microsolve@icon.co.za,
INDUSTRIAL ACID PROOFING (PTY) LTD,"ADDRESS:23 MOPEDI ROAD ,SEBENZA,EDENVALE,GAUTENG
POSTAL ADDRESS:PO BOX 1756 EDENVALE
TEL:011-452 4104
FAX:011-452 6988
EMAIL:INFO@IAPSA.CO.ZA
WEBSITE:WWW.IAPSA.CO.ZA
TRADE HEADING
ACID PROOFING","23 MOPEDI ROAD ,SEBENZA,EDENVALE,GAUTENG
POSTAL ADDRESS; 1756 EDENVALE
TEL; 452 4104
FAX; 452 6988
EMAIL","011-452 4104, 011-452 6988",INFO@IAPSA.CO.ZA,
SA POWER SERVICE (JOHANNESBURG),"ADDRESS:UNIT 14,   MEADOWBROOK,BUS PARK,RANDBURG,JOHANNESBURG
TEL:011-462 8810
FAX:011-704 5775
EMAIL:sophia@sapower.co.za
WEBSITE:www.sapower.co.za
TRADE HEADING
AUTOMATION SYSTEMS & EQUIPMENT","462 8810
FAX; 704 5775
EMAIL","011-462 8810, 011-704 5775",sophia@sapower.co.za,
IPEC ELECTRICAL & PLUMBING,"ADDRESS:127 LAWN STREET,ROSETTVILLE,JOHANNESBURG,2009

CELL:078 384 9684

EMAIL:chenai2005@gmail.com

TRADE HEADING

ELECTRICAL CONTRACTORS","127 LAWN STREET,ROSETTVILLE,JOHANNESBURG,2009

CELL; 078 384 9684

EMAIL",078 384 9684,chenai2005@gmail.com,
ANDERSON VOGT 7 PARTNERS,"ADDRESS:1KEYMER ROAD,EASTLEIGH,EDENVALE,GAUTENG,1609
TEL:011-452 2838
FAX:011-452 2998
EMAIL;eng.design@iafrica.com
WEBSITE:www.engdt.co.za
TRADE HEADING
CONSULTING ENGINEERS","1609
TEL; 452 2838
FAX; 452 2998
EMAIL","011-452 2838, 011-452 2998",eng.design@iafrica.com,
NORTON ROSE SOUTH AFRICA,"ADDRESS:15 ALICE LANE,SANDTON,GAUTENG
TEL:011-685 8500
FAX:011-301 3200
TRADE HEADING
ATTORNEYS","15 ALICE LANE,SANDTON,GAUTENG
TEL; 685 8500
FAX; 301 3200
TRADE HEADING
ATTORNEYS","011-685 8500, 011-301 3200",,
RENAULT SOUTH AFRICA (PTY) LTD,"ADDRESS:12 ERNEST OPPENHEIMER ROAD,BRUMA,JOHANNESBURG,GAUTENG 
TEL:011-607 7300
FAX:011-607 7385
TRADE HEADING
MOTOR CAR & TRUCK DISTRIBUTORS","12 ERNEST OPPENHEIMER ROAD,BRUMA,JOHANNESBURG,GAUTENG 
TEL; 607 7300
FAX; 607 7385
TRADE HEADING
MOTOR CAR ","011-607 7300, 011-607 7385",,
MOTOR CAR & TRUCK DISTRIBUTORS,"ADDRESS:BRABAZON ROAD,CROYDON,KEMPTON PARK,GAUTENG
TEL:011-392 6263
FAX:011-392 6360
TRADE HEADING
MOTOR CAR & TRUCK DISTRIBUTORS","392 6263
FAX; 392 6360
TRADE HEADING
MOTOR CAR ","011-392 6263, 011-392 6360",,
LABOUR LAW MANAGEMENT CONSULTING,"Business Name		:	LABOUR LAW MANAGEMENT CONSULTING			
						
Physical Add.		:	4 OTTAWA AVENUE, ROBINDALE, JOHANNESBURG, GAUTENG			
						
						
Postal Add.		:	P O BOX 779, FONTAINEBLEAU, 2032			
		 				
						
Telephone No.		:	011 888 7944			
Fax No.		:	011 782 0664			
Cellular No.		:	082 8522 973			
E-Mail Add.			ivan@labourlawadvice.co.za			
Website Add.		:	www.labourlawadvice.co.za			
TRADE HEADINGS						
1) 	LABOUR LAW CONSULTANTS","4 OTTAWA AVENUE, ROBINDALE, JOHANNESBURG, GAUTENG			
						
						
Postal Add.		; 2032			
		 				
						
Telephone No.		; 011 888 7944			
Fax No.		; 011 782 0664			
Cellular No.		; 082 8522 973			
E-Mail Add.			ivan",,ivan@labourlawadvice.co.za,
ROOTH & WESSELS INC,"ADDRESS:ROOTH & WESSELS BUILDING,225 VEALS STREET,BROOKLYN,PRETORIA,GAUTENG
TEL:012-452 4000
FAX:021-346 7609
TRADE HEADING
ATTORNEYS","225 VEALS STREET,BROOKLYN,PRETORIA,GAUTENG
TEL; 452 4000
FAX; 346 7609
TRADE HEADING
ATTORNEYS","012-452 4000, 021-346 7609",,
ROOTH & WESSELS INC.,"ADDRESS:ROOTH & WESSELS BUILDING,225 VEALS STREET,BROOKLYN,PRETORIA,GAUTENG
TEL:012-452 4000
FAX:021-346 7609
TRADE HEADING
ATTORNEYS","225 VEALS STREET,BROOKLYN,PRETORIA,GAUTENG
TEL; 452 4000
FAX; 346 7609
TRADE HEADING
ATTORNEYS","012-452 4000, 021-346 7609",,
JUMBO CASH & CARRY (CROWN MINES),"ADDRESS:Cnr  Main Reef Road ,Entrance on Locomotive Road,Crown Mines,2025
Postal Address:P.O. Box 786,Crown Mines,2025
TEL:011 839 4440/7
FAX:011 839 4002
TRADE HEADING
CASH AND CARRY","2025
Postal Address; 2025
TEL; 011 839 4440; 7
FAX; 011 839 4002
TRADE HEADING
CASH AND CARRY","011 839 4440, 011 839 4002",,
JUMBO CASH & CARRY (GAUTENG HEAD OFFICE),"ADDRESS:19 Girton Road,Parktown,Johannesburg,2193
POSTAL:Private Bag x 9008,Crown Mines,2025
TEL:011 532 3600
FAX:086 611 8972 or 086 501 9933
TRADE HEADING
CASH & CARRY","19 Girton Road,Parktown,Johannesburg,2193
POSTAL; 2025
TEL; 011 532 3600
FAX; 086 611 8972 or 086 501 9933
TRADE HEADING
CASH ","011 532 3600, 086 611 8972",,
AVBOB (ALBERTON),"ADDRESS:52 CLINTON ROAD NEW RED RUTH
TELL:011-907 3233/4
TRADE HEADING
FUNERAL DIRECTORS & UNDERTAKERS","52 CLINTON ROAD NEW RED RUTH
TELL; 907 3233; 4
TRADE HEADING
FUNERAL DIRECTORS ",,,
HYPER PAINT (PTY)LTD,"ADDRESS:131 BOOYSENS ROAD,BOOYSENS,JOHANNESBURG,2071
TELL:011-493 5937
TRADE HEADING
HARDWARE-RETAIL","131 BOOYSENS ROAD,BOOYSENS,JOHANNESBURG,2071
TELL; 493 5937
TRADE HEADING
HARDWARE-RETAIL",,,
AVBOB (ALIWAL NORTH),"ADDRESS:7 SOMERSET STREET
TELL:051-633 3161
TRADE HEADING
FUNERAL DIRECTORS & UNDERTAKERS","7 SOMERSET STREET
TELL; 633 3161
TRADE HEADING
FUNERAL DIRECTORS ",,,
AVBOB (BEAUFORT-WES),"ADDRESS:123 DONKIN STREET
TELL:023-414 2216
TRADE HEADING
FUNERAL DIRECTORS & UNDERTAKERS","123 DONKIN STREET
TELL; 414 2216
TRADE HEADING
FUNERAL DIRECTORS ",,,
AVBOB (BENONI),"ADDRESS:97 HOWARD AVE
TELL:011-421 5842
TRADE HEADING
FUNERAL DIRECTORS & UNDERTAKERS","97 HOWARD AVE
TELL; 421 5842
TRADE HEADING
FUNERAL DIRECTORS ",,,
AVBOB (BOKSBURG),"ADDRESS:157 LEEUWPOORT STREET
TELL:011-917 5041
TRADE HEADING
FUNERAL DIRECTORS & UNDERTAKERS","157 LEEUWPOORT STREET
TELL; 917 5041
TRADE HEADING
FUNERAL DIRECTORS ",,,
AVBOB ( BRAKPAN),"ADDRESS:CNR PRINS GOERGE & DERBY AVE
TELL:011-740 0115
TRADE HEADING
FUNERAL DIRECTORS & UNDERTAKERS","740 0115
TRADE HEADING
FUNERAL DIRECTORS ",,,
AVBOB (BRONKHORSTSPRUIT),"ADDRESS:51A LANHAM STREET
TELL:013-923 3092/3
TRADE HEADING
FUNERAL DIRECTORS & UNDERTAKERS","923 3092; 3
TRADE HEADING
FUNERAL DIRECTORS ",,,
AVBOB (BURGERSFORT),"ADDRESS:30 EDDIE SEDIBE ROAD
TELL:013-231 8200
TRADE HEADING
FUNERAL DIRECTORS & UNDERTAKERS","30 EDDIE SEDIBE ROAD
TELL; 231 8200
TRADE HEADING
FUNERAL DIRECTORS ",,,
AVBOB ( CENTUROIN),"ADDRESS:17 KERSIEBOOM CRESENT,SWARTKOP X4
TELL:012-663 5008
TRADE HEADING
FUNERAL DIRECTORS & UNDERTAKERS","17 KERSIEBOOM CRESENT,SWARTKOP X4
TELL; 663 5008
TRADE HEADING
FUNERAL DIRECTORS ",,,
AVBOB (EDENVALE),"ADDRESS:AVBOB FORUM BUILDING 63 VAN RIEBEECK STREET
TELL:011-609 7003
TRADE HEADING
FUNERAL DIRECTORS & UNDERTAKERS","63 VAN RIEBEECK STREET
TELL; 609 7003
TRADE HEADING
FUNERAL DIRECTORS ",,,
MARANG FINANCIAL SERVICES,"TEL:011-781 3957
EMAIL:nokutulan@marangfinancial.co.za
TRADE HEADING
CASH LOANS
FINANCIAL SERVICES","781 3957
EMAIL",011-781 3957,nokutulan@marangfinancial.co.za,
INTERNATIONAL SLAB SALES,"ADDRESS:69 SERENADE ROAD ELANDSFONTEIN GERMISTON,GAUTENG
TEL:011-822 1350
FAX:011-822 1701
EMAIL:INFO@INTERSLAB.CO.ZA
TRADE HEADING
 WHOLESALER SUPPLIERS OF GRANITE,  MARBLE & ENGINEERED STONE SURFACES","69 SERENADE ROAD ELANDSFONTEIN GERMISTON,GAUTENG
TEL; 822 1350
FAX; 822 1701
EMAIL","011-822 1350, 011-822 1701",INFO@INTERSLAB.CO.ZA,
MARKALAO RECURITMENT,"ADDRESS:18 SWALLOW STREET,GERMISTON,GAUTENG
TEL:011-902 2590
FAX:086 558 2813
EMAIL:langa@markalaorecruitment.co.za
TRADE HEADING
RECRUITMENT","18 SWALLOW STREET,GERMISTON,GAUTENG
TEL; 902 2590
FAX; 086 558 2813
EMAIL","011-902 2590, 086 558 2813",langa@markalaorecruitment.co.za,
AC RECRUITMENT CC,"ADDRESS:214 MONUMENT ROAD,VILLA VALENCIA,GLEN MARAIS,KEMPTON PARK,GAUTENG
TEL:011-979 1053
EMAIL:BETTY.ACR@TELKOMSA.NET
TRADE HEADING
RECRUITMENT & LABOUR HIRE","214 MONUMENT ROAD,VILLA VALENCIA,GLEN MARAIS,KEMPTON PARK,GAUTENG
TEL; 979 1053
EMAIL",011-979 1053,BETTY.ACR@TELKOMSA.NET,
CORICRAFT (BEDWORTH CENTRE ),"ADDRESS:SHOP 16 BEDWORTH VALUE CENTRE ,CNR R42 (BARRAGE ROAD) AND THE R716,ASCOT ON VAAL,GAUTENG, 1939, SOUTH AFRICA 
016 985 5335 (Tel) 
016 985 5406 (Fax) 
EMAIL:bvmanager@coricraft.co.za 
TRADE HEADING
FURNITURE MANUFACTURERS & RETAIL","16 BEDWORTH VALUE CENTRE ,CNR R42 ; 016 985 5335 ; 016 985 5406 ",,bvmanager@coricraft.co.za,
AVBOB (GERMISTON),"ADDRESS:244 MEYER STREET
TELL:011-825 3667/8
TRADE HEADING
FUNERAL DIRECTORS & UNDERTAKERS","244 MEYER STREET
TELL; 825 3667; 8
TRADE HEADING
FUNERAL DIRECTORS ",,,
AVBOB (GROBLERSDAL),"ADDRESS:13 MARK STREET
TELL:013-262 2156
TRADE HEADING
FUNERAL DIRECTORS & UNDERTAKERS","13 MARK STREET
TELL; 262 2156
TRADE HEADING
FUNERAL DIRECTORS ",,,
AVBOB (HEIDELBERG),"ADDRESS:64 UECKERMANN STREET
TELL:016-341 2389
TRADE HEADING
FUNERAL DIRECTORS & UNDERTAKERS","64 UECKERMANN STREET
TELL; 341 2389
TRADE HEADING
FUNERAL DIRECTORS ",,,
AVBOB HORISON),"ADDRESS:CNR OF BICKEL 7 MOUTON STREET
TEL:011-766 3145
TRADE HEADING
FUNERAL DIRECTORS & UNDERTAKERS","7 MOUTON STREET
TEL; 766 3145
TRADE HEADING
FUNERAL DIRECTORS ",011-766 3145,,
AVBOB (IKWEZI),"ADDRESS:749 MMILA ROAD,MOFOLO NORTH
TEL:011-988 2457
TRADE HEADING
FUNERAL DIRECTORS & UNDERTAKERS","749 MMILA ROAD,MOFOLO NORTH
TEL; 988 2457
TRADE HEADING
FUNERAL DIRECTORS ",011-988 2457,,
KAPCI COATING SA cc,"ADDRESS:24 MARSHALL STREET,FORDSBURG,GAUTENG

TEL:011-834 1252/3/4

FAX:011-834 1259

WEBSITE:WWW.KAPCI.COM

TRADE HEADING

AUTOMOTIVE PAINT DISTRIBUTORS","24 MARSHALL STREET,FORDSBURG,GAUTENG

TEL; 834 1252; 4

FAX; 834 1259

WEBSITE","011-834 1252, 011-834 1259",,
AVBOB (JOHANNESBURG),"ADDRESS:7 OWL STREET,MILPARK,JOHANNESBURG
TEL:011-482 1027
TRADE HEADING
FUNERAL DIRECTORS & UNDERTAKERS","7 OWL STREET,MILPARK,JOHANNESBURG
TEL; 482 1027
TRADE HEADING
FUNERAL DIRECTORS ",011-482 1027,,
AVBOB ( KEMPTON PARK),"ADDRESS:29 MARGERET AVE
TEL:011-975 5845
TRADE HEADING
FUNERAL DIRECTORS & UNDERTAKERS","29 MARGERET AVE
TEL; 975 5845
TRADE HEADING
FUNERAL DIRECTORS ",011-975 5845,,
AVBOB (KREMETORIUM),"ADDRESS:MOOIFONTEIN CEMETERY,TIRTELDUID LAAN,BIRCH ACRES)
TEL:011-391 6484
TRADE HEADING
FUNERAL DIRECTORS & UNDERTAKERS","391 6484
TRADE HEADING
FUNERAL DIRECTORS ",011-391 6484,,
AVBOB (KRUGERSDORP),"ADDRESS:CNR JOUBERT & FONTEIN STREET
TEL:011-953 3808
TRADE HEADING
FUNERAL DIRECTORS & UNDERTAKERS","953 3808
TRADE HEADING
FUNERAL DIRECTORS ",011-953 3808,,
AVBOB (MEYERTON),"ADDRESS:18 LOCH STREET
TEL:016-362 1048
TRADE HEADING
FUNERAL DIRECTORS & UNDERTAKERS","18 LOCH STREET
TEL; 362 1048
TRADE HEADING
FUNERAL DIRECTORS ",016-362 1048,,
AVBOB (MIDDLEBURG),"ADDRESS:44 JOHAN MAGAGULA STREET
TEL:013-282 4771
TRADE HEADING
FUNERAL DIRECTORS & UNDERTAKERS","44 JOHAN MAGAGULA STREET
TEL; 282 4771
TRADE HEADING
FUNERAL DIRECTORS ",013-282 4771,,
AVBOB (NELSRUIT),"ADDRESS:30 BRANDERS STREET
TEL:013-752 2695
TRADE HEADING
FUNERAL DIRECTORS & UNDERTAKERS","30 BRANDERS STREET
TEL; 752 2695
TRADE HEADING
FUNERAL DIRECTORS ",013-752 2695,,
EXECUTOTS DAYCARE,"ADDRESS:79 14TH STREET,PARKMORE,SANDTON,GAUTENG
TEL:011-784 7184
FAX:011-784 7184
TRADE HEADING
CRECHES,EDUCARE & PRE-PRIMARY","79 14TH STREET,PARKMORE,SANDTON,GAUTENG
TEL; 784 7184
FAX; 784 7184
TRADE HEADING
CRECHES,EDUCARE ","011-784 7184, 011-784 7184",,
AVBOB (NIGEL ),"ADDRESS:45 A BREYTENBACK STREET NIGEL
TEL:011-814 4853
TRADE HEADING
FUNERAL DIRECTORS & UNDERTAKERS","45 A BREYTENBACK STREET NIGEL
TEL; 814 4853
TRADE HEADING
FUNERAL DIRECTORS ",011-814 4853,,
AVBOB (POTCHEFSTROOM),"ADDRESS:CNR OWEN & OR TAMBO
TEL:018-294 3269
TRADE HEADING
FUNERAL DIRECTORS & UNDERTAKERS","294 3269
TRADE HEADING
FUNERAL DIRECTORS ",018-294 3269,,
AVBOB (RANDFONTEIN),"ADDRESS:40 PARK STREET SOUTH
TEL:011-693 2560
TRADE HEADING
FUNERAL DIRECTORS & UNDERTAKERS","40 PARK STREET SOUTH
TEL; 693 2560
TRADE HEADING
FUNERAL DIRECTORS ",011-693 2560,,
AVBOB (ROODEPOORT),"ADDRESS:CNR MESSELAAR & KOTZE STREET
TEL:011-760 1158
TRADE HEADING
FUNERAL DIRECTORS & UNDERTAKERS","760 1158
TRADE HEADING
FUNERAL DIRECTORS ",011-760 1158,,
AVBOB (ROODEPOORT-HORISON),"ADDRESS:CNR OF BICKEL AND MOUTON STREET,HORISON
TEL:011-766 3145
TRADE HEADING
FUNERAL DIRECTORS & UNDERTAKERS","766 3145
TRADE HEADING
FUNERAL DIRECTORS ",011-766 3145,,
AVBOB (SASOLBURG),"ADDRESS:9 SALTBERRY STREET
TEL:016-976 0790
TRADE HEADING
FUNERAL DIRECTORS & UNDERTAKERS","9 SALTBERRY STREET
TEL; 976 0790
TRADE HEADING
FUNERAL DIRECTORS ",016-976 0790,,
AVBOB (SOWETO),"ADDRESS:4401 TSIANDA STREET,CHIAWELO
TEL:011-980 2190
TRADE HEADING
FUNERAL DIRECTORS & UNDERTAKERS","4401 TSIANDA STREET,CHIAWELO
TEL; 980 2190
TRADE HEADING
FUNERAL DIRECTORS ",011-980 2190,,
AVBOB (SPRINGS),"ADDRESS:EIGHT STREET NO.8
TEL:011-811 2393/4157
TRADE HEADING
FUNERAL DIRECTORS & UNDERTAKERS","8
TEL; 811 2393; 4157
TRADE HEADING
FUNERAL DIRECTORS ",011-811 2393,,
AVBOB (VANDERBILIJPARK),"ADDRESS:CNR JW MUSHET & FW BEYERS STREET
TEL:016-933 9734
TRADE HEADING
FUNERAL DIRECTORS & UNDERTAKERS","933 9734
TRADE HEADING
FUNERAL DIRECTORS ",016-933 9734,,
AVBOB (VEREENIGING),"ADDRESS:CNR STANLEY & VOORTREKKER STREET
TEL:016-421 4054
TRADE HEADING
FUNERAL DIRECTORS & UNDERTAKERS","421 4054
TRADE HEADING
FUNERAL DIRECTORS ",016-421 4054,,
AVBOB (WITBANK),"ADDRESS:16 HAIG STREET
TEL:013-656 2502
TRADE HEADING
FUNERAL DIRECTORS & UNDERTAKERS","16 HAIG STREET
TEL; 656 2502
TRADE HEADING
FUNERAL DIRECTORS ",013-656 2502,,
CAPITAL CIVIL & BUILDING CONSTRUCTION,"ADDRESS:278 MAPLE STREET,POMANA,KEMPTON PARK,GAUTENG
FAX:011-979 1175
CELL:083-250 5532
TRADE HEADING
BUILDING CONSTRUCTION","278 MAPLE STREET,POMANA,KEMPTON PARK,GAUTENG
FAX; 979 1175
CELL; 250 5532
TRADE HEADING
BUILDING CONSTRUCTION","011-979 1175, 083-250 5532",,
GENERAL MOTOR DEALER,"ADDRESS:289 GEN LOUIS BOTHA DRIVE,GARSFONTEIN,PRETORIA,GAUTENG
TEL:012-369 2000
FAX:012-369 2020
TRADE HEADING
MOTOR CAR & TRUCK DISTRIBUTORS","289 GEN LOUIS BOTHA DRIVE,GARSFONTEIN,PRETORIA,GAUTENG
TEL; 369 2000
FAX; 369 2020
TRADE HEADING
MOTOR CAR ","012-369 2000, 012-369 2020",,
CALDERYS SOUTH AFRICA (PTY) LTD,"ADDRESS:6 KARIBA STREET,POWERVILLE,VEREENING,GAUTENG,1930
TEL:016-440 6400
FAX:016-440 6409
TRADE HEADING
REFRACTORIES","6 KARIBA STREET,POWERVILLE,VEREENING,GAUTENG,1930
TEL; 440 6400
FAX; 440 6409
TRADE HEADING
REFRACTORIES","016-440 6400, 016-440 6409",,
TSHEPANG FUNERAL UNDERTAKERS,"ADDRESS:13135 BADUZA STREET,KWA THEMA,SPRINGS,GAUTENG
TEL:011-736 9850
FAX:011-736 9519
TRADE HEADING
FUNERAL DIRECTORS & UNDERTAKERS","13135 BADUZA STREET,KWA THEMA,SPRINGS,GAUTENG
TEL; 736 9850
FAX; 736 9519
TRADE HEADING
FUNERAL DIRECTORS ","011-736 9850, 011-736 9519",,
"MARY POPPIN""S CHILDREN CENTRE","ADDRESS:1 CAVAN CLOSE,WYNBERG
TEL:087-802 5709
FAX:086-575 5495
EMAIL:marypop@mwed.co.za
TRADE HEADING
CRECHES EDUCARE & PRE-PRIMARY","1 CAVAN CLOSE,WYNBERG
TEL; 802 5709
FAX; 575 5495
EMAIL","087-802 5709, 086-575 5495",marypop@mwed.co.za,
ACADEMY DRIVING SCHOOL,"ADDRESS:87 LOVEDAY STREET,JOHANNESBURG,GAUTENG
TEL:011-834 4231
FAX:011-834 4234
TRADE HEADING
DRIVING SCHOOL","87 LOVEDAY STREET,JOHANNESBURG,GAUTENG
TEL; 834 4231
FAX; 834 4234
TRADE HEADING
DRIVING SCHOOL","011-834 4231, 011-834 4234",,
FAHRENHEIT SEAFOOD &GRILL,"ADDRESS:1 HUDSON ROAD,EASTLEIGHT,EDENVALE,GAUTENG
TEL:011-021 6223
FAX:011-452 9710
WEBSITE:WWW.FGRILL.CO.ZA
TRADE HEADING
RESTAURANTS","1 HUDSON ROAD,EASTLEIGHT,EDENVALE,GAUTENG
TEL; 021 6223
FAX; 452 9710
WEBSITE","011-021 6223, 011-452 9710",,
"A.MBULIS OFSPRING CONSTRUCTION,PROJECTS","ADDRESS:1917 MPANE STREET, ORLANDO EAST,SOWETO,GAUTENG
CEL:084 661 8853
EMAIL:20@mtn.co.za
TRADE HEADING
BUILDING CONTRACTORS","1917 MPANE STREET, ORLANDO EAST,SOWETO,GAUTENG
CEL; 084 661 8853
EMAIL",,20@mtn.co.za,
DIY DEPORT KRUGERSDORP,"ADDRESS:21 ADOLF SCHNEIDER AV,KRUGERSDORP,GAUTENG
TEL:011-660 9153
FAX:011-660 4734
TRADE HEADING
HARDWARE-RETAIL","21 ADOLF SCHNEIDER AV,KRUGERSDORP,GAUTENG
TEL; 660 9153
FAX; 660 4734
TRADE HEADING
HARDWARE-RETAIL","011-660 9153, 011-660 4734",,
EVENING STAR CONSTRUCTION,"ADDRESS:SILVERWOODS,COUNTRY ESTATE,WILDWOODWAY SILVER LAKES,PRETORIA,GAUTENG
EMAIL:psgrobbelaar@vodamail.co.za
CELL:084 845 8834
TRADE HEADING
CONSTRUCTION","084 845 8834
TRADE HEADING
CONSTRUCTION",084 845 8834,psgrobbelaar@vodamail.co.za,
SUSTAINABLE ENERGY SOCIETY SOUTHERN AFRICA,"ADDRESS:UNIT 138,DESIGN QUARTER BUSINESS CENTRE,LESLIE AV,FOURWAYS,GAUTENG
TEL:011-513 4071
EMAIL:office@sessa.org.za
WEBSITE:www.sessa.org.za
TRADE HEADING
ASSOCIATIONS-MINERALS & ENERGY INDUSTRY","513 4071
EMAIL",011-513 4071,office@sessa.org.za,
MAKITI WEDDING & FUNCTION CENTRE,"ADDRESS:PLOT 19 DANIELSRUS,KRUGERSDORP,GAUTENG,1739
TEL:011-662 43-904
FAX:011-662 4907
EMAIL:info@makiti.co.za
WEBSITE:www.makiti.co.za
TRADE HEADING
WEDDING CONULTANTS & SERVICES","19 DANIELSRUS,KRUGERSDORP,GAUTENG,1739
TEL; 662 43-904
FAX; 662 4907
EMAIL","011-662 43-904, 011-662 4907",info@makiti.co.za,
LIONIZE CONSULTING,"ADDRESS:RUGBY ROAD,SAVANAH OFFICE PARK,9 AVENUE,WELTEVREDEN PARK,ROODEPOORT,GAUTENG
TEL:011-039 0495
FAX:086-512 0029
TRADE HEADING
DOMESTIC WORK RECRUITMENT AGENCIS","9 AVENUE,WELTEVREDEN PARK,ROODEPOORT,GAUTENG
TEL; 039 0495
FAX; 512 0029
TRADE HEADING
DOMESTIC WORK RECRUITMENT AGENCIS","011-039 0495, 086-512 0029",,
REMAX AGENTS,"ADDRESS:280 WILLSON STREET,FAIRLAND,JOHANNESBURG
TEL:011-476 7029
FAX:011-476 4019
TRADE HEADING
ESTATE AGENT","280 WILLSON STREET,FAIRLAND,JOHANNESBURG
TEL; 476 7029
FAX; 476 4019
TRADE HEADING
ESTATE AGENT","011-476 7029, 011-476 4019",,
ADVANCE ENGINEERING & PANEL MANUFACTURES (PTY) LTD,"ADDRESS:15 PRINSLOO STREET,ALBERTON,GAUTENG
TEL:011-869 2751
FAX:086-545 9878
TRADE HEADING
ELECTRICAL ENGINEERS","15 PRINSLOO STREET,ALBERTON,GAUTENG
TEL; 869 2751
FAX; 545 9878
TRADE HEADING
ELECTRICAL ENGINEERS","011-869 2751, 086-545 9878",,
REMAX  2000,"ADDRESS:4 PENELOPE AVE,FLORIDA NORTH,ROODEPOORT,SOUTH AFRICA,1709 
TEL:011-476 7029
FAX:011-476 4019
CELL:083 654 7766
EMAIL:sharonkeyter@gmail.com / sharon@remax2000.co.za
TRADE HEADING
ESTATE AGENTS","4 PENELOPE AVE,FLORIDA NORTH,ROODEPOORT,SOUTH AFRICA,1709 
TEL; 476 7029
FAX; 476 4019
CELL; 083 654 7766
EMAIL","011-476 7029, 011-476 4019, 083 654 7766","sharonkeyter@gmail.com, sharon@remax2000.co.za",
VOLVO (SOUTHERN AFRICA) (PTY) LTD,"ADDRESS:HUGHES BUSINESS PARK,SALIGNA,WITFIELD,GAUTENG
TEL:011-842 5000
EMAIL:sharon.pillay@volvo.co.za
TRADE HEADING
NEW CAR DEALER","842 5000
EMAIL",011-842 5000,sharon.pillay@volvo.co.za,
IMPERIAL TOYOTA A DIVISION OF IMPERIAL GROUP (PTY) LTD,"ADDRESS:67 EMPIRE ROAD,PARKTOWN,JOHANNESBURG,GAUTENG
TEL:011-276 0700
FAX:011-276 0652
EMAIL:AFERREIA@IMPERIALTOYOTA.CO.ZA
TRADE HEADING
NEW CAR DEALER","67 EMPIRE ROAD,PARKTOWN,JOHANNESBURG,GAUTENG
TEL; 276 0700
FAX; 276 0652
EMAIL","011-276 0700, 011-276 0652",AFERREIA@IMPERIALTOYOTA.CO.ZA,
SJ CAPITAL (JOHANNESBURG),"ADDRESS:FIRST FLOOR,SANDTON CITY OFFICE TOWER,SAND DOWN,SOUTH AFRICA,2146
TEL:011-303 8800
FAX:011-303 8808
EMAIL:jhb@sjcapitalgroup.com
TRADE HEADING
INVESTMENT CONSULTANTS","2146
TEL; 303 8800
FAX; 303 8808
EMAIL","011-303 8800, 011-303 8808",jhb@sjcapitalgroup.com,
STRIPPERS EXTRAVAGANZA,"TEL:011-794 1994


FAX:086-519 0247


TRADE HEADING


ADULT ENTERTAINMENT","794 1994


FAX; 519 0247


TRADE HEADING


ADULT ENTERTAINMENT","011-794 1994, 086-519 0247",,
N.V CONSTRUCTION,"ADDRESS:215 PRETORIA STREET,RYNFIELD,BENONI,GAUTENG
TEL: 011-849 9797


FAX:011-849 1843
 
EMAIL: vilarinho@telkomsa.net


TRADE HEADING


BUILDING CONTRACTORS","215 PRETORIA STREET,RYNFIELD,BENONI,GAUTENG
TEL; 849 9797


FAX; 849 1843
 
EMAIL","011-849 9797, 011-849 1843",vilarinho@telkomsa.net,
KISMET SUPPLY STORE,"ADDRESS:PARK ROAD,WYNBERG,GAUTENG
TEL:021-797 8804


FAX:021-761 0825


TRADE HEADING


HARDWARE STORES","797 8804


FAX; 761 0825


TRADE HEADING


HARDWARE STORES","021-797 8804, 021-761 0825",,
HOT POT PLUMBING & BUILDING SUPPLIES,"ADDRESS:HENDRIK POTGIETER CORNER,HENDRIK NORTH,ALBERTON,GAUTENG,2000
TEL:011-907 8676


FAX:011-869 5073


TRADE HEADING


HARDWARE-RETAIL","2000
TEL; 907 8676


FAX; 869 5073


TRADE HEADING


HARDWARE-RETAIL","011-907 8676, 011-869 5073",,
S A CONTINER DEPORT (PTY) LTD,"ADDRESS:1 HOUER ROAD,CITY DEEP,JOHANNESBURG,GAUTENG
TEL:011-405 2000


FAX:011-613 1502
 
EMAIL:websever@sacd.co.za


TRADE HEADING


CONTAINERISED,FREIGHT,DEPOTS & TRANSPORT SERVICES","1 HOUER ROAD,CITY DEEP,JOHANNESBURG,GAUTENG
TEL; 405 2000


FAX; 613 1502
 
EMAIL","011-405 2000, 011-613 1502",websever@sacd.co.za,
CIDA CITY CAMPUS,"ADDRESS:2 WESSEL AVENU,LYNCHURST,JOHANNESBURG,GAUTENG

TEL:011-887 4495


FAX:011-440 8952


TRADE HEADING


COLLEGES","2 WESSEL AVENU,LYNCHURST,JOHANNESBURG,GAUTENG

TEL; 887 4495


FAX; 440 8952


TRADE HEADING


COLLEGES","011-887 4495, 011-440 8952",,
MATTHEW GONIWE SCHOOL OF LEADERSHIP,"ADDRESS:8TH STREET,VRECLEDROT,JOHANNESBURG,GAUTENG
TEL:011-830 2200
 
FAX:011-830 2207
 
TRADE HEADING
COLLEGES","830 2200
 
FAX; 830 2207
 
TRADE HEADING
COLLEGES","011-830 2200, 011-830 2207",,
SIYAYA SKILLS INSTITUTE (PTY) LTD,"ADDRESS:TEBA PARK,121 ELOFF STREET.EXT SELBY.JOHANNESBURG,GAUTENG
TEL:011-493 9706
 
FAX:011-493 9698
TRADE HEADING
FET COLLEGES","121 ELOFF STREET.EXT SELBY.JOHANNESBURG,GAUTENG
TEL; 493 9706
 
FAX; 493 9698
TRADE HEADING
FET COLLEGES","011-493 9706, 011-493 9698",,
VHEMBE FET COLLEGES,"ADDRESS:2 MPHEPHU STREET,1SKASA
TEL:015-963 3491
FAX:015-963 3492
TRADE HEADING
FET COLLEGES","2 MPHEPHU STREET,1SKASA
TEL; 963 3491
FAX; 963 3492
TRADE HEADING
FET COLLEGES","015-963 3491, 015-963 3492",,
MSUKULIGWA MUNICIPALITY,"ADDRESS:CIVIC CENTRE,26 TAUTRE STREET,ERMELO
TEL:017-801 3500
FAX:017-801 3851
TRADE HEADING
MUNICIPALITY","26 TAUTRE STREET,ERMELO
TEL; 801 3500
FAX; 801 3851
TRADE HEADING
MUNICIPALITY","017-801 3500, 017-801 3851",,
HAIR OPTIONS,"ADDRESS:64 WESSELS ROAD,RIVONIA,SANDTON,GAUTENG
TEL:011-234 6501
FAX:011-234 6509
TRADE HEADING
HAIR CONSULTANTS","64 WESSELS ROAD,RIVONIA,SANDTON,GAUTENG
TEL; 234 6501
FAX; 234 6509
TRADE HEADING
HAIR CONSULTANTS","011-234 6501, 011-234 6509",,
PALMAR HOTEL,"ADDRESS:8 DIE AGERA ROAD,CROYDON,KEMPTON PARK,GAUTENG
TEL:011-974 7735
FAX:011-392 5506
TRADE HEADING
HOTEL & TOURIST","8 DIE AGERA ROAD,CROYDON,KEMPTON PARK,GAUTENG
TEL; 974 7735
FAX; 392 5506
TRADE HEADING
HOTEL ","011-974 7735, 011-392 5506",,
MERCURE HOTEL (BEDFORDVIEW),"ADDRESS:33 BRADFORD ROAD,GAUTENG
TEL:011-622 1556
FAX:011-622 8725
TRADE HEADING
HOTEL & TOURIST","33 BRADFORD ROAD,GAUTENG
TEL; 622 1556
FAX; 622 8725
TRADE HEADING
HOTEL ","011-622 1556, 011-622 8725",,
MUSUKULIGWA MUNICIPALITY,"ADDRESS:CIVIL CENTRE,26 TAURTE STREET,ERMELO
TEL:017-801 3576
EMAIL:mzane@musukwalikwa.gov.co.za
TRADE HEADING
MUNICIPALITY","26 TAURTE STREET,ERMELO
TEL; 801 3576
EMAIL",017-801 3576,mzane@musukwalikwa.gov.co.za,
JACOBS TRANSPORT,"ADDRESS:VICKERS ROAD,CITY DEEP,JOHANNESBURG,GAUTENG
TEL:011-434 0157
FAX:086-692 6386
WEBSITE:www.jacobstransport.co.za
TRADE HEADING
CONVERSATIONS,RENTALS & SALES","434 0157
FAX; 692 6386
WEBSITE","011-434 0157, 086-692 6386",,
EXCLUSIVE GETAWAYS,"ADDRESS:EXCLUSIVE GETAWAYS,4A COOMBE PLACE,RIVONIA,EXT1,SANTON,GAUTENG
TEL:011-803 8669
FAX:011-807 0417
WEBSITE:www.exclusivegetaways.co.za
TRADE HEADING
GAME FARMS","803 8669
FAX; 807 0417
WEBSITE","011-803 8669, 011-807 0417",,
ZENZELE FUNERAL HOME,"ADDRESS:45 84D NKOMO STREET,KWATHOMAS MAHLANGU VILE,WITBANK,1040
TEL:013-699 9101
FAX:086-698 1568
TRADE HEADING
FUNERAL DIRECTORS & UNDERTAKERS","45 84D NKOMO STREET,KWATHOMAS MAHLANGU VILE,WITBANK,1040
TEL; 699 9101
FAX; 698 1568
TRADE HEADING
FUNERAL DIRECTORS ","013-699 9101, 086-698 1568",,
SAMBRA (SOUTH AFRICAN MOTOR BODY REPAIRS ASSOCIATION),"TEL:011-886 6300
EMAIL:riana.faurie@mi.org.za
TRADE HEADING
ASSOCIATION-AUTO","886 6300
EMAIL",011-886 6300,riana.faurie@mi.org.za,
ALL PLUMBING,"ADDRESS:20 CASA DIVA,GIBSON DRIVE,BUCCLEUCH,SANDTON,GAUTENG
TEL:011-802 0666
EMAIL:letstalkplumbing@ymail.com
TRADE HEADING
PLUMBERS & SANITARY ENGINEERS","20 CASA DIVA,GIBSON DRIVE,BUCCLEUCH,SANDTON,GAUTENG
TEL; 802 0666
EMAIL",011-802 0666,letstalkplumbing@ymail.com,
MASERUMULE INC,"ADDRESS:43 OXFORD ROAD,FOREST TOWN,JOHANNESBURG,GAUTENG
TEL:011-486 3081
FAX:011-486 4013
EMAIL:goody@maserumuleinc.co.za
WEBSITE:www.maserumuleinc.co.za
TRADE HEADING
ATTORNEYS","43 OXFORD ROAD,FOREST TOWN,JOHANNESBURG,GAUTENG
TEL; 486 3081
FAX; 486 4013
EMAIL","011-486 3081, 011-486 4013",goody@maserumuleinc.co.za,
MANICA SOUTH AFRICA,"ADDRESS:PENCIL PARK,CROXLEY CLOSE,HERIOTDALE,JOHANNESBURG,GAUTENG
POSTAL:PO BOX 32014 BRAAMFONTEIN,2017
TEL:011-417 5500
FAX:086-646 4806
EMAIL:info@manica-africa.com
TRADE HEADING
LOGISTICS","32014 BRAAMFONTEIN,2017
TEL; 417 5500
FAX; 646 4806
EMAIL","011-417 5500, 086-646 4806",info@manica-africa.com,
LANDELALAHNI WORK FORCE MANAGEMENT,"ADDRESS:1 GLENHOVE ROAD,MELROSE ESTATE,JOHANNESBURG,GAUTENG
TEL:011-750 9536
FAX:011-442 0923
EMAIL:pasneemm@landelalahni.co.za
TRADE HEADING
PERSONAL CONSULTANTS","1 GLENHOVE ROAD,MELROSE ESTATE,JOHANNESBURG,GAUTENG
TEL; 750 9536
FAX; 442 0923
EMAIL","011-750 9536, 011-442 0923",pasneemm@landelalahni.co.za,
LIMORIDE,"ADDRESS:1 BOEING ROAD,BEDVIEW,JOHANNESBURG,GAUTENG
CELL:072 373 7133 / 082 966 8113
EMAIL:limorite@gmail.com
TRADE HEADING
LIMOUSINE-HIRE","1 BOEING ROAD,BEDVIEW,JOHANNESBURG,GAUTENG
CELL; 072 373 7133 ; 082 966 8113
EMAIL",072 373 7133,limorite@gmail.com,
ROYAL BUS & TRUCK TYRES,"Business Name		:	ROYAL BUS & TRUCK TYRES 			
						
Physical Add.		:	19 Liverpool Rd , Benoni South , Gauteng , South Africa 			
						
						
Postal Add.		:				
		 				
						
Telephone No.		:	013 656 1158			
Fax No.		:	013 656 1158			
Cellular No.		:				
E-Mail Add.		:	royaltyreswitbank@gmail.com			
Website Add.		:				
TRADE HEADINGS						
1) 	Tyre Repairs 			2) 	Truck Tyres 	
3)	Tyre Fitment 			4) 	Wheel Alignments","19 Liverpool Rd , Benoni South , Gauteng , South Africa 			
						
						
Postal Add.		; 013 656 1158			
Fax No.		; 013 656 1158			
Cellular No.		",,royaltyreswitbank@gmail.com,
GEZA BATHROOM & KITCHEN UNITS,"ADDRESS:501 JULES STREET MALVERN,JOHANNESBURG,2094
TEL:011-622 2004
FAX:011-622 2372
EMAIL:geza@icon.co.za
TRADE HEADING
BATHROOM FITTINGS & ACCESSORIES","501 JULES STREET MALVERN,JOHANNESBURG,2094
TEL; 622 2004
FAX; 622 2372
EMAIL","011-622 2004, 011-622 2372",geza@icon.co.za,
HAMMOND POLE ATTORNEYS,"ADDRESS:HP & PARK FRANK STREET,BOKSBURG,GAUTENG
TEL:011-874 1800
FAX:011-823 5099
TRADE HEADING
ATTORNEYS","874 1800
FAX; 823 5099
TRADE HEADING
ATTORNEYS","011-874 1800, 011-823 5099",,
SAVYCOR TRADING,"ADDRESS:42 HORNBILL ROAD,BRYANSTON,SANDTON,GAUTENG
FAX:086-651 7355
CELL:084 716 7672
EMAIL:intombi.domestics@webmail.co.za
TRADE HEADING
DOMESTIC WORKERS RECRUITMENT AGENCIES","42 HORNBILL ROAD,BRYANSTON,SANDTON,GAUTENG
FAX; 651 7355
CELL; 084 716 7672
EMAIL","086-651 7355, 084 716 7672",intombi.domestics@webmail.co.za,
L.M BUILDING CONSTRUCTION,"ADDRESS:55 FOREST ROAD,ROSETTENVILLE,JOHANNESBURG,GAUTENG,2190
CEL:078 812 7475
EMAIL:mahachileonard@gmail.com
TRADE HEADING
BUILDING CONTRACTORS","55 FOREST ROAD,ROSETTENVILLE,JOHANNESBURG,GAUTENG,2190
CEL; 078 812 7475
EMAIL",,mahachileonard@gmail.com,
ORION HOTEL DEVONSHIRE,"ADDRESS:JORISSEN STREET,BRAAMFONTEIN,JOHANNESBURG,GAUTENG
TEL:011-339 5611
EMAIL:yolande.y@orion/hotel.co.za
TRADE HEADING
HOTEL & TOURIST","339 5611
EMAIL",011-339 5611,,
NOMAM,"ADDRESS:STIRRUPLNE WOODMEAD,OFFICE PARK,WOODMEAD,GAUTENG
TEL:011-461 1300
EMAIL:hord@nomadsa.co.za
TRADE HEADING
CONTAINERISED,FREIGHT,DEPOTS & TRANSPORT SERVICES","461 1300
EMAIL",011-461 1300,hord@nomadsa.co.za,
C.W.T AQUARUIS SHIPPING INTERNATIONAL (PTY) LTD,"ADDRESS:32 WATERFORD OFFICE PARK,WATERFORD DRIVE,MOROELADAL,FOURWAYS,GAUTENG
TEL:011-658 0339
EMAIL:Vanessadippenaar@cwtasi.com
TRADE HEADING
SHIPPING COMPANY","32 WATERFORD OFFICE PARK,WATERFORD DRIVE,MOROELADAL,FOURWAYS,GAUTENG
TEL; 658 0339
EMAIL",011-658 0339,Vanessadippenaar@cwtasi.com,
KUEHNE & NAGEL (PTY) LTD,"ADDRESS:9 NGUNI DRIVE,EDENVAL,GAUTENG
TEL:011-574 7000
EMAIL:komeshni.naidoo@kuehnenagel
TRADE HEADING
SHIPPING COMPANY","9 NGUNI DRIVE,EDENVAL,GAUTENG
TEL; 574 7000
EMAIL",011-574 7000,,
ALEE MASSEL ESTATE (PTY) LTD,"ADDRESS:518 TRICHARDT ROAD,BOKSBURG,GAUTENG
TEL:011-917 3285
FAX:086-615 1660
EMAIL:PROPERTIES@ALEMASSEL.CO.ZA
WEBSITE:WWW.ALECMASSEL.CO.ZA
TRADE HEADING
ESTATE AGENT","518 TRICHARDT ROAD,BOKSBURG,GAUTENG
TEL; 917 3285
FAX; 615 1660
EMAIL","011-917 3285, 086-615 1660",PROPERTIES@ALEMASSEL.CO.ZA,
A & A CONTAINERS,"ADDRESS:ROCK COTTAGE OFFICE PARK,CHRISTIAAN DE WET ROAD,WELTEVREDEN PARK,ROODEPOORT
TEL:011-794 6571
FAX:011-794 6577
TRADE HEADING
CONTAINER SERVICES","794 6571
FAX; 794 6577
TRADE HEADING
CONTAINER SERVICES","011-794 6571, 011-794 6577",,
CAPE UNION MART (PTY) LTD,"ADDRESS:WATERFALL MALL,WATERVAL,RUSTENBURG,GAUTENG
TEL:041-537 3651
FAX:086-627 1309
EMAIL:waterfall@capeunionmart.co.za
TRADE HEADING
CONTAINERISED FREIGHT,DEPOT & TRANSPORT SERVICES","537 3651
FAX; 627 1309
EMAIL","041-537 3651, 086-627 1309",waterfall@capeunionmart.co.za,
"ORION HOTEL (The DevonshireBraamfontein, Johannesburg, Gauteng)","Address:
 

Corner Jorissen & Melle Street
Braamfontein
Johannesburg
2017



Postal Address:
 

P O Box 31197
Braamfontein
Johannesburg
2017




Telephone:
 

Hotel
+27 (0)11 339 5611

Toll free","2017



Postal Address; 31197
Braamfontein
Johannesburg
2017




Telephone; 11 339 5611

Toll free",,,
"ORION HOTEL (Velmoré Hotel EstateErasmia, Centurion, Gauteng)","Address:
 

96 Erasmia
Hennops River
Gauteng



Postal Address:
 

96 Main Road
Erasmia




Telephone:
 

Hotel
+27 (0)12 370 7000

Toll free
086 199 1199

Central Reservations
+27 (0)11 403 1218","96 Erasmia
Hennops River
Gauteng



Postal Address; 96 Main Road
Erasmia




Telephone; 12 370 7000

Toll free
086 199 1199

Central Reservations
; 11 403 1218",,,
SPECIALISED FREIGHT SERVICES CC,"ADDRESS:163 ZEISS ROAD,LASER PARK,ROODEPORT,GAUTENG
TEL:011-251 0000
EMAIL:deidre@sfssa.net
TRADE HEADING
CONTAINERISED FREIGHT,DEPOT & TRANSPORT SERVICES","163 ZEISS ROAD,LASER PARK,ROODEPORT,GAUTENG
TEL; 251 0000
EMAIL",011-251 0000,deidre@sfssa.net,
MIA'S NEST GUEST HOUSE,"ADDRESS:69 VAN RIEBEECK ROAD,GLEN AUSTIN,MIDRAND,GAUTENG
TEL:011-314 1877
FAX:011-314 5192
TRADE HEADING
GUEST HOUSES","69 VAN RIEBEECK ROAD,GLEN AUSTIN,MIDRAND,GAUTENG
TEL; 314 1877
FAX; 314 5192
TRADE HEADING
GUEST HOUSES","011-314 1877, 011-314 5192",,
GARY PLUMBERS,"ADDRESS:21 SUNSET BOULEVARD,FOURWAYS,SANDTON,GAUTENG
TEL:011-056 4951
EMAIL:GARY@GMAIL.COM
TRADE HEADING 
PLUMBERS","21 SUNSET BOULEVARD,FOURWAYS,SANDTON,GAUTENG
TEL; 056 4951
EMAIL",011-056 4951,GARY@GMAIL.COM,
HARCOURTS ANCHOR,"ADDRESS:2 ANCHOR ROAD BARDENE,BOKSBURG,GAUTENG
TEL:011-918 2002
FAX:011-894 6218
TRADE HEADING 
ESTATE AGENTS","2 ANCHOR ROAD BARDENE,BOKSBURG,GAUTENG
TEL; 918 2002
FAX; 894 6218
TRADE HEADING 
ESTATE AGENTS","011-918 2002, 011-894 6218",,
GENERAL MAN HIRE,"ADDRESS:82 MARKET STREET,KRU
TEL:011-660 1743
FAX:011-660 1743
TRADE HEADING 
INVESTMENT CONSULTANTS","82 MARKET STREET,KRU
TEL; 660 1743
FAX; 660 1743
TRADE HEADING 
INVESTMENT CONSULTANTS","011-660 1743, 011-660 1743",,
FORMULA 1 HOTEL,"ADDRESS:81 PRETORIUS STREET,PRETORIA,GAUTENG
TEL:012-323 8331
FAX:012-323 8325
TRADE HEADING 
HOTELS & TOURISTS","81 PRETORIUS STREET,PRETORIA,GAUTENG
TEL; 323 8331
FAX; 323 8325
TRADE HEADING 
HOTELS ","012-323 8331, 012-323 8325",,
BUDGET WINDOW COVERINGS,"ADDRESS:MAYFIELD PARK,SILVER STREET,JOHANNESBURG
TEL:011-432 3421
FAX:011-432 3421
TRADE HEADING 
BLINDS & AWNINGS","432 3421
FAX; 432 3421
TRADE HEADING 
BLINDS ","011-432 3421, 011-432 3421",,
BAKEBERG BLINDS CC,"ADDRESS:123 CAROLINE STREET,BRIXTON,JOHANNESBURG
TEL:011-837 1161
FAX:011-837 1161
TRADE HEADING 
BLINDS & AWNINGS","123 CAROLINE STREET,BRIXTON,JOHANNESBURG
TEL; 837 1161
FAX; 837 1161
TRADE HEADING 
BLINDS ","011-837 1161, 011-837 1161",,
THE FACILITATOR,"ADDRESS:174 RETIEF AVENUE,LYTTELTON MANOR,CENTURION,GAUTENG
TEL:012-644 2901
EMAIL:na@the/facilitator.com
TRADE HEADING 
BUILDING CONSULTANTS","174 RETIEF AVENUE,LYTTELTON MANOR,CENTURION,GAUTENG
TEL; 644 2901
EMAIL",012-644 2901,,
T & H FREIGHT,"ADDRESS:95 HOY AVENUE,BAKPAN,GAUTENG
TEL:011-744 0626
EMAIL:thfreight@telkomsa.net
TRADE HEADING 
CONTAINERISED,FREIGHT,DEPOTS & TRANSPORT SERVICES","95 HOY AVENUE,BAKPAN,GAUTENG
TEL; 744 0626
EMAIL",011-744 0626,thfreight@telkomsa.net,
B-ONE HOLDINGS,"ADDRESS:KRUGER AVENUE,LYTTLETON,001 CENTURION,GAUTENG
TEL:086-100 8009
FAX:012-664 4127
TRADE HEADING 
CONTAINER SERVICES","001 CENTURION,GAUTENG
TEL; 100 8009
FAX; 664 4127
TRADE HEADING 
CONTAINER SERVICES","086-100 8009, 012-664 4127",,
UNITRANS FUEL & CHEMICAL (PTY) LTD,"ADDRESS:TULISA PARK GAUTENG
TEL:011-869 8400
EMAIL:JENNY.ROGERS@UNITRANS.CO.ZA
TRADE HEADING 
TRANSPORT SERVICES","869 8400
EMAIL",011-869 8400,JENNY.ROGERS@UNITRANS.CO.ZA,
SHIPPING & GENERAL TRANSPORT SERVICES (PTY) LTD,"TEL:011-873 4786
FAX:011-873 6066
EMAIL:admin@shippingandgeneral.co.za
WEBSITE:www.shippingandgeneral.co.za
TRADE HEADING 
CONTAINERISED,FREIGHT,DEPOTS & TRANSPORT SERVICES","873 4786
FAX; 873 6066
EMAIL","011-873 4786, 011-873 6066",admin@shippingandgeneral.co.za,
LAND AND SEA SHIPPING (PTY) LTD,"ADDRESS:794 CASCADES ROAD,LITTLE FALLS,ROODEPOORT,GAUTENG
TEL:011-679 1651
FAX:011-679 1655
EMAIL:patp@landseashipping
TRADE HEADING 
SHIPPING COMPANIES","794 CASCADES ROAD,LITTLE FALLS,ROODEPOORT,GAUTENG
TEL; 679 1651
FAX; 679 1655
EMAIL","011-679 1651, 011-679 1655",,
S.D.D FREIGHT,"ADDRESS:JAMIT STREET,KEMPTON PARK,GAUTENG
TEL:011-390 1883
FAX:011-390 1854
EMAIL:donald@sddcargo.com
TRADE HEADING 
CONTAINERISED,FREIGHT,DEPOTS & TRANSPORT SERVICES","390 1883
FAX; 390 1854
EMAIL","011-390 1883, 011-390 1854",donald@sddcargo.com,
JMB BUILDING CONSTRUCTION & CLEANING,"ADDRESS:ROYAL PLACE,85 ELOFF STREET,JOHANNESBURG,GAUTENG
TEL:011-036 5833
EMAIL:imb@exclusivemail.co.za
TRADE HEADING 
BUILDING CONTRACTORS","85 ELOFF STREET,JOHANNESBURG,GAUTENG
TEL; 036 5833
EMAIL",011-036 5833,imb@exclusivemail.co.za,
UNITED MARITINE LOGISTICS,"ADDRESS:UNIT 10 D,77 MUNICH ROAD,EDENVALE,GAUTENG
TEL:011-452 5657
FAX:011-452 4880
EMAIL:eben@unimar.co.za
WEBSITE:www.unimar.co.za
TRADE HEADING 
CONTAINERISED FREIGHT,DEPOTS & TRANSPORT SERVICES","10 D,77 MUNICH ROAD,EDENVALE,GAUTENG
TEL; 452 5657
FAX; 452 4880
EMAIL","011-452 5657, 011-452 4880",eben@unimar.co.za,
A & D ROOFERS & HOME RENOVATIONS,"ADDRESS:9 CORONATION STREET,WHITE RIDGE,DELLA RAY,ROODERPOORT,GAUTENG,1709
TEL:011-477 9467
FAX:011-534 1873
EMAIL:adroofers@telkomsa.net
TRADE HEADING 
BUILDING CONTRACTORS","9 CORONATION STREET,WHITE RIDGE,DELLA RAY,ROODERPOORT,GAUTENG,1709
TEL; 477 9467
FAX; 534 1873
EMAIL","011-477 9467, 011-534 1873",adroofers@telkomsa.net,
SUB-CONTRACTORS,"ADDRESS:7225 MBALI STREET,TOKOZA,GAUTENG,1426
CELL:072 363 6568
EMAIL:amisa.koopman@yahoo.com
TRADE HEADING 
BUILDING CONTRACTORS","7225 MBALI STREET,TOKOZA,GAUTENG,1426
CELL; 072 363 6568
EMAIL",072 363 6568,amisa.koopman@yahoo.com,
EFFECTIVE BLINDS & AWNINGS CC,"TEL:011-818 2167
FAX:011-818 3982
TRADE HEADING 
BLINDS & AWNINGS","818 2167
FAX; 818 3982
TRADE HEADING 
BLINDS ","011-818 2167, 011-818 3982",,
3 PEAKS CONSTUCTION,"ADDRESS:6 AUGRABIES ROAD,PRETORIA,GAUTENG
FAX:086-661 7415
CELL:082 776 1846
EMAIL:dirkmyb@webmail.co.za
WEBSITE:3peaks.moonfruit.com
TRADE HEADING 
CONSTRUCTION","6 AUGRABIES ROAD,PRETORIA,GAUTENG
FAX; 661 7415
CELL; 082 776 1846
EMAIL","086-661 7415, 082 776 1846",dirkmyb@webmail.co.za,
KHAYALETHU PROJECTS & CONSTRUCTIONS,"ADDRESS:3005 WILLIERS,GRASMERE,GAUTENG
CELL:073 036 3392
TRADE HEADING
BUILDING CONTRACTORS","3005 WILLIERS,GRASMERE,GAUTENG
CELL; 073 036 3392
TRADE HEADING
BUILDING CONTRACTORS",073 036 3392,,
CJ BUILDING CONSTRUCTION,"ADDRESS:1 CILLIERS STREET,SUIDEROOD,JOHANNESBURG,GAUTENG,2001
CELL:083 990 5430
EMAIL:admin@cjbuilding.co.za
WEBSITE:www.cjbuilding.co.za
TRADE HEADING 
BUILDING CONTRACTORS","1 CILLIERS STREET,SUIDEROOD,JOHANNESBURG,GAUTENG,2001
CELL; 083 990 5430
EMAIL",083 990 5430,admin@cjbuilding.co.za,
BUDGET CAR RENTAL,"TEL:086-101 6622
FAX:011-398 0097
TRADE HEADING 
CAR HIRE","101 6622
FAX; 398 0097
TRADE HEADING 
CAR HIRE","086-101 6622, 011-398 0097",,
AMANZI OKUPHILA CONSTRUCTION & ENTERPRISES,"ADDRESS:681 B MATSHAYA ROAD,NALEDI SOWETO,GAUTENG
TEL:011-931 5376
CELL:073 168 8809
EMAIL:mahlanguabel@gmail.com
TRADE HEADING 
BUILDING CONTRACTORS","681 B MATSHAYA ROAD,NALEDI SOWETO,GAUTENG
TEL; 931 5376
CELL; 073 168 8809
EMAIL","011-931 5376, 073 168 8809",mahlanguabel@gmail.com,
STRIJDOM PARK VOLKSAGEN,"ADDRESS:343 MALIBONGWE DRIVE,FERNDALE,RANDBURG,GAUTENG
TEL:011-795 5000
FAX:011-791 7964
WEBSITE:www.stridomparkvolkswagen.co.za
TRADE HEADING 
MOTOR CAR & TRUCK DISTRIBUTORS","343 MALIBONGWE DRIVE,FERNDALE,RANDBURG,GAUTENG
TEL; 795 5000
FAX; 791 7964
WEBSITE","011-795 5000, 011-791 7964",,
INTERBILT TRUCK REPAIRS,"TEL:011-964 2355
FAX:011-964 1108
EMAIL:tammy@interbilt.com
TRADE HEADING 
PENEL BEATERS","964 2355
FAX; 964 1108
EMAIL","011-964 2355, 011-964 1108",tammy@interbilt.com,
EURO BRIDE,"ADDRESS:749 RUBENSTEIN DRIVE,MORELETPARK,PRETORIA,GAUTENG
TEL:012-997 3421
FAX:086-500 7676
EMAIL:info@eurobride.co.za
TRADE HEADING 
BRIDAL WEAR & ACCESSORIES","749 RUBENSTEIN DRIVE,MORELETPARK,PRETORIA,GAUTENG
TEL; 997 3421
FAX; 500 7676
EMAIL","012-997 3421, 086-500 7676",info@eurobride.co.za,
SKIN & BODY CLINIC,"ADDRESS:17 KNOPPIESDORING STREET,RANDPARK RIDGE,EXT14,RANDBURG
TEL:011-795 2264
EMAIL:skinandbody@mweb.co.za
TRADE HEADING 
SKIN & BODY CLINIC","17 KNOPPIESDORING STREET,RANDPARK RIDGE,EXT14,RANDBURG
TEL; 795 2264
EMAIL",011-795 2264,skinandbody@mweb.co.za,
RINO HORN KUSTOMZ,"ADDRESS:867 PHASE 3,DIEPKLOOF,GAUTENG,1862
FAX:086-607 2961
CELL:072 444 8043
EMAIL:sbumwelase@gmail.com
TRADE HEADING 
MOTOR SPARES/PARTS & ACCESSORIES","867 PHASE 3,DIEPKLOOF,GAUTENG,1862
FAX; 607 2961
CELL; 072 444 8043
EMAIL","086-607 2961, 072 444 8043",sbumwelase@gmail.com,
WEDDING & THINGS,"ADDRESS:BANTSES STREET,ACTIONVILLE,BENONI,GAUTENG
POSTAL ADDRESS:PO BOX 11463 RYNFIELD,1514
TEL:011-849 0550
EMAIL:weddingsandthings@telkomsa.net
TRADE HEADING 
BRIDALWEAR & ACCESSORIES","11463 RYNFIELD,1514
TEL; 849 0550
EMAIL",011-849 0550,weddingsandthings@telkomsa.net,
DR JOHN MILLER,"ADDRESS:GRANT AVENUE MEWS,GRANT AVENUE NORWOOD,JOHANNESBURG,GAUTENG
TEL:011-728 6718
FAX:011-728 5014
EMAIL:johanthanmiller@telkomsa.net
TRADE HEADING 
DENTAL PRACTITIONERS,DENTIST","728 6718
FAX; 728 5014
EMAIL","011-728 6718, 011-728 5014",johanthanmiller@telkomsa.net,
RAILWAY SAFETY REGULATOR,"ADDRESS:2 ERNEST OPPENHEIMER STREET,WATER VIEW,CNR BUS OFFICE,BRUMA,JOHANESBURG
TEL:011-417 0000
FAX:011-417 0010
TRADE HEADING 
RAIL TRANSPORT","2 ERNEST OPPENHEIMER STREET,WATER VIEW,CNR BUS OFFICE,BRUMA,JOHANESBURG
TEL; 417 0000
FAX; 417 0010
TRADE HEADING 
RAIL TRANSPORT","011-417 0000, 011-417 0010",,
360 EASTWOODS GUEST HOUSE,"ADDRESS:360 EASTWOODS STREET,AREADIE,PRETORIA,GAUTENG
TEL:012-430 4009
FAX: 086-619 5746
EMAIL:info@360eastwoodsguesthouse.co.za
TRADE HEADING 
HOTELS & LODGES","360 EASTWOODS STREET,AREADIE,PRETORIA,GAUTENG
TEL; 430 4009
FAX; 619 5746
EMAIL","012-430 4009, 086-619 5746",info@360eastwoodsguesthouse.co.za,
PARIS BELT (PTY) LTD,"ADDRESS:BELT CORNER,21 NEWTON STREET,VILLAGE MAIN,JOHANNESBURG
TEL:011-334 1870
FAX:011-334 1516
TRADE HEADING 
FASHION ACCESSORIES","21 NEWTON STREET,VILLAGE MAIN,JOHANNESBURG
TEL; 334 1870
FAX; 334 1516
TRADE HEADING 
FASHION ACCESSORIES","011-334 1870, 011-334 1516",,
AIRPORT GRAND HOTEL CONFERENCE CENTRE,"TEL:011-823 1843
FAX:011-823 2194
TRADE HEADING 
HOTEL ACCOMODATIONS","823 1843
FAX; 823 2194
TRADE HEADING 
HOTEL ACCOMODATIONS","011-823 1843, 011-823 2194",,
MABANA PRE-PRIMARY,"ADDRESS:128 JAPONICA STREET,EBONY PARK,MIDRAND
TEL:011-261 8687
FAX:011-261 8687
TRADE HEADING 
CRECHES,EDUCARE & PRE-PRIMARY","128 JAPONICA STREET,EBONY PARK,MIDRAND
TEL; 261 8687
FAX; 261 8687
TRADE HEADING 
CRECHES,EDUCARE ","011-261 8687, 011-261 8687",,
PRESTIGE PARTS WORLD,"ADDRESS:31 MINT ROAD,FORDSBURG,JOHANNESBURG,GAUTENG
TEL:011-836 5411
FAX:011-834 6850
EMAIL:zora.ppw@gmail.com
TRADE HEADING 
CAR PARTS","31 MINT ROAD,FORDSBURG,JOHANNESBURG,GAUTENG
TEL; 836 5411
FAX; 834 6850
EMAIL","011-836 5411, 011-834 6850",zora.ppw@gmail.com,
MERCURE HOTEL (MIDRAND),"ADDRESS:OLD PRETORIA MAIN ROAD,MIDRAND
TEL:011-312 2020
FAX:011-312 2055
TRADE HEADING 
HOTEL ACCOMODATION","312 2020
FAX; 312 2055
TRADE HEADING 
HOTEL ACCOMODATION","011-312 2020, 011-312 2055",,
TOPNET PROPERTIES,"ADDRESS:SAFARI SPAR COMPLEX,5 AREND ROAD,SAFARITUINE,RUSTENBURG
TEL:014-533 3801
FAX:041-533 3692
EMAIL:toprust@mweb.co.za
TRADE HEADING 
ESTATE AGENT","5 AREND ROAD,SAFARITUINE,RUSTENBURG
TEL; 533 3801
FAX; 533 3692
EMAIL","014-533 3801, 041-533 3692",toprust@mweb.co.za,
HOTHAKEL CC,"ADDRESS:1897/91 MPANE STREET,ORLANDO EAST,SOWETO,GAUTENG
TEL:011-023 7881
FAX:086-544 4748
TRADE HEADING 
HARDWARE-RETAIL","91 MPANE STREET,ORLANDO EAST,SOWETO,GAUTENG
TEL; 023 7881
FAX; 544 4748
TRADE HEADING 
HARDWARE-RETAIL","011-023 7881, 086-544 4748",,
TONY'S CAR HIRE,"ADDRESS: 11 BESEMBOS AVENUE,KEMPTON PARK,EXT 5,GAUTENG
TEL:011-975 8081
FAX:011-975 8071
EMAIL:boss@sacarhire.co.za
TRADE HEADING 
CAR HIRE & HYGIENE","11 BESEMBOS AVENUE,KEMPTON PARK,EXT 5,GAUTENG
TEL; 975 8081
FAX; 975 8071
EMAIL","011-975 8081, 011-975 8071",boss@sacarhire.co.za,
GALLERY CLEARING,"ADDRESS: KING 5A COMMERCIAL PARK,GENESIS ROAD,CROWN MINES,JOHANNESBURG
TEL:011-830 2767
FAX:086-528 5694
TRADE HEADING 
CLEARING & FORWARDING","830 2767
FAX; 528 5694
TRADE HEADING 
CLEARING ","011-830 2767, 086-528 5694",,
ALLMED MEDICAL SUPPLIES RENTALS (PTY) LTD,"ADDRESS: 4 DUNOTTAR STREET,SYDENHAM,JOHANNESBURG
TEL:011-640 5262
FAX:011-640 5266
TRADE HEADING 
MEDICAL SUPPILERS","4 DUNOTTAR STREET,SYDENHAM,JOHANNESBURG
TEL; 640 5262
FAX; 640 5266
TRADE HEADING 
MEDICAL SUPPILERS","011-640 5262, 011-640 5266",,
SOUTHERN SUN,"ADDRESS: KATHERINE STREET,SANDHURST,SANDTON,GAUTENG
TEL:011-884 5660
FAX:011-783 2004
EMAIL:linarl@southernsun.com
TRADE HEADING 
HOTELS & TOURISTS","884 5660
FAX; 783 2004
EMAIL","011-884 5660, 011-783 2004",linarl@southernsun.com,
CENTRA-MAC REFRIGERATION & AIRCONDITIONING SERVICES (PTY) LTD,"POSTAL ADDRESS:BOX,30442,JET PARK 
TEL:011-397 1024
FAX:011-397 1039
EMAIL:info@centromac.co.za
TRADE HEADING
AIRCONDITIONING","397 1024
FAX; 397 1039
EMAIL","011-397 1024, 011-397 1039",info@centromac.co.za,
MAJINGA CONSULTING CC,"ADDRESS: 134 10TH STREET,PARKMORE,SANDTON
TEL:011-685 0740
FAX:011-884 4497
EMAIL:cynthia@majinga.co.za
TRADE HEADING 
PERSONNEL CONSULTANTS","134 10TH STREET,PARKMORE,SANDTON
TEL; 685 0740
FAX; 884 4497
EMAIL","011-685 0740, 011-884 4497",cynthia@majinga.co.za,
KEKE HAIR KREATIONS,"ADDRESS:18 THISTLE ROAD,KEMPTON PARK
TEL:011-970 2533
EMAIL:kekehairkreations@gmail.com
TRADE HEADING 
BEAUTY SALONS","18 THISTLE ROAD,KEMPTON PARK
TEL; 970 2533
EMAIL",011-970 2533,kekehairkreations@gmail.com,
ORANGE GROVE VETERINARY HOSPITAL,"ADDRESS: 119 LOUIS BOTHA AVENUE,ORANGE GROVE,JOHANNESBURG
TEL:011-728 1371
FAX:086-684 4994
TRADE HEADING 
VETS","119 LOUIS BOTHA AVENUE,ORANGE GROVE,JOHANNESBURG
TEL; 728 1371
FAX; 684 4994
TRADE HEADING 
VETS","011-728 1371, 086-684 4994",,
VIP STYLISH HAIR STUDIO,"ADDRESS:FEATHERBROOK VILLAGE HENDRIK,PORGIETER ROAD,RUIMSIG ROODEPOORT
TEL:011-958 2632
FAX:011-958 0397
TRADE HEADING 
HAIRDRESSERS","958 2632
FAX; 958 0397
TRADE HEADING 
HAIRDRESSERS","011-958 2632, 011-958 0397",,
ATLAS PLUMBING,"ADDRESS:1 EDWARD ROAD CHANCLIFF
POSTAL ADDRESS:PO BOX 2124,NOORDHEUWEL X4,1756
TEL:011-660 4072
CELL:072 635 9222
FAX:011-665 3706
EMAIL:cechen@telkomsa.net
WEBSITE:WWW.ATLASPLUMBING.CO.ZA
TRADE HEADING 
PLUMBERS","1 EDWARD ROAD CHANCLIFF
POSTAL ADDRESS; 1756
TEL; 660 4072
CELL; 072 635 9222
FAX; 665 3706
EMAIL","011-660 4072, 072 635 9222, 011-665 3706",cechen@telkomsa.net,
TRIO PLUMBING,"ADDRESS:11 GRANIEST STREET,REEPHAVEN ROODEPOORT
TEL:011-766 3064
FAX:086-685 2816
TRADE HEADING 
PLUMBERS","11 GRANIEST STREET,REEPHAVEN ROODEPOORT
TEL; 766 3064
FAX; 685 2816
TRADE HEADING 
PLUMBERS","011-766 3064, 086-685 2816",,
ST FRANCIS VETERINARY HOSPITAL,"ADDRESS:80-1ST AVENUE DUNVEGAN,EDENVALE
TEL:011-453 8525
FAX:011-453 8384
TRADE HEADING 
VETS","453 8525
FAX; 453 8384
TRADE HEADING 
VETS","011-453 8525, 011-453 8384",,
MERCURY STREET VETERINARY HOSPITAL,"ADDRESS:103 MERCURY STREET,ALPHEN PARK,BENONI
TEL:011-894 6628
FAX:086-260 6227
EMAIL:mercurystreet@gmail.com
TRADE HEADING 
VETS","103 MERCURY STREET,ALPHEN PARK,BENONI
TEL; 894 6628
FAX; 260 6227
EMAIL","011-894 6628, 086-260 6227",mercurystreet@gmail.com,
BAKENKOP VETERINARY CLINIC/DIERE KLINIEK,"ADDRESS:1 CAPER AVENUE,ELDORAIGNE CENTURIOR
TEL:012-653 4474
FAX:012-653 4353
TRADE HEADING 
VETS","1 CAPER AVENUE,ELDORAIGNE CENTURIOR
TEL; 653 4474
FAX; 653 4353
TRADE HEADING 
VETS","012-653 4474, 012-653 4353",,
ASTOM COURIER SERVICES,"ADDRESS:ASTOM HOUSE,49 OP DE BERGEN STREET,TROYEVILLE
TEL:011-618 3613
FAX:011-624 0808
TRADE HEADING 
COURIER SERVICES","49 OP DE BERGEN STREET,TROYEVILLE
TEL; 618 3613
FAX; 624 0808
TRADE HEADING 
COURIER SERVICES","011-618 3613, 011-624 0808",,
FLORIDA VETERINARY HOSPITAL,"ADDRESS:375 ONTDEKKERS ROAD,FLORIDA PARK,ROODEPOORT
TEL:011-679 1042
FAX:086-684 3161
TRADE HEADING 
VETS","375 ONTDEKKERS ROAD,FLORIDA PARK,ROODEPOORT
TEL; 679 1042
FAX; 684 3161
TRADE HEADING 
VETS","011-679 1042, 086-684 3161",,
VET DELI,"ADDRESS:21 SUNRIDGE SQUARE LEVER ROAD,GRAND ALT,MIDRAND
TEL:011-318 0043
FAX:011-318 0046
TRADE HEADING 
VETS","21 SUNRIDGE SQUARE LEVER ROAD,GRAND ALT,MIDRAND
TEL; 318 0043
FAX; 318 0046
TRADE HEADING 
VETS","011-318 0043, 011-318 0046",,
BOSKRUIN VETERINARY CLINIC,"ADDRESS:CNR OF SWART DRIVE & BOSKRUIN,RANDBURG
TEL:011-792 0482
FAX:086-594 2622
TRADE HEADING 
VETS","792 0482
FAX; 594 2622
TRADE HEADING 
VETS","011-792 0482, 086-594 2622",,
EASTERN VETERINARY HOSPITAL,"ADDRESS:26 MONUMENT ROAD,KEMPTON PARK
TEL:011-970 1684
FAX:011-394 9717
TRADE HEADING 
VETS","26 MONUMENT ROAD,KEMPTON PARK
TEL; 970 1684
FAX; 394 9717
TRADE HEADING 
VETS","011-970 1684, 011-394 9717",,
XPS FREIGHT,"ADDRESS:210 CO STREET,CHRISTY CRESCENT,MBOMBELA
TEL:013-752 1000
FAX:013-752 1006
TRADE HEADING 
COURIER SERVICES","210 CO STREET,CHRISTY CRESCENT,MBOMBELA
TEL; 752 1000
FAX; 752 1006
TRADE HEADING 
COURIER SERVICES","013-752 1000, 013-752 1006",,
WATER SHED COLLEGE,"ADDRESS:15 ROOD STREET,NELSPRUIT,MBOMBELA
TEL:013-752 6917
FAX:013-752 6917
EMAIL:info@watershedschool.co.za
TRADE HEADING 
SCHOOLS & COLLEGES","15 ROOD STREET,NELSPRUIT,MBOMBELA
TEL; 752 6917
FAX; 752 6917
EMAIL","013-752 6917, 013-752 6917",info@watershedschool.co.za,
TREO PLUMBING & PAINTING,"ADDRESS:32 LAWN STREET,ROSEETTENVILLE,JOHANNESBURG
CELL:074 325 7774
EMAIL:TONGANY@GMAIL.COM
TRADE HEADING 
PLUMBERS","32 LAWN STREET,ROSEETTENVILLE,JOHANNESBURG
CELL; 074 325 7774
EMAIL",074 325 7774,TONGANY@GMAIL.COM,
BEAUTY WE GO CC,"ADDRESS:PARKMORE NEWS,11TH OLYMPIQ AVENUE PARKMORE,SANDTON
TEL:011-783 8454
EMAIL:sales@beautywego.com
TRADE HEADING 
BEAUTY SALON","783 8454
EMAIL",011-783 8454,sales@beautywego.com,
JURI BEAUTY PARLOUR,"ADDRESS:SHOP 12,WENDYWOOD SHOPPING CENTRE,1 DAPHINE STREET,WENDYWOOD SANDTON
TEL:011-802 4668
EMAIL:JURITIOUNS@GMAIL.COM
TRADE HEADING 
BEAUTY SALON","1 DAPHINE STREET,WENDYWOOD SANDTON
TEL; 802 4668
EMAIL",011-802 4668,JURITIOUNS@GMAIL.COM,
THERABEAUTIC SKIN & BODY CLINIC,"ADDRESS:CAMBRIDGE CROSSING SHOPPING CENTRE C/0 WITKOPPEN ID & STONEHAVEN,PUALSHOF,SANDTON
TEL:011-803 4411
EMAIL:sandy@therabeautics.co.za
TRADE HEADING 
BEAUTY SALON","0 WITKOPPEN ID ; 803 4411
EMAIL",011-803 4411,sandy@therabeautics.co.za,
LENGENDS HAIR DESIGN,"ADDRESS:15 MEYERSDALE MALL,ALBERTON
TEL:011-452 2355
EMAIL:attla@telkomsa.net
TRADE HEADING 
HAIRDRESSERS","15 MEYERSDALE MALL,ALBERTON
TEL; 452 2355
EMAIL",011-452 2355,attla@telkomsa.net,
REBECCA'S BEAUTY SALON,"ADDRESS:BRYAN PARK SHOPPING CENTRE,GROSVENOR ROAD,BRYANSTON,SANDTON
TEL:011- 706 8164
EMAIL:REBECCAKUMALO.M@GMAIL.COM
TRADE HEADING 
BEAUTY SALON","706 8164
EMAIL",011- 706 8164,REBECCAKUMALO.M@GMAIL.COM,
VAN NIEKERK NJ DR,"ADDRESS:3 VAN RIET LOWE STREET,DUNCANVILLE,VEREENIGING
TEL:016-427 1023
FAX:016-428 5005
TRADE HEADING 
VETS","3 VAN RIET LOWE STREET,DUNCANVILLE,VEREENIGING
TEL; 427 1023
FAX; 428 5005
TRADE HEADING 
VETS","016-427 1023, 016-428 5005",,
RANDHART VETERINARY CLINIC,"ADDRESS:CNR OF JEQUILIN & POWET STREET,RANDHART,ALBERTON
TEL:011-864 4755
FAX:011-908 4812
TRADE HEADING 
VETS","864 4755
FAX; 908 4812
TRADE HEADING 
VETS","011-864 4755, 011-908 4812",,
FAIRDEALS HARDWARE,"ADDRESS:22 BEER STREET,BRAAMFONTEIN,JOHANNESBURG
TEL:011-339 2932
FAX:086-671 5530
TRADE HEADING 
HARDWARE STORES","22 BEER STREET,BRAAMFONTEIN,JOHANNESBURG
TEL; 339 2932
FAX; 671 5530
TRADE HEADING 
HARDWARE STORES","011-339 2932, 086-671 5530",,
DE KLERKS MICA HARDWARE,"ADDRESS:CNR OF FRIKKIE MEYER & CHOPIN STREET,VANDERBIJPARK
TEL:016-931 1550
FAX:016-932 3175
TRADE HEADING 
HARDWARE STORES","931 1550
FAX; 932 3175
TRADE HEADING 
HARDWARE STORES","016-931 1550, 016-932 3175",,
BUILDERS EXPRESS,"ADDRESS:50 MALIBONGWE STREET,ROBINDALE,RANDBURG
TEL:011-793 6110
FAX:086-686 1754
TRADE HEADING 
HARDWARE STORES","50 MALIBONGWE STREET,ROBINDALE,RANDBURG
TEL; 793 6110
FAX; 686 1754
TRADE HEADING 
HARDWARE STORES","011-793 6110, 086-686 1754",,
MICA MORNING GLEN,"ADDRESS:MORNING GLEN MAIL,SHOP 22,KELVIN DRIVE DRIVE,GALLO MANOR
TEL:011-802 2638
FAX:011-802 2926
TRADE HEADING 
HARDWARE","802 2638
FAX; 802 2926
TRADE HEADING 
HARDWARE","011-802 2638, 011-802 2926",,
PINEHAVEN BRICK CENTRE,"ADDRESS:PLOT 66,STRUBEN ROAD,RIETLEI,MOGALE CITY
TEL:011-662 2461
FAX:086-593 3927
TRADE HEADING 
HARDWARE STORES","662 2461
FAX; 593 3927
TRADE HEADING 
HARDWARE STORES","011-662 2461, 086-593 3927",,
UNLIMITED BUILDING SUPPLIES SA (PTY) LTD,"ADDRESS:69 SIVE WRIGHT AVENUE,NEW DOORFONTEIN,JOHANNESBURG
TEL:011-402 4006
FAX:011-402 4006
TRADE HEADING 
HARDWARE STORES","69 SIVE WRIGHT AVENUE,NEW DOORFONTEIN,JOHANNESBURG
TEL; 402 4006
FAX; 402 4006
TRADE HEADING 
HARDWARE STORES","011-402 4006, 011-402 4006",,
MEGA MICA (EAST GATE),"ADDRESS:THE MICA BUILDING,EAST GATE S CENTRE,43 BRADFORD,BEDFORDVIEW
TEL:011-616 4129
FAX:011-622 6237
TRADE HEADING 
HARDWARE STORES","43 BRADFORD,BEDFORDVIEW
TEL; 616 4129
FAX; 622 6237
TRADE HEADING 
HARDWARE STORES","011-616 4129, 011-622 6237",,
DIY DEPOT DOUGLASDALE,"ADDRESS:DOUGLASDALE SHOPPING CENTRE,4B LESLIE AVENUE,SANDTON
TEL:011-704 4725
FAX:011-704 6742
TRADE HEADING 
HARDWARE STORES","704 4725
FAX; 704 6742
TRADE HEADING 
HARDWARE STORES","011-704 4725, 011-704 6742",,
ESSENTIAL HARDWARE GROUP,"ADDRESS:68 BOOYENS ROAD,JOHANNESBURG
TEL:011-434 2362
FAX:086-601 2839
TRADE HEADING 
HARDWARE STORES","68 BOOYENS ROAD,JOHANNESBURG
TEL; 434 2362
FAX; 601 2839
TRADE HEADING 
HARDWARE STORES","011-434 2362, 086-601 2839",,
JACKS PAINT & HARDWARE (ORANGE GROVE),"ADDRESS:221 LOUIS BOTHA AVENUE,ORANGE GROVE,JOHANNESBURG
TEL:011-640 5067
FAX:011-640 6850
TRADE HEADING 
HARDWARE STORES","221 LOUIS BOTHA AVENUE,ORANGE GROVE,JOHANNESBURG
TEL; 640 5067
FAX; 640 6850
TRADE HEADING 
HARDWARE STORES","011-640 5067, 011-640 6850",,
JAYEN MICA HARDWARE,"ADDRESS:2 PRIMROSE ROAD,GERMISTON
TEL:011-825 5030
FAX:011-873 8799
TRADE HEADING 
HARDWARE STORES","2 PRIMROSE ROAD,GERMISTON
TEL; 825 5030
FAX; 873 8799
TRADE HEADING 
HARDWARE STORES","011-825 5030, 011-873 8799",,
BLACK STAR SECURITY SERVICES & TRAINING CC,"ADDRESS:EPLOW HOUSE,122 PRESIDENT STREET,JOHANNESBURG
TEL:011-336 0960
FAX:011-336 0960
TRADE HEADING 
SECURITY SERVICES TRAINING","122 PRESIDENT STREET,JOHANNESBURG
TEL; 336 0960
FAX; 336 0960
TRADE HEADING 
SECURITY SERVICES TRAINING","011-336 0960, 011-336 0960",,
ALL GROUND SECURITY SERVICES,"ADDRESS:571013 ZONE 3,SEBOKENG
CELL:076 659 0637
FAX:086-623 6909
TRADE HEADING 
SECURITY SERVICES TRAINING","571013 ZONE 3,SEBOKENG
CELL; 076 659 0637
FAX; 623 6909
TRADE HEADING 
SECURITY SERVICES TRAINING","076 659 0637, 086-623 6909",,
T C M,"ADDRESS:53 14TH AVENUE GARDENS,MIDRAND
TEL:011-848 6000
FAX:011-848 6106
TRADE HEADING 
COMPUTER SERVICES & SOLUTIONS","53 14TH AVENUE GARDENS,MIDRAND
TEL; 848 6000
FAX; 848 6106
TRADE HEADING 
COMPUTER SERVICES ","011-848 6000, 011-848 6106",,
KUKHANYA TECHNOLOGIES,"ADDRESS:9 8TH AVENUE,NORTHMEAD,BENONI
TEL:011-425 0066
FAX:011-425 0577
TRADE HEADING 
COMPUTER NETWORKING & GABLING","9 8TH AVENUE,NORTHMEAD,BENONI
TEL; 425 0066
FAX; 425 0577
TRADE HEADING 
COMPUTER NETWORKING ","011-425 0066, 011-425 0577",,
MALUMO CONSULTING & PROJECTS (PTY) LTD,"ADDRESS:43 KRANSDUIF ROAD,ACRES,KEMPTON PARK
FAX:086-231 5558
CELL:072 936 5645
TRADE HEADING 
COMPUTER SERVICES & SOLUTIONS","43 KRANSDUIF ROAD,ACRES,KEMPTON PARK
FAX; 231 5558
CELL; 072 936 5645
TRADE HEADING 
COMPUTER SERVICES ","086-231 5558, 072 936 5645",,
J R PARTY HIRE CC,"ADDRESS:9 A FORWARD ROAD,EDENVALE
TEL:011-453 6550
FAX:086-563 4791
EMAIL:lian@jrhire.co.za
TRADE HEADING 
MARQUEE & TENT HIIRE","9 A FORWARD ROAD,EDENVALE
TEL; 453 6550
FAX; 563 4791
EMAIL","011-453 6550, 086-563 4791",lian@jrhire.co.za,
LONRHO LOGISTICS (PTY) LTD,"ADDRESS:LONRHO LOGISTICS,FOREIGN AIRLINES CARGO BUILDING,UNIT33,O R TAMBO INTERNATIONAL,KEMPTON PARK
TEL:011-571 0800
FAX:011-975 1542
EMAIL:bernards@pca.co.za
TRADE HEADING 
FREIGHT FORWARDING","571 0800
FAX; 975 1542
EMAIL","011-571 0800, 011-975 1542",bernards@pca.co.za,
ARGUS FREIGHT,"ADDRESS:UNIT 1 AVIATION PARK,18 POMONA
TEL:011-396 1896
FAX:011-396 2011
EMAIL:shannon@argusfreight.com
TRADE HEADING 
FREIGHT FORWARDING","1 AVIATION PARK,18 POMONA
TEL; 396 1896
FAX; 396 2011
EMAIL","011-396 1896, 011-396 2011",shannon@argusfreight.com,
SEBENZA FORWARDING SHIPPING (PTY) LTD,"ADDRESS:16 SPANNER ROAD,SPARTAN,KEMPTON PARK
TEL:011-571 0600
FAX:011-970 3638
EMAIL:tmaloka@sebenza.co.za
TRADE HEADING 
FREIGHT FORWARDING","16 SPANNER ROAD,SPARTAN,KEMPTON PARK
TEL; 571 0600
FAX; 970 3638
EMAIL","011-571 0600, 011-970 3638",tmaloka@sebenza.co.za,
TEST-A-RELAY,"ADDRESS:140 PIETER STREET,HIGHVELD TECHNOPARK,CENTURION,GAUTENG
TEL:012-665 0545
FAX:012-665 0549
EMAIL:parco@test-a-relay.co.za
TRADE HEADING 
ELECTRICAL ENGINEERS","140 PIETER STREET,HIGHVELD TECHNOPARK,CENTURION,GAUTENG
TEL; 665 0545
FAX; 665 0549
EMAIL","012-665 0545, 012-665 0549",parco@test-a-relay.co.za,
MEINTJES FENCING (PTY) LTD,"ADDRESS:1 NICHOLAS STREET,CHAMBOR,KRUGERSDORP
TEL:011-769 1440
FAX:011-769 1449
TRADE HEADING 
FENCING","1 NICHOLAS STREET,CHAMBOR,KRUGERSDORP
TEL; 769 1440
FAX; 769 1449
TRADE HEADING 
FENCING","011-769 1440, 011-769 1449",,
DIY DEPOY BERGBRON,"ADDRESS:12 DE BERG SHOPPING CENTRE,GORDON,BERGBRON,ROODEPOORT
TEL:011-477 6022
FAX:011-477 7485
EMAIL:pa1@diyberg.co.za
TRADE HEADING 
HARDWARE STORES","12 DE BERG SHOPPING CENTRE,GORDON,BERGBRON,ROODEPOORT
TEL; 477 6022
FAX; 477 7485
EMAIL","011-477 6022, 011-477 7485",pa1@diyberg.co.za,
SPEED CONTROL TECHNOLOGY,"ADDRESS:408 SOUTHERN KLIPPER LOG ROAD,JOHANNESBURG
TEL:011-613 1224
FAX:011-623 1240
EMAIL:brandon@speedcontrol.co.za
TRADE HEADING 
ELECTRICAL SUPPLIES &SERVICES","408 SOUTHERN KLIPPER LOG ROAD,JOHANNESBURG
TEL; 613 1224
FAX; 623 1240
EMAIL","011-613 1224, 011-623 1240",brandon@speedcontrol.co.za,
TALISMAN HIRE EDENVALE,"ADDRESS:BUILDERS WAREHOUSE,24 HERMAN ROAD,MEADOWDALE,EDENVALE
TEL:011-453 3999
FAX:011-453 2882
EMAIL:edenvale@talsman.co.za
TRADE HEADING 
PLANT & MACHINERY HIRE","24 HERMAN ROAD,MEADOWDALE,EDENVALE
TEL; 453 3999
FAX; 453 2882
EMAIL","011-453 3999, 011-453 2882",edenvale@talsman.co.za,
KEA KAMPERS,"ADDRESS:17 SIM ROAD,POMONE,KEMPTON PARK
TEL:011-230 5000
FAX:086-754 0470
EMAIL:ZUBEIDA@THRILSTY.CO.ZA
TRADE HEADING 
CAR RENTALS","17 SIM ROAD,POMONE,KEMPTON PARK
TEL; 230 5000
FAX; 754 0470
EMAIL","011-230 5000, 086-754 0470",ZUBEIDA@THRILSTY.CO.ZA,
BEM MEDICAL,"ADDRESS:122 RICHARDS ROAD,HALFWAY HOUSE,MIDRAND,GAUTENG
TEL:011-312 9292
FAX:011-312 9265
EMAIL:info@bemmedical.co.za
TRADE HEADING 
MEDICAL SUPPLIES","122 RICHARDS ROAD,HALFWAY HOUSE,MIDRAND,GAUTENG
TEL; 312 9292
FAX; 312 9265
EMAIL","011-312 9292, 011-312 9265",info@bemmedical.co.za,
AAA LOCKSMITHS,"ADDRESS:4 SAAMBOU BUILDING,PENZANCE STREET,NEW REDRUTH ALBERTON
TEL:011-907 3168
FAX:011-869 9915
TRADE HEADING 
LOCKSMITHS","4 SAAMBOU BUILDING,PENZANCE STREET,NEW REDRUTH ALBERTON
TEL; 907 3168
FAX; 869 9915
TRADE HEADING 
LOCKSMITHS","011-907 3168, 011-869 9915",,
SWAT ELECTRICAL,"ADDRESS:137 16 STREET,PARKHURST,JOHANNESBURG
TEL:011-442 7385
FAX:011-442 7341
TRADE HEADING 
ELECTRICIANS","137 16 STREET,PARKHURST,JOHANNESBURG
TEL; 442 7385
FAX; 442 7341
TRADE HEADING 
ELECTRICIANS","011-442 7385, 011-442 7341",,
NORTH & EAST ELECTRICIAN,"ADDRESS:32 3RD STREET,BOKSBURG NORTH,BOKSBURG
CELL:073 259 6184
EMAIL:fortunelectrical@gmail.com
TRADE HEADING 
ELECTRICIANS","32 3RD STREET,BOKSBURG NORTH,BOKSBURG
CELL; 073 259 6184
EMAIL",073 259 6184,fortunelectrical@gmail.com,
KNOWLEDGE ELECTRICAL,"ADDRESS:21 SUNSET BOULEVARD,LONEHILL,SANDTON,JOHANNESBURG
CELL:074 715 4765
EMAIL:benmuroiwa@gmail.com
TRADE HEADING 
ELECTRICIANS","21 SUNSET BOULEVARD,LONEHILL,SANDTON,JOHANNESBURG
CELL; 074 715 4765
EMAIL",074 715 4765,benmuroiwa@gmail.com,
URBAN ESCAPE,"ADDRESS:
RIVERSIDE S CENTRE DRIVE
BRYANSTON
SANDTON
TEL:
011-706 9822
EMAIL:urban@telkomsa.net
TRADE HEADING
BEAUTY SALON","706 9822
EMAIL",011-706 9822,urban@telkomsa.net,
LANDELAHNI BUSINESS LEADERS,"Tel Number:         
+27 11 750 9536
Head Office:       
 Glenhove Road
                 &n","27 11 750 9536
Head Office",,,
LANDELAHNI PROFESSIONAL & TECHNICAL APPOINTMENTSS,"Tel Number:          
+27 11 750 9536
Head Office:       
 Glenhove Road","27 11 750 9536
Head Office",,,
LANDELAHNI WORKFORCE MANAGEMENT,"Tel Number:          
+27 11 750 9536
Head Office:       
 Glenhove Road
                &n","27 11 750 9536
Head Office",,,
LANDELAHNI ASSESSMENTS,"Tel Number:          
+27 11 750 9536
Head Office:       
 Glenhove Road","27 11 750 9536
Head Office",,,
LANDELAHNI LEADERSHIP DEVELOPMENT,"Tel Number:  
    +27 11 750 9536
Head Office:    
  Glenhove Road

  Melrose Estate

  Johannesburg

  South Africa 
Branches:","27 11 750 9536
Head Office",,,
CONSOLIDATED AUTO (PTY) LTD,"ADDRESS:
19 NORTH RAND ROAD
BARDENE
BOKSBURG
TEL:
011-306 2000
FAX:
011-918 6930
TRADE HEADING
USED CARS DEALERS","19 NORTH RAND ROAD
BARDENE
BOKSBURG
TEL; 306 2000
FAX; 918 6930
TRADE HEADING
USED CARS DEALERS","011-306 2000, 011-918 6930",,
COLOUR CITY PLUMBING ELECTRICAL & HARDWARE SUPPLIES,"ADDRESS:
133 PRARIE STREET
ROSETTENVILLE
JOHANNESBURG
TEL:
011- 435 8134
FAX:
011-435 8134
TRADE HEADING
HARDWARE STORES","133 PRARIE STREET
ROSETTENVILLE
JOHANNESBURG
TEL; 435 8134
FAX; 435 8134
TRADE HEADING
HARDWARE STORES","011- 435 8134, 011-435 8134",,
SWITCH ELECTRICAL SUPPLIES,"ADDRESS:
OSBORNE ROAD
WADEVILLE
GERMISTON 

TEL:
011-827 5103 / 011-824 4220 

FAX:
086-571 6301 

CELL: 
082 814 4447 


EMAIL: 
robwsmit@vodamail.co.za 


TRADE HEADING
ELECTRICAL SUPPLIES","827 5103 ; 824 4220 

FAX; 571 6301 

CELL; 082 814 4447 


EMAIL","011-827 5103, 086-571 6301, 082 814 4447",robwsmit@vodamail.co.za,
SKIN & BODY CLINIC.,"ADDRESS:
17 KNOPPIESDORING STREET
RANDPARK RIDGE
EXT 14
RANDBURG
TEL:
011-795 2264
EMAIL:
SKINANDBODY""MWEB.CO.ZA
TRADE HEADING
SKIN & BODY CLINIC","17 KNOPPIESDORING STREET
RANDPARK RIDGE
EXT 14
RANDBURG
TEL; 795 2264
EMAIL",011-795 2264,,
TRANSVAAL INSULATION PAINTING CONTRACTORS,"ADDRESS:
48 B BOUNDRY AVENUE
BRAKPAN
TEL:
011- 740 9956
FAX:
011-744 4981
EMAIL:
trips@adsamail.co.za
TRADE HEADING
PAINTING CONTRACTORS","48 B BOUNDRY AVENUE
BRAKPAN
TEL; 740 9956
FAX; 744 4981
EMAIL","011- 740 9956, 011-744 4981",trips@adsamail.co.za,
ABC AUTOPARTS,"ADDRESS:
3 NORWALK STREET
KEMPTON PARK
TEL:
011-976 5531
FAX:
011-976 3080
EMAIL:
sales@abcautoparts.co.za
TRADE HEADING
CAR PARTS","3 NORWALK STREET
KEMPTON PARK
TEL; 976 5531
FAX; 976 3080
EMAIL","011-976 5531, 011-976 3080",sales@abcautoparts.co.za,
WALL ZONE CC,"ADDRESS:
24 GOEDEHOOP CRESCENT
HURLINGHAM MANOR
SANDTON
TEL:
011-886 4689
FAX:
011-886 2119
EMAIL:
mfix@mweb.co.za
TRADE HEADING
WALLPAPER & PAINT SERVICES","24 GOEDEHOOP CRESCENT
HURLINGHAM MANOR
SANDTON
TEL; 886 4689
FAX; 886 2119
EMAIL","011-886 4689, 011-886 2119",mfix@mweb.co.za,
CITY 2 CITY ELECTRONICS,"ADDRESS:
82 SIXTH STREET
SPRINGS
TEL:
011-815 3665
FAX:
011-815 3667
EMAIL:
city2cityelectronics@hotmail.com
TRADE HEADING
T.V & DVD RETAIL & SUPPLIERS","82 SIXTH STREET
SPRINGS
TEL; 815 3665
FAX; 815 3667
EMAIL","011-815 3665, 011-815 3667",city2cityelectronics@hotmail.com,
INTERBILT TRUCK REPAIRS.,"TEL:
011-964 2355
FAX:
011-964 1108
EMAIL:
tammy@interbilt.com
TRADE HEADING
PANEL BEATERS","964 2355
FAX; 964 1108
EMAIL","011-964 2355, 011-964 1108",tammy@interbilt.com,
STRIJDOM PARK VOLKSWAGEN,"ADDRESS:
343 MALIBONGWE DRIVE
FERNDALE
RANDBURG
GAUTENG
TEL:
011-795 5000
FAX:
011-791 7964
WEBSITE: www.strijdomparkvolkswagen.co.za
TRADE HEADING
MOTOR CAR & TRUCK DISTRIBUTORS","343 MALIBONGWE DRIVE
FERNDALE
RANDBURG
GAUTENG
TEL; 795 5000
FAX; 791 7964
WEBSITE","011-795 5000, 011-791 7964",,
BARMASTER,"ADDRESS:
2369 VRLEBEECK
GLEN AUSTIN
TEL:
011-314 1631
EMAIL:
barmaster@erc.co.za
TRADE HEADING
CATERING EQUIPMENT MAINTENANCE","2369 VRLEBEECK
GLEN AUSTIN
TEL; 314 1631
EMAIL",011-314 1631,barmaster@erc.co.za,
FLOOR DIRECT STRUBENS VALLEY,"ADDRESS:
SHOP 6NUTURY AVENUE
CLEAR WATER CROSING
HENDRICK
POTGIETER
TEL:
011-675 5990
FAX:
011-475 7311
TRADE HEADING
HARDWARE STORES","675 5990
FAX; 475 7311
TRADE HEADING
HARDWARE STORES","011-675 5990, 011-475 7311",,
I.C NISSAN (BENONI),"ADDRESS:
BENGATE CITY
NEW MODDER ROAD
GAUTENG
1501
TEL:
011-845 1640
FAX:
011-845 2320
TRADE HEADING
MOTOR CAR & TRUCK DISTRIBUTORS","1501
TEL; 845 1640
FAX; 845 2320
TRADE HEADING
MOTOR CAR ","011-845 1640, 011-845 2320",,
R&S TIMNBER & HARDWARE,"ADDRESS:
98 NUFFIELD
TEL:
011-818 4747
EMAIL:
rstimber02@gmail.com
TRADE HEADING
HARDWARE STORES","98 NUFFIELD
TEL; 818 4747
EMAIL",011-818 4747,rstimber02@gmail.com,
4 WAY MAINTENANCE SERVICES CC,"ADDRESS:
UNIT 44 CROCKER INDUSTRIAL PARK
CROCKER ROAD
WADEVILLE
TEL:
011-902 6286
FAX:
086-516 9039
EMAIL:
morehen@telkomsa.net
TRADE HEADING
domestic maintenance","44 CROCKER INDUSTRIAL PARK
CROCKER ROAD
WADEVILLE
TEL; 902 6286
FAX; 516 9039
EMAIL","011-902 6286, 086-516 9039",morehen@telkomsa.net,
SPARTAN MOTOR ENGINEERING,"ADDRESS:
76 PLANE CRESSLAWN
KEMPTON PARK
TEL:
011-975 5077
FAX:
011 975 6735
TRADE HEADING
MOTOR ENGINEERING","76 PLANE CRESSLAWN
KEMPTON PARK
TEL; 975 5077
FAX; 011 975 6735
TRADE HEADING
MOTOR ENGINEERING","011-975 5077, 011 975 6735",,
DENNES ENGINEERING,"ADDRESS:
3A DIESEL
OUD MODEN
JOHANNESBURG
TEL:
021-511 6041
FAX:
021-511 6051
EMAIL:
fazlin@dennes.co.za
TRADE HEADING
MOTOR ENGINEERS","511 6041
FAX; 511 6051
EMAIL","021-511 6041, 021-511 6051",fazlin@dennes.co.za,
HAUPTFLEISCH ATTORNEYS,"ADDRESS:
NORTHCLIFF PLACE
163 BEYERS NAUDE DRIVE
JOHANNESBURG
GAUTENG 2001
TEL:
011-782 2221
FAX:011-782 2432
TRADE HEADING
ATTORNEYS","163 BEYERS NAUDE DRIVE
JOHANNESBURG
GAUTENG 2001
TEL; 782 2221
FAX; 782 2432
TRADE HEADING
ATTORNEYS","011-782 2221, 011-782 2432",,
CENTURION STAAL (PTY) LTD,"ADDRESS:
136 EDISON CT
HENNOPS PARK
CENTURION
TEL:
012-653 6475
FAX:
012-653 6476
TRADE HEADING
WIRE PRODUCTS","136 EDISON CT
HENNOPS PARK
CENTURION
TEL; 653 6475
FAX; 653 6476
TRADE HEADING
WIRE PRODUCTS","012-653 6475, 012-653 6476",,
CINEVATION (PTY) LTD,"ADDRESS:
38 A KENT AVENUE
FERNDALE RANDBURG
TEL:
011-329 0600
FAX:
011-329 0603
EMAIL:
margie@cinevation.co.za
TRADE HEADING
ADVERTISING","38 A KENT AVENUE
FERNDALE RANDBURG
TEL; 329 0600
FAX; 329 0603
EMAIL","011-329 0600, 011-329 0603",margie@cinevation.co.za,
DAMPCON,"ADDRESS:
161 ELSBURG ROAD
DELVILLE
GERMISTON
TEL:
086-073 3872
FAX:
011-824 4265
EMAIL:
dampconbr@mweb.co.za
TRADE HEADING
PAINTING CONTRACTORS","161 ELSBURG ROAD
DELVILLE
GERMISTON
TEL; 073 3872
FAX; 824 4265
EMAIL","086-073 3872, 011-824 4265",dampconbr@mweb.co.za,
TUV RHEINLAND GROUP SA,"ADDRESS:
92 KARONA AVENUE
DORING KLOOF
CENTURION
TEL:
012-667 7700
FAX:
086-620 2851
TRADE HEADING
QUALITY ASSURANCE SERVICES","92 KARONA AVENUE
DORING KLOOF
CENTURION
TEL; 667 7700
FAX; 620 2851
TRADE HEADING
QUALITY ASSURANCE SERVICES","012-667 7700, 086-620 2851",,
SAY MAGIC MANUFACTURING CC,"ADDRESS:
13 KESWICK GERMISTON
JOHANNESBURG
TEL:
011-872 1997
FAX:
011-872 1444
TRADE HEADING
LAUNDRY EQUIPMENTS","13 KESWICK GERMISTON
JOHANNESBURG
TEL; 872 1997
FAX; 872 1444
TRADE HEADING
LAUNDRY EQUIPMENTS","011-872 1997, 011-872 1444",,
MODEL ENGINEERING,"ADDRESS:
12 ALBERT STREET
HEIDELBER
JOHANNESBURG
TEL:
016-341 3870
FAX:
086-646 5661
EMAIL:
sales@modeleng.co.za
TRADE HEADING
AGRICULTURAL ENGINEERS","12 ALBERT STREET
HEIDELBER
JOHANNESBURG
TEL; 341 3870
FAX; 646 5661
EMAIL","016-341 3870, 086-646 5661",sales@modeleng.co.za,
HENTER MOTOR ENGINEERING,"ADDRESS:
36 GENERAL SMUTS AVENUE
DUNCANVILLE
GAUTENG
TEL:
016-422 5581
FAX:
016-421 1784
EMAIL:
ELIZE@HENTER.CO.ZA
TRADE HEADING
ENGINEERING","36 GENERAL SMUTS AVENUE
DUNCANVILLE
GAUTENG
TEL; 422 5581
FAX; 421 1784
EMAIL","016-422 5581, 016-421 1784",ELIZE@HENTER.CO.ZA,
DR JONATHAN MILLER,"ADDRESS:
GRANT AVENU MEWS
GRANT AVENUE NORWOOD
JOHANNESBURG 
GAUTENG
TEL:
011-728 6718
FAX:
011-728 5014
EMAIL:
johanthanmiller@telkomsa.net
TRADE HEADING
DENTAL PRACTITIONERS DENTIST","728 6718
FAX; 728 5014
EMAIL","011-728 6718, 011-728 5014",johanthanmiller@telkomsa.net,
WIMPY-ARCON PARK,"ADDRESS:
SHOPRITE CENTRE SHOP 6 & 7B CNR RING & ARUMLEE ROAD
VEREENIGING
JOHANNESBURG
TEL:
016-428 2380
EMAIL:
rmuller@webmail.co.za
TRADE HEADING
RESTAURANT","428 2380
EMAIL",016-428 2380,rmuller@webmail.co.za,
WATER WORLD,"ADDRESS:
234 MALIBONGWE DRIVE
NORTH RIDING
GAUTENG
TEL:
011-462 4390
FAX:
011-704 1669
EMAIL:
wendyannm@cmh.co.za
WEBSITE:
www.cmh.co.za
TRADE HEADING
REPAIRS TO BOATS","234 MALIBONGWE DRIVE
NORTH RIDING
GAUTENG
TEL; 462 4390
FAX; 704 1669
EMAIL","011-462 4390, 011-704 1669",wendyannm@cmh.co.za,
STONE-STAMCOR (PTY) LTD,"ADDRESS:
4 LNGWE ROAD
SEBENZA
EDENVALE
TEL:
011-452 1415
FAX:
011-452 1499
TRADE HEADING
ELECTRICAL ENGINEERS","4 LNGWE ROAD
SEBENZA
EDENVALE
TEL; 452 1415
FAX; 452 1499
TRADE HEADING
ELECTRICAL ENGINEERS","011-452 1415, 011-452 1499",,
DE KLERKS MICA HARDWARE.,"ADDRESS:
CNR OF FRIKKIE MEYER & CHOPIN STREET
VANDERBIJPARK
TEL:
016-931 1550
FAX:
016-932 3175
TRADE HEADING
HARDWARE STORES","931 1550
FAX; 932 3175
TRADE HEADING
HARDWARE STORES","016-931 1550, 016-932 3175",,
SA PALLET CRATED BOX CC,"ADDRESS:
10TH ROAD & 1ST AVENUE KEW
JOHANNESBURG
TEL:
011-887 6225
FAX:
086-297 7788
EMAIL:
admin@sapallet.co.za
TRADE HEADING
PALLETS","887 6225
FAX; 297 7788
EMAIL","011-887 6225, 086-297 7788",admin@sapallet.co.za,
AFRISAM,"ADDRESS:
CNR 14TH AVENUE HENDRIK POTGIETER ROAD
WELTERVREVDEN PARK
ROODEPORT
TEL:
011-670 5500
FAX:
011-670 5793
TRADE HEADING
SAND & STONE","670 5500
FAX; 670 5793
TRADE HEADING
SAND ","011-670 5500, 011-670 5793",,
LCM SKIN & LASER CLINIC,"ADDRESS:
LITTLE COMPANY OF MARY HOSPITAL
50 GEORGE STORRAR DRIVE
GROENKLOOF
GAUTENG
TEL:
012-346 5363
EMAIL:
skinandlaserclinic@iburst.co.za
TRADE HEADING
SKIN & LASER CLINIC","50 GEORGE STORRAR DRIVE
GROENKLOOF
GAUTENG
TEL; 346 5363
EMAIL",012-346 5363,skinandlaserclinic@iburst.co.za,
SUNSQUARE MONTE CASINO,"ADDRESS:
MONTE CASINO BOULEVARD
FOURWAYS
SANDTON
TEL:
011-557 7007
FAX:
011-557 7019
EMAIL:
priya.bhikha@tsogosun.com
TRADE HEADING
ACCOMMODATION","557 7007
FAX; 557 7019
EMAIL","011-557 7007, 011-557 7019",priya.bhikha@tsogosun.com,
MERCURE HOTEL MIDRAND,"ADDRESS:
OLD PRETORIA
MAIN ROAD
MIDRAND
TEL:
011-312 2020
FAX:
011-312 2055
EMAIL:
H2917@ACCOR.COM
TRADE HEADING
ACCOMMODATION","312 2020
FAX; 312 2055
EMAIL","011-312 2020, 011-312 2055",H2917@ACCOR.COM,
FILQUIp ENGINEERING,"ADDRESS:
1ST DENVER
JOHANNESBURG
TEL:
011-616 2225
FAX:
011-616 7320
EMAIL:
sales@filquip.co.za
TRADE HEADING
PACKAGING","616 2225
FAX; 616 7320
EMAIL","011-616 2225, 011-616 7320",sales@filquip.co.za,
NYONI SECURITY RISK CONSULTANTS & TRAINING CC,"ADDRESS:
MENTZ STREET
2ND FLOOR
BOOYENS PLACE SUITE 26
JOHANNESBURG
TEL:
011-680 0547
EMAIL:
isaac@nyonisecurity.co.za
TRADE HEADING
SECURITY SERVICES TRAINING","26
JOHANNESBURG
TEL; 680 0547
EMAIL",011-680 0547,isaac@nyonisecurity.co.za,
KENTS (PTY) LTD,"ADDRESS:
6 KELVIN STREET
VANDERBIJL PARK
TEL:
016-910 9300
FAX:
011-933 4543
EMAIL:
madiarossouw@kents.co.za
TRADE HEADING
ELECTRICAL ENGINEERS","6 KELVIN STREET
VANDERBIJL PARK
TEL; 910 9300
FAX; 933 4543
EMAIL","016-910 9300, 011-933 4543",madiarossouw@kents.co.za,
CONTINENTAL OUTDOOR MEDIA,"ADDRESS:
NICOL MAIN OFFICE PARK
2 BRUTON
SANDTON
TEL:
011-514 1400
FAX:
011-514 1401
TRADE HEADING
ADVERTISING","2 BRUTON
SANDTON
TEL; 514 1400
FAX; 514 1401
TRADE HEADING
ADVERTISING","011-514 1400, 011-514 1401",,
SCHMIDHAUSER ELECTRICAL,"ADDRESS:
77 5TH STREET
WYNBERG
SANDTON
TEL:
086-154 2548
FAX:
011-262 5757
TRADE HEADING
ELECTRICIANS","77 5TH STREET
WYNBERG
SANDTON
TEL; 154 2548
FAX; 262 5757
TRADE HEADING
ELECTRICIANS","086-154 2548, 011-262 5757",,
CATERCARE CC,"ADDRESS:
522 COMMISSIONER STREET
BOKSBURG EAST
BOKSBURG
TEL:
011-914 2772
FAX:
011-914 2790
EMAIL:
amanda@catercare.co.za
TRADE HEADING
EQUIPMENT MANUFACTURES","522 COMMISSIONER STREET
BOKSBURG EAST
BOKSBURG
TEL; 914 2772
FAX; 914 2790
EMAIL","011-914 2772, 011-914 2790",amanda@catercare.co.za,
THE SCRAPBOOK TREASURY,"ADDRESS:
SHOP 9
GLENMORGAN AVENUE
DALVIEW
BRAKPAN
CELL:
084 549 8752
EMAIL:
scrapbooktreasury@gmail.com
TRADE HEADING
ARTS & CRAFT","9
GLENMORGAN AVENUE
DALVIEW
BRAKPAN
CELL; 084 549 8752
EMAIL",084 549 8752,scrapbooktreasury@gmail.com,
MSC STARLIGHT CRUISES,"ADDRESS:
STARLIGHT HOUSE
1 WESSEL ROAD
RIVONIA
SANDTON
TEL:
011-798 3600
FAX:
011-807 5085
EMAIL:
accounts@msccruises.co.za
TRADE HEADING
TRAVEL AGENTS","1 WESSEL ROAD
RIVONIA
SANDTON
TEL; 798 3600
FAX; 807 5085
EMAIL","011-798 3600, 011-807 5085",accounts@msccruises.co.za,
BOTEX PANELBEATERS,"ADDRESS:
12 BRECHER STREET
TEL:
017-826 3881
FAX:
017-826 4400
EMAIL:
botexpanelbeaters@skyafrica.co.za
TRADE HEADING
CAR BODY REPAIRS","12 BRECHER STREET
TEL; 826 3881
FAX; 826 4400
EMAIL","017-826 3881, 017-826 4400",botexpanelbeaters@skyafrica.co.za,
JOBURG CITY AUTO,"ADDRESS:
190 COMMISIONER STREET
JOHANNESBURG
TEL:
011-220 4900
FAX:
011-334 0389
EMAIL:
thandi.khoza@bmwdealer.co.za
TRADE HEADING
MOTOR CAR DEALERSHIP","190 COMMISIONER STREET
JOHANNESBURG
TEL; 220 4900
FAX; 334 0389
EMAIL","011-220 4900, 011-334 0389",thandi.khoza@bmwdealer.co.za,
KALALO DEVELOPERS CIVIL & SECURITY SERVICES,"ADDRESS:
59 KLEINBERG STREET 
PIETERSBURG
TEL:
015-291 1733
FAX:
015-291 2820
TRADE HEADING
SECURITY EQUIPMENT","59 KLEINBERG STREET 
PIETERSBURG
TEL; 291 1733
FAX; 291 2820
TRADE HEADING
SECURITY EQUIPMENT","015-291 1733, 015-291 2820",,
NKOMAZI SECURITY,"ADDRESS:
8 PARK STREET
MALALANE
TEL:
013-790 1609
FAX:
013-790 1609
TRADE HEADING
SECURITY EQUIPMENT","8 PARK STREET
MALALANE
TEL; 790 1609
FAX; 790 1609
TRADE HEADING
SECURITY EQUIPMENT","013-790 1609, 013-790 1609",,
PROTOP WOMENS CLINIC,"ADDRESS:
48 WEST STREET
KEMPTON PARK
TEL:
011-394 2143
FAX:
011-394 0785
TRADE HEADING
ABORTION CLINIC","48 WEST STREET
KEMPTON PARK
TEL; 394 2143
FAX; 394 0785
TRADE HEADING
ABORTION CLINIC","011-394 2143, 011-394 0785",,
THE PLAY-PLAY HOUSE,"ADDRESS:
72 MIMOSA ROAD
RANDPARK RIDGE
EXT 14
RANDBURG
TEL:
011-792 0660
FAX:
011-792 0660
EMAIL:
nerina@theplayplayhouse.co.za
TRADE HEADING
NURSERY SCHOOLS","72 MIMOSA ROAD
RANDPARK RIDGE
EXT 14
RANDBURG
TEL; 792 0660
FAX; 792 0660
EMAIL","011-792 0660, 011-792 0660",nerina@theplayplayhouse.co.za,
NYAMA CATERING,"ADDRESS:
4 STEEL STREET
VANDERBIJLPARK
FAX:086-656 6260
CELL: 076 132 8123 / 078 354 8938
TRADE HEADING
CATERING EQUIPMENT HIRE","4 STEEL STREET
VANDERBIJLPARK
FAX; 656 6260
CELL; 076 132 8123 ; 078 354 8938
TRADE HEADING
CATERING EQUIPMENT HIRE","086-656 6260, 076 132 8123",,
NDIVHUWA SECURITY TRAINING.,"ADDRESS:
1197 STAND DZANANI
NZHELELE
TEL:
015-970 4223
FAX:
015-970 4223
TRADE HEADING
SECURITY SERVICES TRAINING","1197 STAND DZANANI
NZHELELE
TEL; 970 4223
FAX; 970 4223
TRADE HEADING
SECURITY SERVICES TRAINING","015-970 4223, 015-970 4223",,
BOATING INTERNATIONAL,"ADDRESS:
104 VAN RIEBEECK AVENUE
EDENVALE
TEL:
011-452 8280
FAX:
011-452 0286
EMAIL:
warren@boatinginternational.co.za
TRADE HEADING
BOAT & ENGINE REPAIRS","104 VAN RIEBEECK AVENUE
EDENVALE
TEL; 452 8280
FAX; 452 0286
EMAIL","011-452 8280, 011-452 0286",warren@boatinginternational.co.za,
MULTIPLY PACKAGING (PTY) LTD,"ADDRESS:
BEVAN ROAD
ROODEKOP
GERMISTON 
JOHANNESBURG
TEL:
011-866 3060
FAX:
011-866 1115
EMAIL:
noleen.osner@multiplypackaging.co.za
TRADE HEADING
PACKAGING","866 3060
FAX; 866 1115
EMAIL","011-866 3060, 011-866 1115",noleen.osner@multiplypackaging.co.za,
EAST RAND AUTOMOTIVE,"ADDRESS:
NORTH REEF ROAD
JET PARK
BOKSBURG
TEL:
011-823 5882
FAX:
011-823 5724
EMAIL:
EASTRANDAUTO@TELKOMSA.NET
TRADE HEADING
ENGINEERS","823 5882
FAX; 823 5724
EMAIL","011-823 5882, 011-823 5724",EASTRANDAUTO@TELKOMSA.NET,
LINEA BRASS,"ADDRESS:
35 KOSTER STREET
BOOYSENS
JOHANNESBURG
TEL:
011-493 4775
FAX:
011-499 1201
TRADE HEADING
DOOR & WINDOW  FITTINGS","35 KOSTER STREET
BOOYSENS
JOHANNESBURG
TEL; 493 4775
FAX; 499 1201
TRADE HEADING
DOOR ","011-493 4775, 011-499 1201",,
DIVA DIVINE HAIR,"ADDRESS:
162 CARLETT DRIVE
BRAMLEY
SANDTON
TEL:
011-786 5086
FAX:
086-565 8896
EMAIL:
marketing@divadivadivinehair.co.za
TRADE HEADING
hair pieces","162 CARLETT DRIVE
BRAMLEY
SANDTON
TEL; 786 5086
FAX; 565 8896
EMAIL","011-786 5086, 086-565 8896",marketing@divadivadivinehair.co.za,
AFFIRMATIVE LIFT CC,"ADDRESS:
42 MICHELLE AVENUE
RANDHART
ALBERTON
TEL:
011-907 5125
FAX:
011-869 3149 / 086-664 5125
TRADE HEADING
LIFT MANUFACTURERS","42 MICHELLE AVENUE
RANDHART
ALBERTON
TEL; 907 5125
FAX; 869 3149 ; 664 5125
TRADE HEADING
LIFT MANUFACTURERS","011-907 5125, 011-869 3149",,
A J M ENGINEERING SERVICES,"ADDRESS:
139 HERTS DRIVE
MEADOWDALE
GERMISTON
TEL:
011-453 0728
FAX:
011-453 0757
TRADE HEADING
CRANES","139 HERTS DRIVE
MEADOWDALE
GERMISTON
TEL; 453 0728
FAX; 453 0757
TRADE HEADING
CRANES","011-453 0728, 011-453 0757",,
COX & MCKAY ELECTRICAL (PTY) LTD,"ADDRESS:
17 ENGWENA ROAD
SEBENZA
EDENVALE
TEL:
011-609 0577
FAX:
011-609 0663
TRADE HEADING
CABLING COMPONENTS","17 ENGWENA ROAD
SEBENZA
EDENVALE
TEL; 609 0577
FAX; 609 0663
TRADE HEADING
CABLING COMPONENTS","011-609 0577, 011-609 0663",,
D & D LIFTING & CRANE SERVICES (PTY) LTD,"ADDRESS:
8 INGWE  ROAD
SEBENZA
EDENVALE
TEL:
011-524 0871
FAX:
011-524 0832
TRADE HEADING
LIFTING GEAR","8 INGWE  ROAD
SEBENZA
EDENVALE
TEL; 524 0871
FAX; 524 0832
TRADE HEADING
LIFTING GEAR","011-524 0871, 011-524 0832",,
PROBE (NELSPRUIT),"ADDRESS:
FOURSOME BUILDING OLD PRETORIA ROAD
NELSPRUIT
TEL:
013-753 3027
FAX:
013-753 3029
TRADE HEADING
BATTERIES","753 3027
FAX; 753 3029
TRADE HEADING
BATTERIES","013-753 3027, 013-753 3029",,
BOARD KING (PRETORIA),"ADDRESS:
R101 CORORATE PARK NORTH
434 ROAN CRESCENT
MIDRAND
TEL:
011-314 3103
FAX:
011-314 3185
EMAIL:
nicoleen@boardking.co.za
TRADE HEADING
BUILDERS BOARD","101 CORORATE PARK NORTH
434 ROAN CRESCENT
MIDRAND
TEL; 314 3103
FAX; 314 3185
EMAIL","011-314 3103, 011-314 3185",nicoleen@boardking.co.za,
SPECIALISTED BAKERY ENGINEERING CC,"ADDRESS:
28 MOUNT IDA ROAD
ROBERTSHAM
JOHANNESBURG
TEL:
011-433 4817
FAX:
086-681 6216
TRADE HEADING
CATERING EQUIPMENT","28 MOUNT IDA ROAD
ROBERTSHAM
JOHANNESBURG
TEL; 433 4817
FAX; 681 6216
TRADE HEADING
CATERING EQUIPMENT","011-433 4817, 086-681 6216",,
MAKAU PHEFADU INC,"ADDRESS:
166 COLUMBINE ROAD
MONDEOI
JOHANNESBURG 
GAUTENG
2091
TEL:
011-942 5277
FAX:
011-942 1954
TRADE HEADING
ATTORNEYS","166 COLUMBINE ROAD
MONDEOI
JOHANNESBURG 
GAUTENG
2091
TEL; 942 5277
FAX; 942 1954
TRADE HEADING
ATTORNEYS","011-942 5277, 011-942 1954",,
AG GLASS & ALUMINIUM (PTY) LTD,"ADDRESS:
605 ONTDEKKER ROAD
ROODEPORT
TEL:
011-472 9238
FAX:
011-472 9242
EMAIL:
RONEL@AGGLASS.CO.ZA
TRADE HEADING
GLASS","605 ONTDEKKER ROAD
ROODEPORT
TEL; 472 9238
FAX; 472 9242
EMAIL","011-472 9238, 011-472 9242",RONEL@AGGLASS.CO.ZA,
MIDWAY GLASS,"ADDRESS:
DU 3 GALLAGHER CNR
RICHARDS DRIVE
MIDRAND
TEL:
011-805 1728
FAX:
011-805 3723
EMAIL:
andre@midwayglass.co.za
TRADE HEADING
GLASS","3 GALLAGHER CNR
RICHARDS DRIVE
MIDRAND
TEL; 805 1728
FAX; 805 3723
EMAIL","011-805 1728, 011-805 3723",andre@midwayglass.co.za,
MAYDAY GLASS,"ADDRESS:
11 TE EBOS AVENUE
MAYBERRY
ALBERTON
TEL:
011-908 4350
FAX:
011-908 2425
EMAIL:
mdglass@telkomsa.net
TRADE HEADING
GLASS","11 TE EBOS AVENUE
MAYBERRY
ALBERTON
TEL; 908 4350
FAX; 908 2425
EMAIL","011-908 4350, 011-908 2425",mdglass@telkomsa.net,
NDLOV U C BUILDING PROJECTS,"ADDRESS:
1806 KAMANA EXT 4
NOBUHLE STREET
MIDRAND
CELL:
078 623 7325
EMAIL:
jadulanndlovu@gmail.com
TRADE HEADING
BUILDING CONSTRUCTIONS","1806 KAMANA EXT 4
NOBUHLE STREET
MIDRAND
CELL; 078 623 7325
EMAIL",078 623 7325,jadulanndlovu@gmail.com,
SIZWE BUILDING CONTRACTORS,"ADDRESS:
142 QUEENS STREET
KINSINTON
JOHANNESBURG
CELL:
073 351 6001
EMAIL:
nakifapro@yahoo.com
TRADE HEADING
BUILDING MAINTENANCE","142 QUEENS STREET
KINSINTON
JOHANNESBURG
CELL; 073 351 6001
EMAIL",073 351 6001,nakifapro@yahoo.com,
LLALE & CO,"ADDRESS:
39 SALDANHA ROAD
ELDORADO PARK
JOHANNESBURG
TEL:
011-791 0222
EMAIL:
dorcasl@llale.com
TRADE HEADING
QUANTITY SURVEYORS","39 SALDANHA ROAD
ELDORADO PARK
JOHANNESBURG
TEL; 791 0222
EMAIL",011-791 0222,dorcasl@llale.com,
RIVONIA CAR SOUND & CELLULAR,"ADDRESS:
4 7TH RIVONIA SANDTON
TEL:
011-807 6156
FAX:
011-807 1770
EMAIL:
ananda@rivoniacarsound.co.za
TRADE HEADING
CAR RADIO AUDIO & ENTERTAINMENT EQUIPMENT","4 7TH RIVONIA SANDTON
TEL; 807 6156
FAX; 807 1770
EMAIL","011-807 6156, 011-807 1770",ananda@rivoniacarsound.co.za,
RICOH,"ADDRESS:
EASTWOOD OFFICE PARK
11B RILEY ROAD
BEDFORDVIEW
TEL:
011-723 5000
FAX:
011-723 5100
EMAIL:
surete.strydom@ricoh.co.za
TRADE HEADING
OFFICE EQUIPMENT SUPPLIES","723 5000
FAX; 723 5100
EMAIL","011-723 5000, 011-723 5100",surete.strydom@ricoh.co.za,
UNITY GLASS WORKS,"ADDRESS:
194 RIETFONTEIN ROAD
PRIMROSE
GERMISTON
TEL:
011-822 5343
FAX:
011-828 5919
EMAIL:
unityglass.sa@mweb.co.za
TRADE HEADING
GLASS","194 RIETFONTEIN ROAD
PRIMROSE
GERMISTON
TEL; 822 5343
FAX; 828 5919
EMAIL","011-822 5343, 011-828 5919",unityglass.sa@mweb.co.za,
KRUGERSDORP GOLF CLUB,"ADDRESS:
KNIGHTINGGALE CRESCENT
RANT & DAL
KRUGERSDORP
TEL:
011-660 4365
FAX:
011-953 1274
TRADE HEADING
GOLF COURSES","660 4365
FAX; 953 1274
TRADE HEADING
GOLF COURSES","011-660 4365, 011-953 1274",,
LIDO ELECTRICAL,"ADDRESS:
251 MAIN STREET
JOHANNESBURG
TEL:
011-334 7500
EMAIL:
lidojhb@icon.co.za
TRADE HEADING
ELECTRICAL SUPPLIES","251 MAIN STREET
JOHANNESBURG
TEL; 334 7500
EMAIL",011-334 7500,lidojhb@icon.co.za,
MOSEC ELECTRICAL,"ADDRESS:
1060 MPOPHOMA STREET
KLIPFONTEIN
MIDRAND
FAX:
086-515 6945
CELL:
078 386 1578
TRADE HEADING
ELECTRICANS","1060 MPOPHOMA STREET
KLIPFONTEIN
MIDRAND
FAX; 515 6945
CELL; 078 386 1578
TRADE HEADING
ELECTRICANS","086-515 6945, 078 386 1578",,
UTILITY MEASUREMENT AFRICA (PTY) LTD,"ADDRESS:
22 DRAKENSBURG
THE HILL
JOHANNESBURG
TEL:
011-435 7263
FAX:
011-435 7269
EMAIL:
linda@uma.co.za
TRADE HEADING
ELECTRICAL ENGINEERS","22 DRAKENSBURG
THE HILL
JOHANNESBURG
TEL; 435 7263
FAX; 435 7269
EMAIL","011-435 7263, 011-435 7269",linda@uma.co.za,
ALBERNATE MOTORS,"ADDRESS:
37 PENZANGE STREET
NEW REDRUTH 
ALBERTON
TEL:
011-861 8100
FAX:
011-861 8104
EMAIL:
gmreceptionist@albertante.co.za
TRADE HEADING
MOTOR VEHICLE DEALERSHIP","37 PENZANGE STREET
NEW REDRUTH 
ALBERTON
TEL; 861 8100
FAX; 861 8104
EMAIL","011-861 8100, 011-861 8104",gmreceptionist@albertante.co.za,
TURNER MORRIS - HEAD OFFICE,"ADDRESS:126 HEIDELBERG ROAD, CITY DEEP, JOHANNESBURG
TEL:
011- 221 3700

FAX:
086 651 7158

EMAIL:
INFO@TURNERMORRIS.CO.ZA
TRADE HEADING
TOOL HIRE 
PLANT HIRE","126 HEIDELBERG ROAD, CITY DEEP, JOHANNESBURG
TEL; 221 3700

FAX; 086 651 7158

EMAIL","011- 221 3700, 086 651 7158",INFO@TURNERMORRIS.CO.ZA,
KURT GEIGER,"ADDRESS:
L 449 EASTGATE S CENTRE
BEDFORD ROAD
BEDFORDVIEW
TEL:
011-616 2128
EMAIL:
kurtgeiger@eastgate.co.za
TRADE HEADING
FASHION ACCESSORIES","449 EASTGATE S CENTRE
BEDFORD ROAD
BEDFORDVIEW
TEL; 616 2128
EMAIL",011-616 2128,kurtgeiger@eastgate.co.za,
MARLBORO CRANE HIRE (PTY) LTD,"ADDRESS:
150 9TH ROAD
KEW
JOHANNESBURG
TEL:
011-882 8301
FAX:
011-882 8303
EMAIL:
erika@marlborocrane.co.za
TRADE HEADING
CRANE HIRE","150 9TH ROAD
KEW
JOHANNESBURG
TEL; 882 8301
FAX; 882 8303
EMAIL","011-882 8301, 011-882 8303",erika@marlborocrane.co.za,
JACKS PAINT & HARDWARE,"ADDRESS:
221 LOUIS BOTHA AVENU
ORANGA GROVE
JOHANNESBURG
TEL:
011-640 5067
FAX:
011-640 6850
TRADE HEADING
HARDWARE STORES","221 LOUIS BOTHA AVENU
ORANGA GROVE
JOHANNESBURG
TEL; 640 5067
FAX; 640 6850
TRADE HEADING
HARDWARE STORES","011-640 5067, 011-640 6850",,
TENK LOUBESER & ASSOCIATES CHARTERTED ACCOUNTS SA,"ADDRESS:
1ST FLOOR ZOTOS HOUSE
183 SMIT STREET
FAIRLAND
RANDBURG
TEL:
011-476 1881
FAX:
011-476 1630
EMAIL:
info@exceedjhb.co.za
WEBSITE:
www.tenkloubser.co.za
TRADE HEADING
ACCOUNTS","183 SMIT STREET
FAIRLAND
RANDBURG
TEL; 476 1881
FAX; 476 1630
EMAIL","011-476 1881, 011-476 1630",info@exceedjhb.co.za,
MANDLAKAZI ELECTRICAL TECHNOLOGY,"ADDRESS:
6 QUO VADIS STREET
MBOMBELA
TEL:
013-755 2257
EMAIL:
belinda@met.co.za
TRADE HEADING
CABLES","6 QUO VADIS STREET
MBOMBELA
TEL; 755 2257
EMAIL",013-755 2257,belinda@met.co.za,
SPIRAL ENGINEERING,"ADDRESS:
2 BLUMBERG STREET INDUSTRIA
JOHANNESBURG
TEL:
011-479 9115
EMAIL:
admin@spiralengineering.co.za
TRADE HEADING
STAIRS LIFT & ESCALATORS","2 BLUMBERG STREET INDUSTRIA
JOHANNESBURG
TEL; 479 9115
EMAIL",011-479 9115,admin@spiralengineering.co.za,
BDK ATTORNEYS,"ADDRESS:
NATIONAL BANK BUILDING
84 MARKET STREET
JOHANNESBURG
TEL:
011-838 1214
FAX:
011-836 8740
TRADE HEADING
ATTORNEYS","84 MARKET STREET
JOHANNESBURG
TEL; 838 1214
FAX; 836 8740
TRADE HEADING
ATTORNEYS","011-838 1214, 011-836 8740",,
ST FRANCIS VETERINARYHOSPITAL,"ADDRESS:
80-1ST AVENUE DUNVEGAN
EDENVALE
TEL:
011-453 8525
FAX:
011-453 8384
TRADE HEADING
VETS","453 8525
FAX; 453 8384
TRADE HEADING
VETS","011-453 8525, 011-453 8384",,
SERES MANUFACTURERS CC,"ADDRESS:
5 BIRMINGHAM
UNIT 18 WALLYS MINI 
BENONI
TEL:
011-845 4808
FAX:
011-845 3938
TRADE HEADING
BAKERY EQUIPMENT","5 BIRMINGHAM
UNIT 18 WALLYS MINI 
BENONI
TEL; 845 4808
FAX; 845 3938
TRADE HEADING
BAKERY EQUIPMENT","011-845 4808, 011-845 3938",,
TRI-DENT PANELBEATERS,"ADDRESS:
232 COWEN NTULI
MIDDLEBURG
TEL:
013-282 5335
FAX:
013-282 5673
EMAIL:
tridenpd@lantic.net
TRADE HEADING
CAR BODY REPAIRS","232 COWEN NTULI
MIDDLEBURG
TEL; 282 5335
FAX; 282 5673
EMAIL","013-282 5335, 013-282 5673",tridenpd@lantic.net,
FAMILY FUNERAL TRUST,"ADDRESS:
MUBLE BUILDING
GPPE VONIIELIGH STREET
TEL:
011-336 2402
FAX:
011-336 0833
TRADE HEADING
FUNERAL DIRECTORS","336 2402
FAX; 336 0833
TRADE HEADING
FUNERAL DIRECTORS","011-336 2402, 011-336 0833",,
OFFICE CREATIONS DECOR & DESIGN,"ADDRESS:
15 FERREIRA MAXSA BUILDING
NELSPRUIT
TEL:
013-752 3553
FAX:
013-752 3888
TRADE HEADING
OFFICE FURNITURE","15 FERREIRA MAXSA BUILDING
NELSPRUIT
TEL; 752 3553
FAX; 752 3888
TRADE HEADING
OFFICE FURNITURE","013-752 3553, 013-752 3888",,
DOPPIO ZERO (SUNNINGHILL),"ADDRESS:
CHILLI LANE
LEEUKOP
SUNNINGHILL
SANDTON
TEL:
011-234 7841
EMAIL:
etdk@vodamail.co.za
TRADE HEADING
RESTAURANTS","234 7841
EMAIL",011-234 7841,etdk@vodamail.co.za,
BETA & POWER ELEVATORS (PTY) LTD,"ADDRESS:
EHRENBERG BUILDING
55 BOOYSENS ROAD
JOHANNESBURG
TEL:
011-493 6820
FAX:
011-493 1549
TRADE HEADING
LIFT MANUFACTURERS","55 BOOYSENS ROAD
JOHANNESBURG
TEL; 493 6820
FAX; 493 1549
TRADE HEADING
LIFT MANUFACTURERS","011-493 6820, 011-493 1549",,
GERT JORHAAN LABOUR CONSULTANTS,"ADDRESS:
38 EEUFEES STREET
MIDDLEBURG
TEL:
013-282 7782
FAX:
013-282 7781
TRADE HEADING
RECRUITMENT CONSULTANTS","38 EEUFEES STREET
MIDDLEBURG
TEL; 282 7782
FAX; 282 7781
TRADE HEADING
RECRUITMENT CONSULTANTS","013-282 7782, 013-282 7781",,
CCG CABLE TERMINATIONS,"ADDRESS:
37 FORGE ROAD
SPARTON
KEMPTON PARK
TEL:
011-394 2020
FAX:
011-394 2202
TRADE HEADING
CABLING COMPONENTS","37 FORGE ROAD
SPARTON
KEMPTON PARK
TEL; 394 2020
FAX; 394 2202
TRADE HEADING
CABLING COMPONENTS","011-394 2020, 011-394 2202",,
TENTCO,"ADDRESS:
21 BISSET ROAD
JET PARK
BOKSBURG
TEL:
011-397 6451
FAX:
011-397 6421
EMAIL:
tentco@worldonline.co.za
TRADE HEADING
CAMPING EQUIPMENT","21 BISSET ROAD
JET PARK
BOKSBURG
TEL; 397 6451
FAX; 397 6421
EMAIL","011-397 6451, 011-397 6421",tentco@worldonline.co.za,
TOKISO DISPUTE SETTLEMENT (PTY) LTD,"ADDRESS:
THE ATRUIM 141 STANLEY AVENUE
MILPARK
JOHANNESBURG
TEL:
011-853 6300
FAX:
011-853 6335
TRADE HEADING
RECRUITMENT CONSULTANT","141 STANLEY AVENUE
MILPARK
JOHANNESBURG
TEL; 853 6300
FAX; 853 6335
TRADE HEADING
RECRUITMENT CONSULTANT","011-853 6300, 011-853 6335",,
KINTETSU WORLD EXPRESS SA,"ADDRESS:
WINGFIELD PARK
JET PARK
BOKSBURG
TEL:
011-573 5700
FAX:
086-648 9016
EMAIL:
nomebeko.mabikane@kwe.co.za
TRADE HEADING
FACILITIES","573 5700
FAX; 648 9016
EMAIL","011-573 5700, 086-648 9016",nomebeko.mabikane@kwe.co.za,
CENTRAL TECHNICAL SERVICES (PTY) LTD,"ADDRESS:
17A BRANDFORD ROAD
BEDFORDVIEW
TEL:
011-616 2301
FAX:
011-616 9441
EMAIL:
juandie@cys-sa.co.za
TRADE HEADING
RECRUITMENT CONSULTANTS","616 2301
FAX; 616 9441
EMAIL","011-616 2301, 011-616 9441",juandie@cys-sa.co.za,
AUTO COMMODITIES,"ADDRESS:
CNR BARRAT & WRIGHT STREET
KRUGERSDORP
TEL:
011-955 4571
FAX:
011-664 7154
TRADE HEADING
OIL FUEL DISRIBUTORS","955 4571
FAX; 664 7154
TRADE HEADING
OIL FUEL DISRIBUTORS","011-955 4571, 011-664 7154",,
INITO EARTH SCIENCES,"ADDRESS:
413 BEYERS NAUDE DRIVE
HONEYDEW
RANDBURG
TEL:
011-795 4007
FAX:
086-670 9071
EMAIL:
michelle@iescience.com
TRADE HEADING
LAND SURVEYORS","413 BEYERS NAUDE DRIVE
HONEYDEW
RANDBURG
TEL; 795 4007
FAX; 670 9071
EMAIL","011-795 4007, 086-670 9071",michelle@iescience.com,
OMNI CONNECT CC,"ADDRESS:
220 WINZE DRIVE
STORMILL
ROODEPORT
TEL:
011-674 5401
EMAIL:
brian@omniconnect.co.za
TRADE HEADING
CABLING COMPONENTS","220 WINZE DRIVE
STORMILL
ROODEPORT
TEL; 674 5401
EMAIL",011-674 5401,brian@omniconnect.co.za,
KAUAI JUICE EXPRESS,"ADDRESS:
VODA WORLD BS CENTRE
14TH ROAD ERAND
JOHANNESBURG
TEL:
011-318 1448
EMAIL:
ke.bobaworld@kauai.co.za
TRADE HEADING
HEALTH FOOD PRODUCTS","318 1448
EMAIL",011-318 1448,ke.bobaworld@kauai.co.za,
WALRO-FLEX,"ADDRESS:
61 7 AVENUE
ALBERTON NORTH
ALBERTON
TEL:
011-907 1563
FAX:
011-907 7903
TRADE HEADING
CABLES","61 7 AVENUE
ALBERTON NORTH
ALBERTON
TEL; 907 1563
FAX; 907 7903
TRADE HEADING
CABLES","011-907 1563, 011-907 7903",,
EXOL OIL REFINERY (PTY) LTD,"ADDRESS:
33 ADCOCK STREET
CHAMDOR
KRUGERSDORP
TEL:
011-769 2257
FAX:
011-769 1779
TRADE HEADING
OIL FUEL DISTRIBUTORS","33 ADCOCK STREET
CHAMDOR
KRUGERSDORP
TEL; 769 2257
FAX; 769 1779
TRADE HEADING
OIL FUEL DISTRIBUTORS","011-769 2257, 011-769 1779",,
ABERDARE CABLE (PTY) LTD,"ADDRESS:
13 WICHT STREET
MIDDELBURG
TEL:
013-246 2511
FAX:
013-246 2144
TRADE HEADING
CABLES","13 WICHT STREET
MIDDELBURG
TEL; 246 2511
FAX; 246 2144
TRADE HEADING
CABLES","013-246 2511, 013-246 2144",,
FINE ORGANIC CHEMICAL,"ADDRESS:
161 MORKEL AVENU
ALRODE SOUTH
ALBERTON
JOHANNESBURG
TEL:
011-868 1136
FAX:
011-868 3766
EMAIL:
june@fineorganics.co.za
TRADE HEADING
CHEMICAL","161 MORKEL AVENU
ALRODE SOUTH
ALBERTON
JOHANNESBURG
TEL; 868 1136
FAX; 868 3766
EMAIL","011-868 1136, 011-868 3766",june@fineorganics.co.za,
CYBERSTREAM,"ADDRESS:
OAK AVENUE
OAK PARK
RANDBURG
TEL:
011-787 8485
FAX:
011-886 8041
TRADE HEADING
DOMESTICS MAINTENANCE & REPAIR SERVICES","787 8485
FAX; 886 8041
TRADE HEADING
DOMESTICS MAINTENANCE ","011-787 8485, 011-886 8041",,
OCEAN BASKET,"ADDRESS:
FEATHER BROOKE VILLAGE SHOPPING CENTRE
HENDRIK POTGIETER ROAD
RUIEMISIG
ROODEPOORT
TEL:
011-958 0570
EMAIL:
featherbrooke@ocean.co.
WEBSITE:
www.oceanbasket.com
TRADE HEADING
RESTAURANT","958 0570
EMAIL",011-958 0570,featherbrooke@ocean.co,
METRIC AUTOMOTIVE ENGINEERING,"ADDRESS:
6 MIKE CROOK STREET
GERMISTON INDUSTRIAL
GERMISTON
TEL:
011-873 2350
FAX:
011-825 7317
EMAIL:
matric@automotive.com
TRADE HEADING
ENGINEERS","6 MIKE CROOK STREET
GERMISTON INDUSTRIAL
GERMISTON
TEL; 873 2350
FAX; 825 7317
EMAIL","011-873 2350, 011-825 7317",matric@automotive.com,
AFFIRMATIVE LIFE CC,"ADDRESS:
42 MICHELLE AVENUE
RANDHART
ALBERTON
TEL:
011-907 5125
FAX:
086-684 5125
EMAIL:
id@affirmative-list.co.za
TRADE HEADING
LIFT ENINEERS","42 MICHELLE AVENUE
RANDHART
ALBERTON
TEL; 907 5125
FAX; 684 5125
EMAIL","011-907 5125, 086-684 5125",id@affirmative-list.co.za,
ENTERTAINMENT LOGISTICS,"ADDRESS:
147 NORTH REEF ROAD
RIEFONTEIN
GERMISTON
TEL:
011-579 1300
FAX:
011-455 4144
EMAIL:
tersiad@eis-logistics.co.za
TRADE HEADING
FACILITIES","147 NORTH REEF ROAD
RIEFONTEIN
GERMISTON
TEL; 579 1300
FAX; 455 4144
EMAIL","011-579 1300, 011-455 4144",tersiad@eis-logistics.co.za,
M I LIFTING,"ADDRESS:
17 PIKCAIRN ROAD
BLAIRGOWIE
RANDBURG
TEL:
011-888 3308
FAX:
011-888 9148
CELL:
083 679 1208
EMAIL:
info@milifting.co.za
TRADE HEADING
LIFTING MANUFACTURERS","17 PIKCAIRN ROAD
BLAIRGOWIE
RANDBURG
TEL; 888 3308
FAX; 888 9148
CELL; 083 679 1208
EMAIL","011-888 3308, 011-888 9148, 083 679 1208",info@milifting.co.za,
TEAZERS   MIDRAND,"Business Name		:	TEAZERS MIDRAND			
						
Physical Add.		:	Glen Austin Shopping Centre, Olifantsfontein Road, Midrand			
			Gauteng, South Africa			
						
Postal Add.		:				
		 				
						
Telephone No.		:	011 314 2529			
Fax No.		:	011 314 2529			
Cellular No.		:	084 TEAZERS			
E-Mail Add.		:	MIDRAND@TEAZERS.CO.ZA			
Website Add.		:	WWW.TEAZERS.CO.ZA			
TRADE HEADINGS						
1) 	Adult Entertainment			2) 	Exotic Dancers	
3)	Bachelor Parties			4) 	Corporate Functions","011 314 2529			
Fax No.		; 011 314 2529			
Cellular No.		; 084 TEAZERS			
E-Mail Add.		",,MIDRAND@TEAZERS.CO.ZA,
TEAZERS BOKSBURG,"Business Name		:	TEAZERS BOKSBURG			
						
Physical Add.		:	145 Main Reef Road, Boksburg North			
						
						
Postal Add.		:				
		 				
						
Telephone No.		:	011 892 4904			
Fax No.		:	011 492 4915			
Cellular No.		:	084 TEAZERS			
E-Mail Add.		:	teazers@mweb.co.za			
Website Add.		:	WWW.TEAZERS.CO.ZA			
TRADE HEADINGS						
1) 	Adult Entertainment			2) 	Exotic Dancers	
3)	Bachelor Parties			4) 	Corporate Functions","145 Main Reef Road, Boksburg North			
						
						
Postal Add.		; 011 892 4904			
Fax No.		; 011 492 4915			
Cellular No.		; 084 TEAZERS			
E-Mail Add.		",,teazers@mweb.co.za,
TEAZERS RIVONIA,"Business Name		:	TEAZERS RIVONIA			
						
Physical Add.		:	344 Rivonia Boulevard, Rivonia, Sandton			
						
						
Postal Add.		:				
		 				
						
Telephone No.		:	011 807 8722			
Fax No.		:	011 807 4101			
Cellular No.		:	084 TEAZERS			
E-Mail Add.		:	RIVONIACLUB@TEAZERS.CO.ZA			
Website Add.		:	WWW.TEAZERS.CO.ZA			
TRADE HEADINGS						
1) 	Adult Entertainment			2) 	Exotic Dancers	
3)	Bachelor Parties			4) 	Corporate Functions","344 Rivonia Boulevard, Rivonia, Sandton			
						
						
Postal Add.		; 011 807 8722			
Fax No.		; 011 807 4101			
Cellular No.		; 084 TEAZERS			
E-Mail Add.		",,RIVONIACLUB@TEAZERS.CO.ZA,
GARDEN COURT (EASTGATE),"ADDRESS:
ERNEST APPENHEIMER DRIVE
BRUMA
JOHANNESBURG
TEL:
011-622 0570
FAX:
011-622 7994
EMAIL:
sastriramiah.tsogosun.com
TRADE HEADING
HOTEL ACCOMMODATION","622 0570
FAX; 622 7994
EMAIL","011-622 0570, 011-622 7994",,
GARDA AGENCIES CC,"ADDRESS:
161 GRAND PLACE
EAST LENASIA
TEL:
011-852 0643
EMAIL:
homemark@telkomsa.net
TRADE HEADING
HOME IMPROVEMENTS","161 GRAND PLACE
EAST LENASIA
TEL; 852 0643
EMAIL",011-852 0643,homemark@telkomsa.net,
HENRY TAYLOR GALLERY,"ADDRESS:
SHOP NO. 7 CADER SQUARE
CADER ROAD
FOUR WAYS
STANDTON
TEL:
011-705 3194
FAX:
086-696 6316
TRADE HEADING
ART DEALERS","7 CADER SQUARE
CADER ROAD
FOUR WAYS
STANDTON
TEL; 705 3194
FAX; 696 6316
TRADE HEADING
ART DEALERS","011-705 3194, 086-696 6316",,
LABOUR 24 EMPLOYMENT LAW (PTY) Ltd,"ADDRESS

10 BOLTON ROAD

PARKWOOD

SANDTON

POSTAL ADDRESS

POSTNET SUITE 64

PRIVATE BAG X 7

PARKVIEW

JOHANNESBURG

TELEPHONE

011 252 3200

FAX

086 651 7681

EMAIL

info@labour24.co.za

WEBSITE

www.labour24.co.za

TRADE HEADINGS

LABOUR LAW CONSULTANTS","10 BOLTON ROAD

PARKWOOD

SANDTON

POSTAL ADDRESS

POSTNET SUITE 64

PRIVATE BAG X 7

PARKVIEW

JOHANNESBURG

TELEPHONE

011 252 3200

FAX

086 651 7681

EMAIL

info",,info@labour24.co.za,
LANDELAHNI RECRUITMENT GROUP,"ADDRESS:
GLENHOVE ROAD
MELROSE ESTATE
JOHANNESBURG
GAUTENG
TEL:
011-750 9536
EMAIL:
info@landelahni.co.za
WEBSITE:
www.landelahni.co.za 
www.landelahni.com
TRADE HEADING
EXECUTIVE SEARCH
ASSESSMENT SERVICES
GRADUATE & BURRSARY SERV","750 9536
EMAIL",011-750 9536,info@landelahni.co.za,
AMROP SA / LANDELAHNI BUSINESS LEADERS,"ADDRESS:
GLENHOVE ROAD
MELROSE ESTATE
JOHANNESBURG
TEL:
011-750 9536
EMAIL:
sburmeister@amropsa.co.za
WEBSITE:
www.amropSA.co.za
TRADE HEADING
BOARD RECRUITMENT
EXECUTIVE SEARCH BOARD SERVICES","750 9536
EMAIL",011-750 9536,sburmeister@amropsa.co.za,
IMMINENT PERSONNEL & IMMIGRATION SERVICES,"ADDRESS:
MARWICK CENTRE
17 FORE ROAD
NEW REDRUTH
ALBERTON
TEL:
011-869 5895
EMAIL:
colleen@imminent.co.za
TRADE HEADING
PERSONNEL CONSULTANTS 
IMMIGRATION CONSULTANTS","17 FORE ROAD
NEW REDRUTH
ALBERTON
TEL; 869 5895
EMAIL",011-869 5895,colleen@imminent.co.za,
CONTROL INSTRUMENTS AUTOMOTIVE,"ADDRESS:
59 MERINO AVENUE
CITY DEEP
JOHANNESBURG
GAUTENG
TEL:
011-627 2500 / 086-124 2886
FAX:
011-627 2600
EMAIL:
rosemary.chirwa@ci-automotive.com
TRADE HEADING
CAR PARTS","59 MERINO AVENUE
CITY DEEP
JOHANNESBURG
GAUTENG
TEL; 627 2500 ; 124 2886
FAX; 627 2600
EMAIL","011-627 2500, 011-627 2600",rosemary.chirwa@ci-automotive.com,
TRIDENT SA (PTY) LTD,"ADDRESS:
414 PEDDIE STREET
WADEVILLE 
GERMISTON
TEL:
011-902 6735
FAX:
011-902 8988
EMAIL:
chantel@tridentsa.co.za
WEBSITE:
www.chanteltrident.co.za
TRADE HEADING
ENGINEERS","414 PEDDIE STREET
WADEVILLE 
GERMISTON
TEL; 902 6735
FAX; 902 8988
EMAIL","011-902 6735, 011-902 8988",chantel@tridentsa.co.za,
ARWYP PHARMACY 24 HOURS ARWYP MEDICAL CENTRE,"ADDRESS:
20 PINE AVENUE
KEMPTON PARK
TEL:
011-922 1000
FAX:
011-922 1411
EMAIL:
dorianne.oosthuizen@awe.com
TRADE HEADING
MEDICAL PHARMACY","20 PINE AVENUE
KEMPTON PARK
TEL; 922 1000
FAX; 922 1411
EMAIL","011-922 1000, 011-922 1411",dorianne.oosthuizen@awe.com,
PROPSHAFT CITY,"ADDRESS:
106 BOSWORTH STREET
ALRODE SOUTH
ALBERTON
TEL:
011-868 1869
FAX:
011-868 3611
EMAIL:
propshaft@mweb.co.za
TRADE HEADING
MARINE ENGINEERS","106 BOSWORTH STREET
ALRODE SOUTH
ALBERTON
TEL; 868 1869
FAX; 868 3611
EMAIL","011-868 1869, 011-868 3611",propshaft@mweb.co.za,
CTI EDUCATION GROUP,"ADDRESS:
BUILDING 01 FOURWAYS MANOR
OFFICE PARK CORNER
ROOS 47 MACBETH STREET
JOHANNESBURG
TEL:
011-467 8422
FAX:
011-467 6528
EMAIL:
yllas@cti.co.za
TRADE HEADING
EDUCATION","01 FOURWAYS MANOR
OFFICE PARK CORNER
ROOS 47 MACBETH STREET
JOHANNESBURG
TEL; 467 8422
FAX; 467 6528
EMAIL","011-467 8422, 011-467 6528",yllas@cti.co.za,
BEYACHAD COMMUNITY CENTRE,"ADDRESS:
2 ELRAY STREET
RAEDENE
JOHANNESBURG
TEL:
011-645 2500
FAX:
011-485 1010
TRADE HEADING
COMMUNITY CENTRE","2 ELRAY STREET
RAEDENE
JOHANNESBURG
TEL; 645 2500
FAX; 485 1010
TRADE HEADING
COMMUNITY CENTRE","011-645 2500, 011-485 1010",,
PROPSHAFT CENTRE,"ADDRESS:
28 PRESIDENT STREET
GERMISTON
TEL:
011-825 3440
EMAIL:
chantelle@propshaftcentre.co.za
TRADE HEADING
MARINE ENGINEERS","28 PRESIDENT STREET
GERMISTON
TEL; 825 3440
EMAIL",011-825 3440,chantelle@propshaftcentre.co.za,
ARUM PLACE GUEST HOUSE,"ADDRESS:
151ST STREET
MELVILLE
JOHANNESBURG
TEL:
011-482 5247
FAX:
086-508 4224
TRADE HEADING
GUEST HOUSE","482 5247
FAX; 508 4224
TRADE HEADING
GUEST HOUSE","011-482 5247, 086-508 4224",,
BOTANICA SPA,"ADDRESS:
WEST CLIFF HOTEL
67 JAN SMUTS AVENUE
WESTCLIFF
JOHANNESBURG
TEL:
011-481 6049
FAX:
086-681 3881
EMAIL:
francois.joubert@westcliff.co.za
TRADE HEADING
BEAUTY SALONS","67 JAN SMUTS AVENUE
WESTCLIFF
JOHANNESBURG
TEL; 481 6049
FAX; 681 3881
EMAIL","011-481 6049, 086-681 3881",francois.joubert@westcliff.co.za,
MOKGETSI GAS,"ADDRESS:
3067 SEFOLO ROAD
VOSLOORUS
JOHANNESBURG
TEL:
011-906 4066
FAX:
086-719 9240
EMAIL:
mokgetsigas@telkomsa.net
TRADE HEADING
GAS SUPPLIERS","3067 SEFOLO ROAD
VOSLOORUS
JOHANNESBURG
TEL; 906 4066
FAX; 719 9240
EMAIL","011-906 4066, 086-719 9240",mokgetsigas@telkomsa.net,
MIKE LESSICK MICA HARDWARE,"ADDRESS:
24 VOORTREKKER STREET
KEMPTON PARK
GAUTENG
TEL:
011-394 4896
FAX:
011-975 1903
TRADE HEADING
HARDWARE STORES","24 VOORTREKKER STREET
KEMPTON PARK
GAUTENG
TEL; 394 4896
FAX; 975 1903
TRADE HEADING
HARDWARE STORES","011-394 4896, 011-975 1903",,
PROPSHAFT WORLD CC,"ADDRESS:
UNIT NO. 2B
709 RICHARDS DRIVE
MIDRAND
TEL:
011-805 4806
FAX:
011-805 6699
EMAIL:
propshaftworld@global.co.za
TRADE HEADING
MARINE ENGINEERS","709 RICHARDS DRIVE
MIDRAND
TEL; 805 4806
FAX; 805 6699
EMAIL","011-805 4806, 011-805 6699",propshaftworld@global.co.za,
ARBONIA CC,"ADDRESS:
ARBONIA HOUSE 
44 KYA SAND ROAD
KYA SAND
RANDBURG
JOHANNESBURG
TEL:
011-462 3224
FAX:
011-462 3226
EMAIL:
foodequip@arbonia.co.za
TRADE HEADING
BAKERY EQUIPMENT","44 KYA SAND ROAD
KYA SAND
RANDBURG
JOHANNESBURG
TEL; 462 3224
FAX; 462 3226
EMAIL","011-462 3224, 011-462 3226",foodequip@arbonia.co.za,
TIMBER PROFILES,"ADDRESS:
20 BHEKUMUZI MASANGO
BELFAST
TEL:
013-253 0298
EMAIL:
admin@timberpro.co.za
TRADE HEADING
TIMBER FRAME BUILDINGS","20 BHEKUMUZI MASANGO
BELFAST
TEL; 253 0298
EMAIL",013-253 0298,admin@timberpro.co.za,
PRO ACOUSIC CONSULTING ENGINEERS,"ADDRESS:
62 ALEXANDRA AVENUE
ABBOTSFORD
JOHANNESBURG
TEL:
011-886 6460
FAX:
011-787 9454
EMAIL:
mail@proacoustic.co.za
TRADE HEADING
ACOUSTIC","62 ALEXANDRA AVENUE
ABBOTSFORD
JOHANNESBURG
TEL; 886 6460
FAX; 787 9454
EMAIL","011-886 6460, 011-787 9454",mail@proacoustic.co.za,
BELFREIGHT,"ADDRESS:
WILD FIG BUSINESS PARK
CRANBERRY STREET
HONEY DEW
JOHANNESBURG
TEL:
011-794 2175
FAX:
011-794 5623
EMAIL:
info@belfreight.co.za
TRADE HEADING
FACILITIES","794 2175
FAX; 794 5623
EMAIL","011-794 2175, 011-794 5623",info@belfreight.co.za,
MALUMO CONSULTING & PROJECTS (PTY) LTD.,"ADDRESS:
43 KRANSDUIF ROAD
ACRES
KEMPTON PARK
CELL:
072 936 5645
FAX:
086-231 5558
TRADE HEADING
COMPUTER SERVICES & SOLUTIONS","43 KRANSDUIF ROAD
ACRES
KEMPTON PARK
CELL; 072 936 5645
FAX; 231 5558
TRADE HEADING
COMPUTER SERVICES ","072 936 5645, 086-231 5558",,
ART ECT ERROL BOYLEY,"ADDRESS:
BANKING CITY 
SANDTON CITY
SANDTON
TEL:
011-783 0842
FAX:
011-883 8282
EMAIL:
artetc@iafrica.com
TRADE HEADING
ART","783 0842
FAX; 883 8282
EMAIL","011-783 0842, 011-883 8282",artetc@iafrica.com,
QUICK PRESS MANUFACTURING,"ADDRESS:
20 BORAX ROAD
EXT 7 
ALBERTON
JOHANNESBURG
TEL:
011-908 5527
FAX:
011-908 5621
TRADE HEADING
ENGINEERS","20 BORAX ROAD
EXT 7 
ALBERTON
JOHANNESBURG
TEL; 908 5527
FAX; 908 5621
TRADE HEADING
ENGINEERS","011-908 5527, 011-908 5621",,
VIPER ELECTRICAL DISTRIBUTORS,"ADDRESS:
30 LEBOMBO STREET
WINCHESTER HILLS
JOHANNESBURG
TEL:
011-680 3410
FAX:
011-680 3403
EMAIL:
TRADE HEADING","30 LEBOMBO STREET
WINCHESTER HILLS
JOHANNESBURG
TEL; 680 3410
FAX; 680 3403
EMAIL","011-680 3410, 011-680 3403",,
AULD LANG SYNE,"ADDRESS:
40 HIGH ROAD
NORTONS HOME
ESTATES
TEL:
011-967 2241
FAX:
011-967 2241
EMAIL:
bijoux@global.co.za
TRADE HEADING
ANTIQUE","40 HIGH ROAD
NORTONS HOME
ESTATES
TEL; 967 2241
FAX; 967 2241
EMAIL","011-967 2241, 011-967 2241",bijoux@global.co.za,
THE WHITE HOUSE GALLERY,"ADDRESS:
THRUPPS ILOVO CENTRE
OXFORD ROAD
SANDTON
TEL:
011-268 2115
FAX:
011-268 2129
EMAIL:
caitin@whg.co.za
TRADE HEADING
ART DEALERS","268 2115
FAX; 268 2129
EMAIL","011-268 2115, 011-268 2129",caitin@whg.co.za,
ESSENTIAL HARDWARE GROUP.,"ADDRESS:
68 BOOYSENS ROAD
JOHANNESBURG
TEL:
011-434 2362
FAX:
011-434 2363
EMAIL:
vanessa@essentialgroup.co.za
TRADE HEADING
HARDWARE STORES","68 BOOYSENS ROAD
JOHANNESBURG
TEL; 434 2362
FAX; 434 2363
EMAIL","011-434 2362, 011-434 2363",vanessa@essentialgroup.co.za,
SHAHED'S HARDWARE,"ADDRESS:
473 MAYET DRIVE
ACTONVILLE
BENONI
TEL:
011-421 2914
FAX:
011-421 2915
EMAIL:
shahedshardware@yahoo.com
TRADE HEADING
HARDWARE STORES","473 MAYET DRIVE
ACTONVILLE
BENONI
TEL; 421 2914
FAX; 421 2915
EMAIL","011-421 2914, 011-421 2915",shahedshardware@yahoo.com,
RIETFONTEIN DIY & TOOL RENTAL,"ADDRESS:
PLOT 141 BEYERSNAUDE DRIVE
MULDERSDRIFT
KRUGERSDORP
TEL:
011-957 5000
FAX:
086-614 5885
EMAIL:
reitfonteindiy@gmail.com
TRADE HEADING
HARDWARE STORES","141 BEYERSNAUDE DRIVE
MULDERSDRIFT
KRUGERSDORP
TEL; 957 5000
FAX; 614 5885
EMAIL","011-957 5000, 086-614 5885",reitfonteindiy@gmail.com,
FLOORS DIRECT (STRUBENSVALLEY),"ADDRESS:
CLEARWATER CROSSING SHOP NO. 6
NEW CENTURY AVENUE
TEL:
011-475 8000
FAX:
011-475 7311
EMAIL:
info@floorsdirect.co.za
WEBSITE:
www.floorsdirect.co.za
TRADE HEADING
HARDWARE STORES","6
NEW CENTURY AVENUE
TEL; 475 8000
FAX; 475 7311
EMAIL","011-475 8000, 011-475 7311",info@floorsdirect.co.za,
DYNAMIC SALES & MARKETING,"ADDRESS:
RAND AIRPORT ROAD
GERMISTON
TEL:
011-827 7818
FAX:
086-523 4121
TRADE HEADING
GOLF CLUB SERVICES","827 7818
FAX; 523 4121
TRADE HEADING
GOLF CLUB SERVICES","011-827 7818, 086-523 4121",,
HELENS CAKES,"ADDRESS:
THE WILLOW
JAN SMUTS AVENUE
CRAIGHALL PARK
JOHANNESBURG
TEL:
011-501 2992
FAX:
011-501 2930
EMAIL:
HELEN.HEO@YAHOO.COM
TRADE HEADING
CAKE MAKERS & DECORATIONS","501 2992
FAX; 501 2930
EMAIL","011-501 2992, 011-501 2930",HELEN.HEO@YAHOO.COM,
DELVILLE FLEET MOTOR ENGINEERING,"ADDRESS:
159 PRESIDENT STREET
GERMISTON SOUTH
 GERMISTON
TEL:
011-873 2584
FAX:
011-825 6262
EMAIL:
delville@vodamail.co.za
TRADE HEADING
MOTOR ENGINEERS","159 PRESIDENT STREET
GERMISTON SOUTH
 GERMISTON
TEL; 873 2584
FAX; 825 6262
EMAIL","011-873 2584, 011-825 6262",delville@vodamail.co.za,
CONSORTIUM CABLES CC,"ADDRESS:
73 11TH ROAD 
KEW
JOHANNESBURG
TEL:
011-887 3389
FAX:
011-887 3369
TRADE HEADING
CABLES","73 11TH ROAD 
KEW
JOHANNESBURG
TEL; 887 3389
FAX; 887 3369
TRADE HEADING
CABLES","011-887 3389, 011-887 3369",,
C E MOBILITY,"ADDRESS:
67 RICHARDS
INDUSTRIA NORTH
ROODEPORT
TEL:
011-210 6300
EMAIL:
reception@cembility.co.za
TRADE HEADING
DISABILITY AIDS & EQUIPMENT","67 RICHARDS
INDUSTRIA NORTH
ROODEPORT
TEL; 210 6300
EMAIL",011-210 6300,reception@cembility.co.za,
POLO,"ADDRESS:
CNR EASTERN SERVICE IMPALA ROAD
MARBORA
SANDTON
JOHANNESBURG
TEL:
011-258 7742
EMAIL:
resciption@polo.co.za
TRADE HEADING","258 7742
EMAIL",011-258 7742,resciption@polo.co.za,
BEATO AUTO BODY CC,"ADDRESS:
13 DE KOCK STREET
VULCANIS BRAKPAN
TEL:
011-744 4338
FAX:
011-744 4072
EMAIL:
cludia@beatauto.co.za
TRADE HEADING
CAR BODY REPAIRS","13 DE KOCK STREET
VULCANIS BRAKPAN
TEL; 744 4338
FAX; 744 4072
EMAIL","011-744 4338, 011-744 4072",cludia@beatauto.co.za,
CLEAR WATER MALL,"POSTAL ADDRESS:
PO BOX 2814
BROOKLYN
ROODEPOORT
TEL:
011-288 5260
FAX:
011-675 3232
WEBSITE:
www.clerawatermall.co.za
TRADE HEADING
MARKETING","2814
BROOKLYN
ROODEPOORT
TEL; 288 5260
FAX; 675 3232
WEBSITE","011-288 5260, 011-675 3232",,
VUYO PETROLEUM,"ADDRESS:
53 KRAAN WOOD ROAD
ORNMONDE
JOHANNESBURG
TEL:
011-496 1990
FAX:
011-496 2046
TRADE HEADING
OIL FUEL DISTRIBUTORS","53 KRAAN WOOD ROAD
ORNMONDE
JOHANNESBURG
TEL; 496 1990
FAX; 496 2046
TRADE HEADING
OIL FUEL DISTRIBUTORS","011-496 1990, 011-496 2046",,
F.B BUILDING,"ADDRESS:
RACEWAY INDUSTRIAL PARK
13 / 5A MONTE CARLO DRIVE
 GERMISTON
TEL:
011-493 1117
FAX:
086-616 5525
TRADE HEADING
CEILING SERVICES","493 1117
FAX; 616 5525
TRADE HEADING
CEILING SERVICES","011-493 1117, 086-616 5525",,
CEVA LOGISTIC SA,"ADDRESS:
23 POMONA ROAD
KEMPTON PARK
JOHANNESBURG
TEL:
011-396 9400
FAX:
011-396 9479
EMAIL:
cherryl.tullett@cevalogistic.com
TRADE HEADING
FACILITIES","23 POMONA ROAD
KEMPTON PARK
JOHANNESBURG
TEL; 396 9400
FAX; 396 9479
EMAIL","011-396 9400, 011-396 9479",cherryl.tullett@cevalogistic.com,
AUTO STAR PANEL BEATERS,"ADDRESS:
59 BEAUMONT STREET
BOOYEENS
JOHANNESBURG
CELL:
079 359 4303
EMAIL:
castigopanel@gmail.com
TRADE HEADING
CAR BODY REPAIRS","59 BEAUMONT STREET
BOOYEENS
JOHANNESBURG
CELL; 079 359 4303
EMAIL",079 359 4303,castigopanel@gmail.com,
AC ELECTRICAL & PLUMBING,"ADDRESS:
MAIN REEF ROAD
WITPOOTJIE
ROODEPOORT
TEL:
011-664 7040
FAX:
086-725 9600
TRADE HEADING
ELECTRICAL CONTRACTORS","664 7040
FAX; 725 9600
TRADE HEADING
ELECTRICAL CONTRACTORS","011-664 7040, 086-725 9600",,
SEDINGWANE SECURITY,"ADDRESS:
77 RIETFONTEIN STREET
PRIMROSE
GERMISTON
TEL:
011-822 6127
FAX:
011-828 6200
TRADE HEADING
SECURITY EQUIPMENT","77 RIETFONTEIN STREET
PRIMROSE
GERMISTON
TEL; 822 6127
FAX; 828 6200
TRADE HEADING
SECURITY EQUIPMENT","011-822 6127, 011-828 6200",,
YAMATO JAPANESE RESTAURANT,"ADDRESS:
198 OXFORD ROAD
LLOVO 
SANDTON
TEL:
011-268 0511
FAX:
011-268 0513
EMAIL:
info@yamato.co.za
TRADE HEADING
RESTAURANT","198 OXFORD ROAD
LLOVO 
SANDTON
TEL; 268 0511
FAX; 268 0513
EMAIL","011-268 0511, 011-268 0513",info@yamato.co.za,
UNIQUE ENGINEERING,"ADDRESS:
CNR FIELD ROAD
4 LANTON
BOKSBURG
TEL:
011-826 6111
FAX:
011-826 6162
TRADE HEADING
PACKAGING","4 LANTON
BOKSBURG
TEL; 826 6111
FAX; 826 6162
TRADE HEADING
PACKAGING","011-826 6111, 011-826 6162",,
THE SHEIKH'S PALACE,"ADDRESS:
RIVONIA ROAD
RIVONIA
SANDTON
TEL:
011-807 4119
FAX:
011-807 4322
TRADE HEADING
RESTAURANT","807 4119
FAX; 807 4322
TRADE HEADING
RESTAURANT","011-807 4119, 011-807 4322",,
TRADE ROOTS,"ADDRESS:
44 THE AVENUE GARDENS
JOHANNESBURG
TEL:
011-728 0672
FAX:
011-728 0673
EMAIL:
traderoot@worldline.co.za
TRADE HEADING
ANTIQUE DEALERS","44 THE AVENUE GARDENS
JOHANNESBURG
TEL; 728 0672
FAX; 728 0673
EMAIL","011-728 0672, 011-728 0673",traderoot@worldline.co.za,
LEBOWANET PROPERTIES MAINTENANCE SERVICES,"ADDRESS:
8 LE ANDA COURT MAUDE STREET
FLORIDA
 ROODEPOORT
CELL:
078 217 3838
EMAIL:
lesli@lebowanet.co.za
TRADE HEADING
HANDYMAN SERVICES","8 LE ANDA COURT MAUDE STREET
FLORIDA
 ROODEPOORT
CELL; 078 217 3838
EMAIL",078 217 3838,lesli@lebowanet.co.za,
FORCE ELECTRONICS,"ADDRESS:
246 MARKET STREET
JOHANNESBURG
TEL:
011-334 9391
FAX:
086-626 8746
EMAIL:
force@globel.co.za
TRADE HEADING
AMUSEMENT MACHINES","246 MARKET STREET
JOHANNESBURG
TEL; 334 9391
FAX; 626 8746
EMAIL","011-334 9391, 086-626 8746",force@globel.co.za,
MIDAS PART CENTRE,"ADDRESS:
18 THEUNIS JANSON AVENU
KLIPFONTEIN
TEL:
013-679 7000
FAX:
013-697 7007
TRADE HEADING
CAR PARTS","18 THEUNIS JANSON AVENU
KLIPFONTEIN
TEL; 679 7000
FAX; 697 7007
TRADE HEADING
CAR PARTS","013-679 7000, 013-697 7007",,
WIT DEEP SAND & STONE,"ADDRESS:
53 SHAFT STREET KNIGHTS
GERMISTON
TEL:
011-828 5722
FAX:
011-828 5788
TRADE HEADING
SAND & STONE","53 SHAFT STREET KNIGHTS
GERMISTON
TEL; 828 5722
FAX; 828 5788
TRADE HEADING
SAND ","011-828 5722, 011-828 5788",,
ROTAR WASHING LINES,"ADDRESS:
20 MAIN ROAD
FISHERS HILL
GERMISTON
TEL:
011-828 8305
FAX:
086-546 6392
EMAIL:
rotar@mweb.co.za
TRADE HEADING
BUILDING MERCHANTS","20 MAIN ROAD
FISHERS HILL
GERMISTON
TEL; 828 8305
FAX; 546 6392
EMAIL","011-828 8305, 086-546 6392",rotar@mweb.co.za,
T & H FREIGHT.,"ADDRESS:
95 HOY AVENU
BRAKPAN
GAUTENG
TEL:
011-744 0626
EMAIL:
thefreight@telkomsa.net
TRADE HEADING
CONTAINERISED, FREIGHT,DEPOTS & TRANSPORT SERVICES","95 HOY AVENU
BRAKPAN
GAUTENG
TEL; 744 0626
EMAIL",011-744 0626,thefreight@telkomsa.net,
SAFETY & INDUSTRIAL SPECIALISTS,"ADDRESS:
15 2ND AVENUE
ALBERTON
JOHANNESBURG
TEL:
011-907 8929
FAX:
011-869 1253
TRADE HEADING
LIFTS","15 2ND AVENUE
ALBERTON
JOHANNESBURG
TEL; 907 8929
FAX; 869 1253
TRADE HEADING
LIFTS","011-907 8929, 011-869 1253",,
SIKHULILE GUEST HOUSE,"ADDRESS:
7 GRANIET STREET
WEST ACRES
MBOMBELA
TEL:
013-741 2883
FAX:
086-238 5372
TRADE HEADING
GUEST HOUSE","7 GRANIET STREET
WEST ACRES
MBOMBELA
TEL; 741 2883
FAX; 238 5372
TRADE HEADING
GUEST HOUSE","013-741 2883, 086-238 5372",,
SOUTHERN SUN (O R TAMBO INTERNATIONAL),"ADDRESS:
O R TAMBO INTERNATIONAL AIRPORT
JONES ROAD
KEMPTON PARK
GAUTENG
TEL:
011-977 3600
FAX:
011-975 5846
EMAIL:
madeleanin.nieand@tsogosun.co.za
TRADE HEADING
HOTELS & TOURISTS","977 3600
FAX; 975 5846
EMAIL","011-977 3600, 011-975 5846",madeleanin.nieand@tsogosun.co.za,
MONUMENT PANEL BEATERS CC,"ADDRESS:
231 LUIPAARD PANEL STREET
BOTONIA
KRUGERSDORP
TEL:
011-953 1216
FAX:
011-665 2119
EMAIL:
moncb@mwap.co.za
TRADE HEADING
CAR BODY REPAIRS","231 LUIPAARD PANEL STREET
BOTONIA
KRUGERSDORP
TEL; 953 1216
FAX; 665 2119
EMAIL","011-953 1216, 011-665 2119",moncb@mwap.co.za,
MVD TRANSPORT CC,"ADDRESS:
UNIT 18 
399 GEORGE STREET
RANDJIES
MIDRAND
CELL:
082 811 1662
FAX:
011-357 5189
EMAIL:
drivers@teljoy.co.za
TRADE HEADING
COURIER SERVICES","18 
399 GEORGE STREET
RANDJIES
MIDRAND
CELL; 082 811 1662
FAX; 357 5189
EMAIL","082 811 1662, 011-357 5189",drivers@teljoy.co.za,
MUSAVENI ELECTRICAL,"ADDRESS:
SOWETO
EXT WESTRAND
JOHANNESBURG
CELL:
083 723 8894
FAX:
086-509 8032
TRADE HEADING
ELECTRICIANS","083 723 8894
FAX; 509 8032
TRADE HEADING
ELECTRICIANS","083 723 8894, 086-509 8032",,
MDLIKIZA LIFTS,"ADDRESS:
8038 MABHELEBHELE
PIRMVILLE 
SOWETO
CELL:
074 849 5186
FAX:
086-609 3842
EMAIL:
mdlikiza@live.com
TRADE HEADING
LIFT MANUFACTURERS","8038 MABHELEBHELE
PIRMVILLE 
SOWETO
CELL; 074 849 5186
FAX; 609 3842
EMAIL","074 849 5186, 086-609 3842",mdlikiza@live.com,
NEST LIFE ASSURANCE,"ADDRESS:
17 ACASIA ROAD
CHISLEHURSTON
SANDTON
TEL:
011-783 9262
EMAIL:
agnes@nestlife.co.za
TRADE HEADING
INSURANCE","17 ACASIA ROAD
CHISLEHURSTON
SANDTON
TEL; 783 9262
EMAIL",011-783 9262,agnes@nestlife.co.za,
MPATHO NYONI EVENT MANAGEMENT & FUNCTION HIRE,"ADDRESS:
6 VALENCIA INDUSTRIAL PARK
3 KYKOEDIE STREET
NELSPRUIT
TEL:
013-755 2427
FAX:
013-755 3441
TRADE HEADING
CATERING EQUIPMENT","6 VALENCIA INDUSTRIAL PARK
3 KYKOEDIE STREET
NELSPRUIT
TEL; 755 2427
FAX; 755 3441
TRADE HEADING
CATERING EQUIPMENT","013-755 2427, 013-755 3441",,
IGUGU LESIZWE COMMUNITY CENTRE,"ADDRESS:
23737 NMAR STREET
DIEPKLOOF
SOWETO
TEL:
011-933 3108
EMAIL:
admin@igugulesizwe.co.za
TRADE HEADING
COMMUNITY CENTRE","23737 NMAR STREET
DIEPKLOOF
SOWETO
TEL; 933 3108
EMAIL",011-933 3108,admin@igugulesizwe.co.za,
DESTINATED COURIER SERVICES,"TEL:
011-552 8288
FAX:
011-552 8288
EMAIL:
david@dcstheone.co.za
TRADE HEADING
COURIER SERVICES","552 8288
FAX; 552 8288
EMAIL","011-552 8288, 011-552 8288",david@dcstheone.co.za,
S.D.D FREIGHT.,"ADDRESS:
JAMIT STREET
KEMPTON PARK
GAUTENG
TEL:
011-390 1883
FAX:
011-390 1854
EMAIL:
donald@sddcargo.com
TRADE HEADING
CONTAINERISED, FREIGHT, DEPOTS & TRANSPORT SERVICES","390 1883
FAX; 390 1854
EMAIL","011-390 1883, 011-390 1854",donald@sddcargo.com,
FROMM PACKAGING SYSTEMS,"ADDRESS:
11 WAKEFIELD
FOUNDERSVIEW
MODDERFONTEIN
TEL:
011-452 4882
FAX:
011-452 6154
EMAIL:
pat@fromm.pack.co.za
TRADE HEADING
PACKAGING","11 WAKEFIELD
FOUNDERSVIEW
MODDERFONTEIN
TEL; 452 4882
FAX; 452 6154
EMAIL","011-452 4882, 011-452 6154",pat@fromm.pack.co.za,
GUNNEBO INDUSTRIES (PTY) LTD,"ADDRESS:
C/O RUVEN & BRIDGET STREET
BENROSE
JOHANNESBURG
TEL:
011-614 6078
FAX:
011-624 1300
TRADE HEADING
LIFT MANUFACTURERS","614 6078
FAX; 624 1300
TRADE HEADING
LIFT MANUFACTURERS","011-614 6078, 011-624 1300",,
GOODMAN GALLERY,"ADDRESS:
FAIRWEATHER HOUSE
176 SIR LOWRY ROAD
WOODSTOCK
TEL:
011-462 7573
FAX:
021-462 7579
EMAIL:
carla@goodman-gallery.co.za
TRADE HEADING
ART","176 SIR LOWRY ROAD
WOODSTOCK
TEL; 462 7573
FAX; 462 7579
EMAIL","011-462 7573, 021-462 7579",carla@goodman-gallery.co.za,
GERI (SANDTON),"ADDRESS:
313 LEGACY CNR MAIL MAUDE STREET
SANDOW
SANDTON
TEL:
011-783 2814
FAX:
086-620 3985
TRADE HEADING
CLOTHES","313 LEGACY CNR MAIL MAUDE STREET
SANDOW
SANDTON
TEL; 783 2814
FAX; 620 3985
TRADE HEADING
CLOTHES","011-783 2814, 086-620 3985",,
RIETFONTEIN DIY & TOOL RENTAL.,"ADDRESS:
PLOT 141 BEYERSNAUDE DRIVE
MULDERSDRIFT KRUGERSDORP
TEL:
011-957 5000
FAX:
086-614 5885
EMAIL:
rietfonteindiy@gmail.com
TRADE HEADING
HARDWARE STORES","141 BEYERSNAUDE DRIVE
MULDERSDRIFT KRUGERSDORP
TEL; 957 5000
FAX; 614 5885
EMAIL","011-957 5000, 086-614 5885",rietfonteindiy@gmail.com,
TOYOTA SA MOTORS (PTY) LTD,"POSTAL ADDRESS:
PO BOX 481 BERGVLEI
SANDTON
JOHANNESBURG
2196
TEL:
011-809 9111
FAX:
011-809 9412
EMAIL:
cpeterson@tsb.co.za
TRADE HEADING
MOTOR SALES","481 BERGVLEI
SANDTON
JOHANNESBURG
2196
TEL; 809 9111
FAX; 809 9412
EMAIL","011-809 9111, 011-809 9412",cpeterson@tsb.co.za,
EUREKA DIY SOLUTIONS,"ADDRESS:
EUREKA HOUSE
RENICO CRESCENT
LEA GLEN
EXT 2 
ROODEPOORT
TEL:
011-471 0800
FAX:
0114-471 0847
EMAIL:
cherylm@eurekadiy.co.za
TRADE HEADING
   HARDWARE WHOLESALERS","2 
ROODEPOORT
TEL; 471 0800
FAX; 471 0847
EMAIL","011-471 0800, 0114-471 0847",cherylm@eurekadiy.co.za,
EASTERN VETERINARY HOSPITAL.,"ADDRESS:
26 MONUMENT ROAD
KEMPTON PARK
TEL:
011-970 1684
FAX:
011-394 9717
TRADE HEADING
VETS","26 MONUMENT ROAD
KEMPTON PARK
TEL; 970 1684
FAX; 394 9717
TRADE HEADING
VETS","011-970 1684, 011-394 9717",,
ROOF SURGEON,"ADDRESS:
11 B DANDELION STREET
BRACKENHURST
ALBERTON
TEL:
011-868 3247
FAX:
086-730 0089
TRADE HEADING
ROOFING CONSTRACTORS","11 B DANDELION STREET
BRACKENHURST
ALBERTON
TEL; 868 3247
FAX; 730 0089
TRADE HEADING
ROOFING CONSTRACTORS","011-868 3247, 086-730 0089",,
MANDLA TECHNOLOGIES (PTY) LTD,"ADDRESS:
BENTLEY O PARK 67
SANDTON CITY
SANDTON
TEL:
011-807 7600
EMAIL:
lammem@mandlatech.co.za
TRADE HEADING
METER INSTALLERS","67
SANDTON CITY
SANDTON
TEL; 807 7600
EMAIL",011-807 7600,lammem@mandlatech.co.za,
LONRHO LOGISTICS (PTY) LTD.,"ADDRESS:
LONRHO LOGISTICS
FOREIGN AIRLINES CARGO BUILDING
UNIT 33
O R TAMBO INTERNATIONAL
KEMPTON PARK
TEL:
011-571 0800
FAX:
011-975 1542
EMAIL:
bernards@pca.co.za
TRADE HEADING
FEIGHT FORWARDING","33
O R TAMBO INTERNATIONAL
KEMPTON PARK
TEL; 571 0800
FAX; 975 1542
EMAIL","011-571 0800, 011-975 1542",bernards@pca.co.za,
ATLAS PLUMBING.,"ADDRESS:
1 EDWARD ROAD
CHANCLIFF
TEL:
011-660 4072
FAX:
011-665 3706
EMAIL:
cechen@telkomsa.net
WEBSITE:
www.atlasplumbing.co.za
TRADE HEADING
PLUMBERS","1 EDWARD ROAD
CHANCLIFF
TEL; 660 4072
FAX; 665 3706
EMAIL","011-660 4072, 011-665 3706",cechen@telkomsa.net,
STEVE TSWETE HOUSING ASSOCIATION,"ADDRESS:
148 COWEN NTULI STREET
MIDDLEBURG
TEL:
013-282 9595
FAX:
013-282 9599
EMAIL:
ntuli@stha.co.za
WEBSITE:
www.stevetshwete.co.za
TRADE HEADING
ESTATE AGENTS","148 COWEN NTULI STREET
MIDDLEBURG
TEL; 282 9595
FAX; 282 9599
EMAIL","013-282 9595, 013-282 9599",ntuli@stha.co.za,
E T E DRIVING SCHOOL,"ADDRESS:

18 CROWNWOOD ROAD

ORMONDE

JOHANNESBURG

TEL :

011 039 8349

CELL:

073 416 0959

FAX:

086-538 4471

EMAIL:

thulanibaloyi@webmail.co.za

TRADE HEADING

DRIVING SCHOOLS","18 CROWNWOOD ROAD

ORMONDE

JOHANNESBURG

TEL ; 011 039 8349

CELL; 073 416 0959

FAX; 538 4471

EMAIL","011 039 8349, 073 416 0959, 086-538 4471",thulanibaloyi@webmail.co.za,
DRIEHOEK DRIVING SCHOOL,"ADDRESS:
49 BOET KRUGER STREET
MEYERTON
TEL:
016-362 1402
EMAIL:
clown@vodamail.co.za
TRADE HEADING
DRIVING SCHOOLS","49 BOET KRUGER STREET
MEYERTON
TEL; 362 1402
EMAIL",016-362 1402,clown@vodamail.co.za,
SHAHED\'S HARDWARE.,"ADDRESS:
473 MAYET DRIVE
ACTIONVILLE
BENONI
TEL:
011-421 2914
FAX:
011-421 2915
EMAIL:
shahedshardware@yahoo.com
TRADE HEADING
HARDWARE STORES","473 MAYET DRIVE
ACTIONVILLE
BENONI
TEL; 421 2914
FAX; 421 2915
EMAIL","011-421 2914, 011-421 2915",shahedshardware@yahoo.com,
TYMES LABOUR SOLUTIONS,"ADDRESS:
66 8TH AVENUE
ALBERTON NORTH
TEL:
011-907 0390
FAX:
011-907 0440
TRADE HEADING
RECRUITMENT CONSULTANTS","66 8TH AVENUE
ALBERTON NORTH
TEL; 907 0390
FAX; 907 0440
TRADE HEADING
RECRUITMENT CONSULTANTS","011-907 0390, 011-907 0440",,
MICROKIDS NURSERY SCHOOL,"ADDRESS:
20 1ST
GREYMONY
JOHANNESBURG
TEL:
011-477 8625
FAX:
011-477 8625
TRADE HEADING
NURSERY SCHOOLS","20 1ST
GREYMONY
JOHANNESBURG
TEL; 477 8625
FAX; 477 8625
TRADE HEADING
NURSERY SCHOOLS","011-477 8625, 011-477 8625",,
THUSO SIZA MANGEMENT SERVICES,"ADDRESS:
4 JOHANNA ROAD
FLORENTIA
ALBERTON
TEL:
011-869 7353
FAX:
011-869 7298
EMAIL:
BRITTA@BHTECH.CO.ZA
TRADE HEADING
PERSONNEL CONSULTANTS","4 JOHANNA ROAD
FLORENTIA
ALBERTON
TEL; 869 7353
FAX; 869 7298
EMAIL","011-869 7353, 011-869 7298",BRITTA@BHTECH.CO.ZA,
VISO BELLO SKIN CARE CENTRE,"ADDRESS:
1 GREYSTON SHOPPING CENTRE
GRAYSTON DRIVE
SANDOWN
SANDTON
TEL:
011-883 8046
FAX:
011-883 8046
EMAIL:
info@visobello.co.za
TRADE HEADING
BEAUTY SALONS","1 GREYSTON SHOPPING CENTRE
GRAYSTON DRIVE
SANDOWN
SANDTON
TEL; 883 8046
FAX; 883 8046
EMAIL","011-883 8046, 011-883 8046",info@visobello.co.za,
RENE TURCK & ASSOCIATES,"ADDRESS:
6 ESTEE ACKERMAN ROAD
JET PARK
BOKSBURG
TEL:
011-571 7400
FAX:
011-397 4423
EMAIL:
walter.c@reneturck.co.za
TRADE HEADING
GLASS","6 ESTEE ACKERMAN ROAD
JET PARK
BOKSBURG
TEL; 571 7400
FAX; 397 4423
EMAIL","011-571 7400, 011-397 4423",walter.c@reneturck.co.za,
NOVOTRANS INTERNATIONAL FROWARDERS (PTY) LTD,"ADDRESS:
AEROPORT INDUSTRIAL PARK
BRUSSELS ROAD
SPARTAN
KEMPTON PARK
TEL:
011-392 5940
FAX:
011-392 5940
EMAIL:
rene@novotrans.co.za
TRADE HEADING
FREIGHT FORWARDING","392 5940
FAX; 392 5940
EMAIL","011-392 5940, 011-392 5940",rene@novotrans.co.za,
BRYANSTON AUCTIONEERS,"ADDRESS:
5 MAIN ROAD
BRYANSTON
SANDTON
TEL:
011-463 4666
FAX:
011-463 6496
EMAIL:
info@bryanstonauctioneers.co.za
TRADE HEADING
ANTIQUE DEALERS","5 MAIN ROAD
BRYANSTON
SANDTON
TEL; 463 4666
FAX; 463 6496
EMAIL","011-463 4666, 011-463 6496",info@bryanstonauctioneers.co.za,
FILVENT (PTY) LTD,"ADDRESS:
6 ARNHEM CRESCENT
EMALAHLENI
TEL:
013-656 2726
EMAIL:
reception@filvent.co.za
TRADE HEADING
AIRCONDITIONER REPAIRS","6 ARNHEM CRESCENT
EMALAHLENI
TEL; 656 2726
EMAIL",013-656 2726,reception@filvent.co.za,
BEM MEDICAL.,"ADDRESS:
122 RICHARDS ROAD
HALFWAY HOUSE
MIDRAND
GAUTENG
TEL:
011-312 9292
FAX:
011-312 9265
EMAIL:
info@bemmedical.co.za
TRADE HEADING
MEDICAL SUPPLIES","122 RICHARDS ROAD
HALFWAY HOUSE
MIDRAND
GAUTENG
TEL; 312 9292
FAX; 312 9265
EMAIL","011-312 9292, 011-312 9265",info@bemmedical.co.za,
KEA KAMPERS.,"ADDRESS:
17 SIM ROAD
POMONE
KEMPTON PARK
TEL:
011-230 5000
FAX:
086-754 0470
EMAIL:
zubeida@thrilsty.co.za
TRADE HEADING
CAR RENTALS","17 SIM ROAD
POMONE
KEMPTON PARK
TEL; 230 5000
FAX; 754 0470
EMAIL","011-230 5000, 086-754 0470",zubeida@thrilsty.co.za,
BIG S RECURITMENT CC,"ADDRESS:
A LA ROCCA O PARK
321 MAIN ROAD
BRYANSTON
SANDTON
TEL:
011-234 0755
EMAIL:
theteam@bigsrecuritment.com
TRADE HEADING
PERSONNEL CONSULTANTS","321 MAIN ROAD
BRYANSTON
SANDTON
TEL; 234 0755
EMAIL",011-234 0755,theteam@bigsrecuritment.com,
PHAKISA HOLDINGS CONSULTANTS,"ADDRESS:
17 ROBIN ROAD
ELSPARK
GERMISTON
TEL:
011-916 1731
FAX:
011-916 2905
TRADE HEADING
RECRUITMENT CONSULTANTS","17 ROBIN ROAD
ELSPARK
GERMISTON
TEL; 916 1731
FAX; 916 2905
TRADE HEADING
RECRUITMENT CONSULTANTS","011-916 1731, 011-916 2905",,
ROBERT WALTERS,"ADDRESS:
WORLD TRADE CENTRE
JOHANNESBURG
WEST SOUTH ROAD
MORNINGSIDE
SANDTON
TEL:
011-881 2400
EMAIL:
kathryan.paperson@robertwalters.co.za
TRADE HEADING
PERSONNEL CONSULTANTS","881 2400
EMAIL",011-881 2400,kathryan.paperson@robertwalters.co.za,
MICHAEL PRICHARD,"ADDRESS:
3 ESSENWOOD AVENUE
DALE CROSS
SANDTON
TEL:
011-783 1011
FAX:
011-883 4387
TRADE HEADING
PERSONNEL CONSULTANTS","3 ESSENWOOD AVENUE
DALE CROSS
SANDTON
TEL; 783 1011
FAX; 883 4387
TRADE HEADING
PERSONNEL CONSULTANTS","011-783 1011, 011-883 4387",,
CAPITAL CONTROL CENTRE (PTY) LTD,"ADDRESS:
RAND AIRPORT ROAD
GERMISTON
TEL:
011-827 0335
FAX:
011-827 3898
TRADE HEADING
COMMUNITY CENTRE","827 0335
FAX; 827 3898
TRADE HEADING
COMMUNITY CENTRE","011-827 0335, 011-827 3898",,
SPRINGS PROPSHAFT & HYDRAULICS,"ADDRESS:
7TH STREET GEDUD
SPRINGS
TEL:
011-811 1240
FAX:
011-811 3207
EMAIL:
sph2011@telkomsa.net
TRADE HEADING
MARINE ENGINEERS","811 1240
FAX; 811 3207
EMAIL","011-811 1240, 011-811 3207",sph2011@telkomsa.net,
MEINTJES FENCING (PTY) LTD.,"ADDRESS:
1 NICHOLAS STREET
CHAMADOR
KRUGERSDORP
TEL:
011-769 1440
FAX:
011-769 1449
TRADE HEADING
FENCING","1 NICHOLAS STREET
CHAMADOR
KRUGERSDORP
TEL; 769 1440
FAX; 769 1449
TRADE HEADING
FENCING","011-769 1440, 011-769 1449",,
EMPERORS PALACE,"ADDRESS:
64 JONES ROAD
KEMPTON PARK
TEL:
011-928 1000
FAX:
011-928 1077
EMAIL:
jhavenga@emperorspalace.com
TRADE HEADING
CASINO & RESORT","64 JONES ROAD
KEMPTON PARK
TEL; 928 1000
FAX; 928 1077
EMAIL","011-928 1000, 011-928 1077",jhavenga@emperorspalace.com,
ACTIVE GLASS SERVICE,"ADDRESS:
180 MAIN ROAD
NEWLANDS
JOHANNESBURG
TEL:
011-477 6490
EMAIL:
sales@activeglass.co.za
TRADE HEADING
ALUMINIUM PRODUCTS","180 MAIN ROAD
NEWLANDS
JOHANNESBURG
TEL; 477 6490
EMAIL",011-477 6490,sales@activeglass.co.za,
ORBITAL DISTRIBUTORS (PTY) LTD,"ADDRESS:
34 ARNOLD STREET
ALRODE
ALBERTON
TEL:
011-908 3861
FAX:
011-864 3508
EMAIL:
admin@orbitaldist.co.za
TRADE HEADING
BATHROOM DESIGN","34 ARNOLD STREET
ALRODE
ALBERTON
TEL; 908 3861
FAX; 864 3508
EMAIL","011-908 3861, 011-864 3508",admin@orbitaldist.co.za,
ETA HUMAN CAPITAL RECRUITMENT,"ADDRESS:
24 PETER PLACE
BRYANSTON
SANDTON
TEL:
011-463 0313
EMAIL:
candicej@hcapital.co.za
TRADE HEADING
PERSONNEL CONSULTANTS","24 PETER PLACE
BRYANSTON
SANDTON
TEL; 463 0313
EMAIL",011-463 0313,candicej@hcapital.co.za,
AIM PERSONNEL SERVICES,"ADDRESS:
2 FAUNCHARD BUILDING
JAN SMUTS DRIVE
FLORIDA PARK
ROODEPORT
TEL:
011-674 5215
FAX:
011-674 4601
EMAIL:
maria@aimjobs.co.za
TRADE HEADING
PERSONNEL CONSULTANTS","2 FAUNCHARD BUILDING
JAN SMUTS DRIVE
FLORIDA PARK
ROODEPORT
TEL; 674 5215
FAX; 674 4601
EMAIL","011-674 5215, 011-674 4601",maria@aimjobs.co.za,
DOKUGESI ELECTRICAL CC,"ADDRESS:
2B SADC STREET
MIDDLEBURG
TEL:
013-243 8191
FAX:
013-243 8192
TRADE HEADING
ELECTRICIANS","243 8191
FAX; 243 8192
TRADE HEADING
ELECTRICIANS","013-243 8191, 013-243 8192",,
MINDCOR (PTY) LTD,"ADDRESS:
1 ETTRICK ROAD
FOREST TOWN
JOHANNESBURG
TEL:
011-551 5500
EMAIL:
vishra@mindcor.com
TRADE HEADING
PERSONNEL CONSULTANTS","1 ETTRICK ROAD
FOREST TOWN
JOHANNESBURG
TEL; 551 5500
EMAIL",011-551 5500,vishra@mindcor.com,
AFRICAN SALT WORKS (PTY) LTD,"ADDRESS:
MODDERFONTEIN INDUSTRIALCOMPLEX
JOHANNESBURG
TEL:
011-608 2894
EMAIL:
lindi@afrisalt.co.za
TRADE HEADING
SALT SUPPLIERS","608 2894
EMAIL",011-608 2894,lindi@afrisalt.co.za,
SCHNEIDER ELECTRIC,"TEL:
011-254 6400
FAX:
011-254 6712
TRADE HEADING
AUTOMATION SYSTEM","254 6400
FAX; 254 6712
TRADE HEADING
AUTOMATION SYSTEM","011-254 6400, 011-254 6712",,
GRAHAMS FIRE ART GALLERY,"POSTAL ADDRESS:
BOX 78296 SANDTON
JOHANNESBURG
TEL:
011-465 9192
FAX:
011-465 7631
EMAIL:
info@grahamsgallery.co.za
TRADE HEADING
ART","78296 SANDTON
JOHANNESBURG
TEL; 465 9192
FAX; 465 7631
EMAIL","011-465 9192, 011-465 7631",info@grahamsgallery.co.za,
IIVA GENERAL ENGINEERING,"ADDRESS:
NO 18 INGWE ROAD
SEBENZA
TEL:
011-609 3000
FAX:
011-609 6618
EMAIL:
ilva3@ibi.co.za
TRADE HEADING
TANK SUPPLIERS & INSTALLERS","18 INGWE ROAD
SEBENZA
TEL; 609 3000
FAX; 609 6618
EMAIL","011-609 3000, 011-609 6618",ilva3@ibi.co.za,
FLOOR DIRECT (STRUBENSVALLEY),"ADDRESS:
CLEARWATER CROSSING SHOP NO. 6
NEW CENTURY AVENUE
TEL:
011-475 8000
FAX:
011-475 7311
EMAIL:
info@floorsdirect.co.za
WEBSITE:
www.floorsdirect.co.za
TRADE HEADING
HARDWARE STORES","6
NEW CENTURY AVENUE
TEL; 475 8000
FAX; 475 7311
EMAIL","011-475 8000, 011-475 7311",info@floorsdirect.co.za,
WIT DEEP SAND & STONE.,"ADDRESS:
53 SHAFT STREET KNIGHTS
GERMISTON
TEL:
011-828 5722
FAX:
011-828 5788
TRADE HEADING
SAND & STONE","53 SHAFT STREET KNIGHTS
GERMISTON
TEL; 828 5722
FAX; 828 5788
TRADE HEADING
SAND ","011-828 5722, 011-828 5788",,
ELITE CHEMICAL INDUSTRIES (PTY) LTD,"ADDRESS:
23 BARIUM STREET
ALRODE
TEL:
011-864 4620
EMAIL:
elitechem@wol.co.za
TRADE HEADING
GLASS FIBRE","23 BARIUM STREET
ALRODE
TEL; 864 4620
EMAIL",011-864 4620,elitechem@wol.co.za,
SOUTH AFRICAN FAULT LOCATION,"ADDRESS:
4 UNION STREET
ALBERTON
TEL:
011-907 4475
FAX:
011-869 7987
TRADE HEADING
CABLING COMPONENTS","4 UNION STREET
ALBERTON
TEL; 907 4475
FAX; 869 7987
TRADE HEADING
CABLING COMPONENTS","011-907 4475, 011-869 7987",,
DAY 'N NITE GLASS SERVICES CC,"ADDRESS:
2047 ATHOL STREET
HIGHLANDS NORTH
JOHANNESBURG
TEL:
011-887 0330
FAX:
011-440 5124
EMAIL:
daynnite@mweb.co.za
WEBSITE:
www.daynnite.co.za
TRADE HEADING
GLASS","2047 ATHOL STREET
HIGHLANDS NORTH
JOHANNESBURG
TEL; 887 0330
FAX; 440 5124
EMAIL","011-887 0330, 011-440 5124",daynnite@mweb.co.za,
SA BULLET RESISTANT GLASS CO,"ADDRESS:
10TH ROAD
VILLAGE DEEP
JOHANNESBURG
TEL:
011-493 8249
EMAIL:
sabrg@global.co.za
TRADE HEADING
GLASS","493 8249
EMAIL",011-493 8249,sabrg@global.co.za,
VIVIAN REGINA MARKETING (PTY) LTD,"ADDRESS:
GOLD STREET
NEW ERA SPRINGS
TEL:
011-813 4147
EMAIL:
theah@vivianregina.com
TRADE HEADING
GLASS FIBRE","813 4147
EMAIL",011-813 4147,theah@vivianregina.com,
PRIMA GLASS,"ADDRESS:
24 LONGFELLOW STREET
EMALAHLENI
TEL:
013-690 1425
FAX:
086-589 3853
EMAIL:
prima.glass@lantic.net
TRADE HEADING
GLASS","24 LONGFELLOW STREET
EMALAHLENI
TEL; 690 1425
FAX; 589 3853
EMAIL","013-690 1425, 086-589 3853",prima.glass@lantic.net,
G J & T HOME IMPROVERS CC,"ADDRESS:
221 COMMISSIONER STREET
KRUGERSDORP
TEL:
011-953 2422
EMAIL:
admin@gjthomeimprovers.co.za
TRADE HEADING
HOME IMPROVEMENTS","221 COMMISSIONER STREET
KRUGERSDORP
TEL; 953 2422
EMAIL",011-953 2422,admin@gjthomeimprovers.co.za,
MORIT MANUFACTURING ENTERPRICE CC,"ADDRESS:
IMMELMAN STREET
WADEVILLE
GERMISTON
TEL:
011-024 4591
FAX:
086-672 0033
TRADE HEADING
SANITARY HYGIEN PRODUCT","024 4591
FAX; 672 0033
TRADE HEADING
SANITARY HYGIEN PRODUCT","011-024 4591, 086-672 0033",,
ELEUSIS PROJECT,"ADDRESS:
377 RIVONIA BOULEVARD
SANDTON
TEL:
011-275 0309
FAX:
011-275 0275
EMAIL:
robertovandolne@yahoo.com
TRADE HEADING
SATELLITE EQUIPMENT","377 RIVONIA BOULEVARD
SANDTON
TEL; 275 0309
FAX; 275 0275
EMAIL","011-275 0309, 011-275 0275",robertovandolne@yahoo.com,
EXECUTIVE HR,"ADDRESS:
111 PRETORIA ROAD
RYNFIELD
BENONI
TEL:
011-425 1339
EMAIL:
elmarie@executivehr.co.za
TRADE HEADING
PERSONNEL CONSULTANTS","111 PRETORIA ROAD
RYNFIELD
BENONI
TEL; 425 1339
EMAIL",011-425 1339,elmarie@executivehr.co.za,
HOSPITALITY PLACEMENTS,"ADDRESS:
5 ESHOWE STREET
PAULSHOF
SANDTON
TEL:
011-803 6040
EMAIL:
hospitality.p@mweb.co.za
TRADE HEADING
PERSONNEL CONSULTANTS","5 ESHOWE STREET
PAULSHOF
SANDTON
TEL; 803 6040
EMAIL",011-803 6040,hospitality.p@mweb.co.za,
TRANSAUTO RECRUITMENT,"ADDRESS:
407 WEST AVENUE
WEST SQUARE OFFICE PARK
FERNDALE
RANDBURG
TEL:
011-792 2372
EMAIL:
ashleigh@transauto.co.za
TRADE HEADING
PERSONNEL CONSULTANTS","407 WEST AVENUE
WEST SQUARE OFFICE PARK
FERNDALE
RANDBURG
TEL; 792 2372
EMAIL",011-792 2372,ashleigh@transauto.co.za,
OASIS TANNING CO (PTY) LTD,"POSTAL ADDRESS:
BOX 5577 KRUGERSDORP WEST
TEL:
011-416 2270
FAX:
011-416 2265
TRADE HEADING
LEATHER SUPPLIES","5577 KRUGERSDORP WEST
TEL; 416 2270
FAX; 416 2265
TRADE HEADING
LEATHER SUPPLIES","011-416 2270, 011-416 2265",,
VISION TISSUE CC,"ADDRESS:
LOTHERIEN OFFICE PARK
IMMELMAN ROAD
WADEVILLE
TEL:
011-827 7676
FAX:
086-502 8582
TRADE HEADING
SANITARY HYGIEN PRODUCT","827 7676
FAX; 502 8582
TRADE HEADING
SANITARY HYGIEN PRODUCT","011-827 7676, 086-502 8582",,
TUSSCHE TRIANING CONSULTANTS,"ADDRESS:
222 LOUIS TRICHARDT BOULVARD
VANDERBIJIL PARK
TEL:
016-932 4233
FAX:
086-657 3764
EMAIL:
safetytraining@telkomsa.net
TRADE HEADING
OCCUPATIONAL HEALTH","222 LOUIS TRICHARDT BOULVARD
VANDERBIJIL PARK
TEL; 932 4233
FAX; 657 3764
EMAIL","016-932 4233, 086-657 3764",safetytraining@telkomsa.net,
LESHEDA MINING & ELECTRICAL SUPPLIES CC,"ADDRESS:
1818 KENNIS STREET
ELANDSFONTEIN
GERMISTON
TEL:
011-021 0852
FAX:
011-974 3206
EMAIL:
kur@mweb.co.za
TRADE HEADING
GENERATORS & ACCESSORIES","1818 KENNIS STREET
ELANDSFONTEIN
GERMISTON
TEL; 021 0852
FAX; 974 3206
EMAIL","011-021 0852, 011-974 3206",kur@mweb.co.za,
ABAKALI QUANTITY SURVEYOR'S,"ADDRESS:
302 AVENUE
WESTDENE 
BLOEMFONTEIN
TEL:
012-362 1768
EMAIL:
pta@abakali.co.za
TRADE HEADING
QUANTITY SURVEYORS","302 AVENUE
WESTDENE 
BLOEMFONTEIN
TEL; 362 1768
EMAIL",012-362 1768,pta@abakali.co.za,
AMANZI OKUPHILA CONSTRUCTION & ENTERPRISES.,"ADDRESS:
681 B MATSHAYA ROAD
NALEDI SOWETO
GAUTENG
TEL:
011-931 5376
CELL:
073 168 8809
EMAIL:
mahlanguabel@gmail.com
TRADE HEADING
BUILDING CONTRACTORS","681 B MATSHAYA ROAD
NALEDI SOWETO
GAUTENG
TEL; 931 5376
CELL; 073 168 8809
EMAIL","011-931 5376, 073 168 8809",mahlanguabel@gmail.com,
OCEAN BASKET.,"ADDRESS:
2 ASCOT PARK
RICHARDS DRIVE HALFWAY HOUSE MIDRAND
TEL:
011-655 1300
FAX:
011-312 0603
EMAIL:
frede@oceanbasket.co.za
TRADE HEADING
RESTAURANTS","2 ASCOT PARK
RICHARDS DRIVE HALFWAY HOUSE MIDRAND
TEL; 655 1300
FAX; 312 0603
EMAIL","011-655 1300, 011-312 0603",frede@oceanbasket.co.za,
NAIL STUDIO,"ADDRESS:
COMARO VIEW SHOPPING CENTRE
CAMARO STREET
BASSONIA
JOHANNESBURG
TEL:
011-432 4958
FAX:
011-432 5079
TRADE HEADING
BEAUTY SALONS","432 4958
FAX; 432 5079
TRADE HEADING
BEAUTY SALONS","011-432 4958, 011-432 5079",,
RV BUSINESS ENTERPRISE,"ADDRESS:
8 SIXTH AVENUE
SUNNYRIDGE
GERMISTON
CELL:
072 930 2364
EMAIL:
raayan@rventerprise.co.za
TRADE HEADING
COURIER SERVICES","8 SIXTH AVENUE
SUNNYRIDGE
GERMISTON
CELL; 072 930 2364
EMAIL",072 930 2364,raayan@rventerprise.co.za,
SOUTHERN  AFRICA QUANTUM CONSULTANTS & ACTUARIES,"ADDRESS:
WATERFRONT TERRANCES
39795 CARL CRONJE DRIVE 
BELLVILLE
TEL:
011-784 5084
EMAIL:
moloenyal@southernafricaquantum.co.za
TRADE HEADING
ACTUARIES","39795 CARL CRONJE DRIVE 
BELLVILLE
TEL; 784 5084
EMAIL",011-784 5084,moloenyal@southernafricaquantum.co.za,
UKWAZI ENGINEERING,"ADDRESS:
40 LITER STREET
VAALBANK
MIDDELBURG
TEL:
013-246 2031
FAX:
013-246 2941
EMAIL:
ukwazi@webmail.co.za
TRADE HEADING
GENERATORS & ACCESSORIES","40 LITER STREET
VAALBANK
MIDDELBURG
TEL; 246 2031
FAX; 246 2941
EMAIL","013-246 2031, 013-246 2941",ukwazi@webmail.co.za,
CHILDINE KATORUS KATLEHONG,"ADDRESS:
824 RAMAKONOPI STREET
GERMISTON
TEL:
011-905 0920
FAX:
011-905 0920
TRADE HEADING
COMMUNTY CENTRE","824 RAMAKONOPI STREET
GERMISTON
TEL; 905 0920
FAX; 905 0920
TRADE HEADING
COMMUNTY CENTRE","011-905 0920, 011-905 0920",,
EARLY BIRD SERVICES,"ADDRESS:
68 RICHARD DRIVE
HALFWAY HOUSE
MIDRAND
TEL:
011-357 3000
FAX:
011-312 1259
EMAIL:
mainterance@earlybird.co.za
TRADE HEADING
ELECTRICIANS","68 RICHARD DRIVE
HALFWAY HOUSE
MIDRAND
TEL; 357 3000
FAX; 312 1259
EMAIL","011-357 3000, 011-312 1259",mainterance@earlybird.co.za,
CHARTERED APPOINTMENTS,"ADDRESS:
43 LINCOLN STREET
WOODMEAD
SANDTON
TEL:
011-234 6666
EMAIL:
estelle@pnet.co.za
TRADE HEADING
PERSONNEL CONSULTANTS","43 LINCOLN STREET
WOODMEAD
SANDTON
TEL; 234 6666
EMAIL",011-234 6666,estelle@pnet.co.za,
FISH WORLD EMERGENCIES CELL,"ADDRESS:
BRANDWAG
CELL:
072 070 6618
EMAIL:
fishworld@vodamail.co.za
TRADE HEADING
AQUARIUM & POND SUPPLIES","072 070 6618
EMAIL",072 070 6618,fishworld@vodamail.co.za,
ECON OIL & ENERGY (PTY) LTD,"ADDRESS:
16 KINGFISHER STREET
MEYERSDAL
TEL:
011-867 7522
EMAIL:
lindiwe@econoil.co.za
TRADE HEADING
OIL FUEL DISTRIBUTORS","16 KINGFISHER STREET
MEYERSDAL
TEL; 867 7522
EMAIL",011-867 7522,lindiwe@econoil.co.za,
AQUARIUM CENTRE,"ADDRESS:
303 RIFFLE RANGE ROAD
FOREST HILL
JOHANNESBURG
TEL:
011-683 9081
FAX:
011-683 7619
TRADE HEADING
AQUARIUM & POND SUPPLIES","303 RIFFLE RANGE ROAD
FOREST HILL
JOHANNESBURG
TEL; 683 9081
FAX; 683 7619
TRADE HEADING
AQUARIUM ","011-683 9081, 011-683 7619",,
DAY 1 HEALTH (PTY) LTD,"ADDRESS:
54 PETER PLACE
BRYANSTON
SANDTON
TEL:
086-111 3513
FAX:
011-463 0600
EMAIL:
richard@dav1.co.za
TRADE HEADING
HEALTH INSURANCE","54 PETER PLACE
BRYANSTON
SANDTON
TEL; 111 3513
FAX; 463 0600
EMAIL","086-111 3513, 011-463 0600",richard@dav1.co.za,
O-LINE SUPPORT SYSTEMS,"ADDRESS:
14 PROP STREET 
SELLBY 
JOHANNESBURG
TEL:
011-378 3700
FAX:
011-378 3714
EMAIL:
natalie@o-line.com
TRADE HEADING
CABLING COMPONENTS","14 PROP STREET 
SELLBY 
JOHANNESBURG
TEL; 378 3700
FAX; 378 3714
EMAIL","011-378 3700, 011-378 3714",natalie@o-line.com,
HEALTH & WEALTH,"ADDRESS:
BULLS EYE BUILDING
5LIBERTAS ROAD
BRYANSTON
RANDBURG
TEL:
011-465 0508
FAX:
011-463 4672
EMAIL:
shaun@bullseye.co.za
TRADE HEADING
HEALTH INSURANCE","465 0508
FAX; 463 4672
EMAIL","011-465 0508, 011-463 4672",shaun@bullseye.co.za,
SECURED STORAGE,"ADDRESS:
129 SMUTS STREET
ROCKY DRIFT
WHITE RIVER
TEL:
013-758 1772
FAX:
086-502 0805
TRADE HEADING
WAREHOUSES","129 SMUTS STREET
ROCKY DRIFT
WHITE RIVER
TEL; 758 1772
FAX; 502 0805
TRADE HEADING
WAREHOUSES","013-758 1772, 086-502 0805",,
LANGA DRIVING ACADEMY LOGISTIC,"ADDRESS:
104 WESTBANK HOUSE
26 VOORTREKKER ROAD
NEW REDRUTH
ALBERTON
TEL:
011-869 6645
FAX:
086-657 6244
EMAIL:
langadrivingacademy@ymail.com
TRADE HEADING
DRIVING SCHOOLS","104 WESTBANK HOUSE
26 VOORTREKKER ROAD
NEW REDRUTH
ALBERTON
TEL; 869 6645
FAX; 657 6244
EMAIL","011-869 6645, 086-657 6244",langadrivingacademy@ymail.com,
HELLERMANN TYTON,"ADDRESS:
LINBRO BUSINESS PARK
34 - 36 MILKYWAY AVENUE
LINBRO PARK
JOHANNESBURG
TEL:
011-879 6620
FAX:
011-879 6601
EMAIL:
monique.esterhuizen@hellermann.co.za
TRADE HEADING
CABLING COMPONENTS","34 - 36 MILKYWAY AVENUE
LINBRO PARK
JOHANNESBURG
TEL; 879 6620
FAX; 879 6601
EMAIL","011-879 6620, 011-879 6601",monique.esterhuizen@hellermann.co.za,
MARKETPLACE PEOPLE CC,"ADDRESS:
19 MOOI RIVER WAY
GALLO MANOR
SANDTON
TEL:
011-802 0905
EMAIL:
CHER@ICON.CO.ZA
TRADE HEADING
PERONNEL CONSULTANTS","19 MOOI RIVER WAY
GALLO MANOR
SANDTON
TEL; 802 0905
EMAIL",011-802 0905,CHER@ICON.CO.ZA,
BE DIFFERENT RECRUITMENT CC,"ADDRESS:
BRAAM FISCHER DRIVE
HOLIDAY HOUSE
FERNDALE
RANDBURG
TEL:
011-781 7901
EMAIL:
danaernene@bedifferent.co.za
TRADE HEADING
PERSONNEL CONSULTANTS","781 7901
EMAIL",011-781 7901,danaernene@bedifferent.co.za,
TEST-A-RELAY.,"ADDRESS:
140 PIETER STREET
HIGHVELD TECHNOPARK
CENTURION
GAUTENG
TEL:
012-665 0545
FAX:
012-665 0549
EMAIL:
parcc@test-a-relay.co.za
TRADE HEADING
ELECTRICAL ENGINEERS","140 PIETER STREET
HIGHVELD TECHNOPARK
CENTURION
GAUTENG
TEL; 665 0545
FAX; 665 0549
EMAIL","012-665 0545, 012-665 0549",parcc@test-a-relay.co.za,
SABLE GLASS & ALUMINIUM,"ADDRESS:
65 ANDERSON STREET
NELSPRUIT
TEL:
013-752 2255
FAX:
013-752 2256
EMAIL:
info@sableglassalu.co.za
TRADE HEADING
GLASS","65 ANDERSON STREET
NELSPRUIT
TEL; 752 2255
FAX; 752 2256
EMAIL","013-752 2255, 013-752 2256",info@sableglassalu.co.za,
AUTENMAS PLACEMENTS,"ADDRESS:
9 BERYL STREET
CYRILDENE
JOHANNESBURG
TEL:
011-615 1156
EMAIL:
accounts@autenmas.co.za
TRADE HEADING
PERSONNELCONSULTANTS","9 BERYL STREET
CYRILDENE
JOHANNESBURG
TEL; 615 1156
EMAIL",011-615 1156,accounts@autenmas.co.za,
VAN DER HOVEN,"ADDRESS:
321 MAIN ROAD
BRYANSTON
SANDTON
TEL:
011-706 2920
FAX:
086-615 4282
EMAIL:
evdrecruit@global.co.za
TRADE HEADING
PERSONNEL RECRUITMENT","321 MAIN ROAD
BRYANSTON
SANDTON
TEL; 706 2920
FAX; 615 4282
EMAIL","011-706 2920, 086-615 4282",evdrecruit@global.co.za,
MAGAMAL & SUN,"ADDRESS:
270 BRADLEY COURT
WESTBURG
EXT 3
JOHANNESBURG
CELL:
072 860 4293
FAX:
011-673 3177
TRADE HEADING
BUILT-IN UNITS","270 BRADLEY COURT
WESTBURG
EXT 3
JOHANNESBURG
CELL; 072 860 4293
FAX; 673 3177
TRADE HEADING
BUILT-IN UNITS","072 860 4293, 011-673 3177",,
FINE LINE CC,"ADDRESS:
15 ENTECH IND PARK FACTORY
ST INDUSTRIA NORTH
ROODEPORT
TEL:
011-477 5408
FAX:
011-477 8115
TRADE HEADING
BUILT-IN UNITS","15 ENTECH IND PARK FACTORY
ST INDUSTRIA NORTH
ROODEPORT
TEL; 477 5408
FAX; 477 8115
TRADE HEADING
BUILT-IN UNITS","011-477 5408, 011-477 8115",,
KAMOHELO CHILDREN CENTRE,"ADDRESS:
11 RUSI STREET
TEL:
016-976 2153
FAX:
016-973 3323
TRADE HEADING
AFTER SCHOOL CENTRES","11 RUSI STREET
TEL; 976 2153
FAX; 973 3323
TRADE HEADING
AFTER SCHOOL CENTRES","016-976 2153, 016-973 3323",,
IRONWOOD,"ADDRESS:
KLEIN DRAKENSTEIN
PAARL
CELL:
082 770 9768
FAX:
086-670 8285
EMAIL:
olao@mweb.co.za
TRADE HEADING
BUILT-IN UNITS","082 770 9768
FAX; 670 8285
EMAIL","082 770 9768, 086-670 8285",olao@mweb.co.za,
FREEMAN OPTOMETRISTS,"ADDRESS:
VILLAGE CENTRE
EHMKE STREET
NELSPRUIT
TEL:
013-755 3355
FAX:
086-699 2020
EMAIL:
gsozozo@gmail.com
TRADE HEADING
OPTOMETRISTS","755 3355
FAX; 699 2020
EMAIL","013-755 3355, 086-699 2020",gsozozo@gmail.com,
EYELAND OPTOMETRISTS,"ADDRESS:
ENTERANCE 1 SHOP 17 EAST RAND MALL
RIETFONTEIN ROAD
BOKSBURG
TEL:
011-826 6403
FAX:
011-823 1565
EMAIL:
anton@eveland.co.za
TRADE HEADING
OPTOMETRISTS","1 SHOP 17 EAST RAND MALL
RIETFONTEIN ROAD
BOKSBURG
TEL; 826 6403
FAX; 823 1565
EMAIL","011-826 6403, 011-823 1565",anton@eveland.co.za,
BRIEL OPTOMETRISTS,"ADDRESS:
CANTERBURY CROSSING
BRAAMFISCHER DRIVE
FERNDALE
RANDBURG
TEL:
011-781 9026
FAX:
011-789 4274
EMAIL:
brieleyes@gmail.com
TRADE HEADING
OPTOMETRISTS","781 9026
FAX; 789 4274
EMAIL","011-781 9026, 011-789 4274",brieleyes@gmail.com,
ZETA SCHOSBERG OPTOMETRISTS,"ADDRESS:
SUNRISE CENTRE
71 VAN RIEBECK AVENUE 
EDENVALE
TEL:
011-452 5704
FAX:
011-609 6522
EMAIL:
zeta@yebo.co.za
TRADE HEADING
OPTOMETRISTS","71 VAN RIEBECK AVENUE 
EDENVALE
TEL; 452 5704
FAX; 609 6522
EMAIL","011-452 5704, 011-609 6522",zeta@yebo.co.za,
NETTMAN OPTOMETRISTS,"ADDRESS:
23 ORPERN ROAD
OAKDENE
JOHANNESBURG
TEL:
011-435 1194
FAX:
011-435 9803
EMAIL:
nettman@iafrica.com
TRADE HEADING
OPTOMETRISTS","23 ORPERN ROAD
OAKDENE
JOHANNESBURG
TEL; 435 1194
FAX; 435 9803
EMAIL","011-435 1194, 011-435 9803",nettman@iafrica.com,
MILTONS OPTOMETRISTS,"ADDRESS:
104 OXFORD ROAD
ROSEBANK
JOHANNESBURG
TEL:
011-788 1308
FAX:
011-442 6956
EMAIL:
optomeyes@icon.co.za
TRADE HEADING
OPTICIANS","104 OXFORD ROAD
ROSEBANK
JOHANNESBURG
TEL; 788 1308
FAX; 442 6956
EMAIL","011-788 1308, 011-442 6956",optomeyes@icon.co.za,
SPEC SAVERS,"ADDRESS:
THE BERG SHOPPING CENTRE
BERGBRON DRIVE
BERGBRON
ROODEPORT
TEL:
011-673 8820
FAX:
011-673 8822
EMAIL:
pheberg@specstores.co.za
TRADE HEADING
OPTOMETRISTS","673 8820
FAX; 673 8822
EMAIL","011-673 8820, 011-673 8822",pheberg@specstores.co.za,
SPECTACULAR VISION,"ADDRESS:
46 THE BOULDERS S CENTRE PRETORIA MAIN ROAD
HALFWAY HOUSE
MIDRAND
TEL:
011-315 3778
FAX:
011-805 1042
EMAIL:
SPECTACULAR@ICON.CO.ZA
TRADE HEADING
OPTICIANS","46 THE BOULDERS S CENTRE PRETORIA MAIN ROAD
HALFWAY HOUSE
MIDRAND
TEL; 315 3778
FAX; 805 1042
EMAIL","011-315 3778, 011-805 1042",SPECTACULAR@ICON.CO.ZA,
SPECIALISED BAKERY ENGINEERING CC,"ADDRESS:
28 MOUNT IDA ROAD
ROBERTSHAM
JOHANNESBURG
TEL:
011-433 4817
FAX:
086-681 6216
TRADE HEADING
BAKERY EQUIPMENT","28 MOUNT IDA ROAD
ROBERTSHAM
JOHANNESBURG
TEL; 433 4817
FAX; 681 6216
TRADE HEADING
BAKERY EQUIPMENT","011-433 4817, 086-681 6216",,
VITAL ENGINEERING,"Business Name		:	VITAL ENGINEERING			
						
Physical Add.		:	LEA ROAD, BOKSBURG, GAUTENG			
						
						
Postal Add.		:				
		 				
						
Telephone No.		:	011 989 8500			
Fax No.		:				
Cellular No.		:				
E-Mail Add.		:	SALES@GRATINGS.CO.ZA			
Website Add.		:	https://www.gratings.co.za/			
TRADE HEADINGS						
1) 	GRATINGS			2) 	HAND RAILING	
3)	EXPANDED METALS / MESHES			4) 	STAIRTREADS","011 989 8500			
Fax No.		",,SALES@GRATINGS.CO.ZA,https://www.gratings.co.za/
HARRINGTON STEEL (PTY) LTD,"ADDRESS:
7 BESSEMER STREET
DUNCANVILLE
VEREENING
TEL:
016-428 5443
EMAIL:
harringtonsteel@telkomsa.net
TRADE HEADING
IRON STEEL","7 BESSEMER STREET
DUNCANVILLE
VEREENING
TEL; 428 5443
EMAIL",016-428 5443,harringtonsteel@telkomsa.net,
PRECISION MOWERS,"ADDRESS:
111 PRETORIA ROAD
KEMPTON PARK
TEL:
011-394 3393
FAX:
011-394 3394
EMAIL:
precisionmowers@absamail.co.za
WEBSITE:
www.outdoorpowersolutions.co.za
TRADE HEADING
LAWN MOWERS","111 PRETORIA ROAD
KEMPTON PARK
TEL; 394 3393
FAX; 394 3394
EMAIL","011-394 3393, 011-394 3394",precisionmowers@absamail.co.za,
TUSKER PACKAGING,"ADDRESS:
UNIT 6
32 PLANTATION ROAD
EASTLEGH
EDENVALE
TEL:
011-452 6420
FAX:
011-452 6283
EMAIL:
trevor@tps.co.za
TRADE HEADING
PACKING SERVICES","6
32 PLANTATION ROAD
EASTLEGH
EDENVALE
TEL; 452 6420
FAX; 452 6283
EMAIL","011-452 6420, 011-452 6283",trevor@tps.co.za,
MULTI ALLOYS CC,"ADDRESS:
KYALAMI BUSINESS PARK
30 MONTE CARLO CRESCENT
MIDRAND
TEL:
011-466 2480
FAX:
011-466 1692
EMAIL:
KEMP@MULTALLOYS.CO.ZA
WEBSITE:
WWW.MULTIALLOYS.CO.ZA
TRADE HEADING
alloys company","30 MONTE CARLO CRESCENT
MIDRAND
TEL; 466 2480
FAX; 466 1692
EMAIL","011-466 2480, 011-466 1692",KEMP@MULTALLOYS.CO.ZA,
AUTO STAR PANEL BEATERS.,"ADDRESS:
59 BEAUMONT STREET
BOOYEENS
JOHANNESBURG
CELL:
079 359 4303
EMAIL:
castigopanel@gmail.com
TRADE HEADING
CAR BODY REPAIRS","59 BEAUMONT STREET
BOOYEENS
JOHANNESBURG
CELL; 079 359 4303
EMAIL",079 359 4303,castigopanel@gmail.com,
PHILLIP SHOPFITTING & GAMES,"ADDRESS:
UNIT 2 EMABHELENI CENTRE VILIKASZI
884 NDEBELE STREET
ROCKVILLE SOWETO
CELL:
072 189 1837
EMAIL:
mateya08@gmail.com
TRADE HEADING
CABINET MAKERS","2 EMABHELENI CENTRE VILIKASZI
884 NDEBELE STREET
ROCKVILLE SOWETO
CELL; 072 189 1837
EMAIL",072 189 1837,mateya08@gmail.com,
KONICA MINOLTA VAAL,"ADDRESS:
COLESSEUM CENTRE
DELIUS STREET SWS
VANDERBIJILPARK
TEL:
016-982 1026
FAX:
016-982 1029
EMAIL:
minolta@netactive.co.za
TRADE HEADING
OFFICE EQUIPMENT SUPPLIERS","982 1026
FAX; 982 1029
EMAIL","016-982 1026, 016-982 1029",minolta@netactive.co.za,
KEA RENTALS,"ADDRESS:
NO. 17 SIMM ROAD
KEMPTON PARK
TEL:
011-230 5000
FAX:
086-625 8068
TRADE HEADING
CAR HIRE","17 SIMM ROAD
KEMPTON PARK
TEL; 230 5000
FAX; 625 8068
TRADE HEADING
CAR HIRE","011-230 5000, 086-625 8068",,
RAND FUNERALS,"ADDRESS:
UMFUYANEN SECTION
480 OUPA MOOKI STREET
TEMBISA
TEL:
011-421 7181
EMAIL:
veena@randfunerals.co.za
TRADE HEADING
FUNERAL DIRECTORS","480 OUPA MOOKI STREET
TEMBISA
TEL; 421 7181
EMAIL",011-421 7181,veena@randfunerals.co.za,
COOPER & COOPER (PTY) LTD,"ADDRESS:
PROCESS PARK BUILDING 
C3 24 SWARTBOS ROAD
WITBANK
TEL:
013-650 1591
FAX:
013-650 1598
EMAIL:
jacque@coopergroup.co.za
WEBSITE:
www.thgsup.co.za
TRADE HEADING
ENGINEERING GROUP","3 24 SWARTBOS ROAD
WITBANK
TEL; 650 1591
FAX; 650 1598
EMAIL","013-650 1591, 013-650 1598",jacque@coopergroup.co.za,
LOFTUS CARAVAN CITY,"ADDRESS:
REPUBLIC ROAD
FONTAINEBLEAU
RANDBURG
TEL:
011-792 1456
FAX:
011-793 2312
EMAIL:
woody@loftuscc.co.za
TRADE HEADING
VARAVAN AGENTS & DEALERS","792 1456
FAX; 793 2312
EMAIL","011-792 1456, 011-793 2312",woody@loftuscc.co.za,
PATRICK PIETERSEN FUNERAL SERVICES CC,"ADDRESS:
461 VLAMBOOM STREET
REIGER PARK
BOKSBURG
TEL:
011-910 2010
EMAIL:
patrickpietersenfuneral@ibiz.co.za
TRADE HEADING
FUNERAL DIRECTORS","461 VLAMBOOM STREET
REIGER PARK
BOKSBURG
TEL; 910 2010
EMAIL",011-910 2010,patrickpietersenfuneral@ibiz.co.za,
MR PROSHAFT CC,"ADDRESS:
51 MAXWELL STREET
OPHIRTON
JOHANNESBURG
TEL:
011-493 6350
FAX:
011-493 0551
TRADE HEADING
MARINE ENGINEERS","51 MAXWELL STREET
OPHIRTON
JOHANNESBURG
TEL; 493 6350
FAX; 493 0551
TRADE HEADING
MARINE ENGINEERS","011-493 6350, 011-493 0551",,
RANI RESORTS (PTY) LTD,"ADDRESS:
WILKOPPEN ROAD
BUILDING 10 WATER ROAD OFFICE PARK
FOURWAYS
SANDTON
TEL:
011-658 0633
FAX:
011-658 0632
TRADE HEADING
CATERING EQUIPMENT SUPPLIER SERVICES","10 WATER ROAD OFFICE PARK
FOURWAYS
SANDTON
TEL; 658 0633
FAX; 658 0632
TRADE HEADING
CATERING EQUIPMENT SUPPLIER SERVICES","011-658 0633, 011-658 0632",,
FIX & FIT SECURITY,"ADDRESS:
414 BERNIE STREET
KYA STAND
RANDBURG
TEL:
011-708 2766
FAX:
011-708 4826
TRADE HEADING
SECURITY SYSTEMS","414 BERNIE STREET
KYA STAND
RANDBURG
TEL; 708 2766
FAX; 708 4826
TRADE HEADING
SECURITY SYSTEMS","011-708 2766, 011-708 4826",,
BOBROFF RONALD & PARTNERS INC.,"ADDRESS:
37 ASHFORD ROAD
PARKLANDS
SANDTON
TEL:
011-880 6781
FAX:
011-880 6784
EMAIL:
accounts@bobhoff.co.za
TRADE HEADING
ATTORNEYS","37 ASHFORD ROAD
PARKLANDS
SANDTON
TEL; 880 6781
FAX; 880 6784
EMAIL","011-880 6781, 011-880 6784",accounts@bobhoff.co.za,
ACADEMY DRIVING SCHOOL.,"ADDRESS:
87 LOVEDAY STREET
JOHANNESBURG
TEL:
011-834 4231
FAX:
011-834 4234
EMAIL:
dale.patty45@gmail.com
TRADE HEADING
driving schools","87 LOVEDAY STREET
JOHANNESBURG
TEL; 834 4231
FAX; 834 4234
EMAIL","011-834 4231, 011-834 4234",dale.patty45@gmail.com,
VAAL SCRAP METALS,"ADDRESS:
MICHELIN STREET
NW 7 VANDERBEJLPARK
TEL:
016-986 1415
FAX:
016-986 0984
EMAIL:
vsm@cyberserv.co.za
TRADE HEADING
SCRAP DEALERS","7 VANDERBEJLPARK
TEL; 986 1415
FAX; 986 0984
EMAIL","016-986 1415, 016-986 0984",vsm@cyberserv.co.za,
ARGUS FREIGHT.,"ADDRESS:
UNIT 1 AVIATION PARK
18 POMONA
TEL:
011-396 1896
FAX:
011-396 2011
EMAIL:
shannon@argusfreight.com
TRADE HEADING
FREIGHT FORWARDING","1 AVIATION PARK
18 POMONA
TEL; 396 1896
FAX; 396 2011
EMAIL","011-396 1896, 011-396 2011",shannon@argusfreight.com,
SPECIALISED BAKERY ENGINEERING CC.,"ADDRESS:
28 MOUNT LDA ROAD
ROBERTSHAM
JOHANNESBURG
TEL:
011-433 4817
FAX:
086-681 6216
TRADE HEADING
BAKERY EQUIPMENT","28 MOUNT LDA ROAD
ROBERTSHAM
JOHANNESBURG
TEL; 433 4817
FAX; 681 6216
TRADE HEADING
BAKERY EQUIPMENT","011-433 4817, 086-681 6216",,
TALENTED SELECTION,"ADDRESS:
HINGHAMFIELDS
BOEING ROAD
BEDFORDVIEW
TEL:
011-454 3369
EMAIL:
tessa@talentedselection.co.za
TRADE HEADING
PERSONNEL CONSULTANTS","454 3369
EMAIL",011-454 3369,tessa@talentedselection.co.za,
JOBS@OSSY,"ADDRESS:
187 KEMSTON AVENUE
WESTERN EXT
BENONI
TEL:
011-845 4952
EMAIL:
jobs@assy.co.za
TRADE HEADING
PERSONNEL CONSULTANTS","187 KEMSTON AVENUE
WESTERN EXT
BENONI
TEL; 845 4952
EMAIL",011-845 4952,jobs@assy.co.za,
SLATER HEALTH FITNESS CLUB,"ADDRESS:
CONER UMTATA & BASHY STREET
THREE RIVERS
VEREENING
TEL:
016-423 1229
FAX:
016-423 1229
EMAIL:
threeriver@slatergyms.co.za
TRADE HEADING
HEALTH CLUB EQUIPMENT","423 1229
FAX; 423 1229
EMAIL","016-423 1229, 016-423 1229",threeriver@slatergyms.co.za,
FULRACE ENGINEERING,"ADDRESS:
11 KINGDON ROAD
ROBERTSHAM
JOHANNESBURG
TEL:
011-433 4507
FAX:
011-433 4506
EMAIL:
fulrace@absamail.co.za
TRADE HEADING
GEARBOX REPAIRS","11 KINGDON ROAD
ROBERTSHAM
JOHANNESBURG
TEL; 433 4507
FAX; 433 4506
EMAIL","011-433 4507, 011-433 4506",fulrace@absamail.co.za,
DAILY TRANSCIPTIONS CC,"ADDRESS:
66 SHANNON ROAD
NOOLDHEUWEL
KRUGERSDORP
TEL:
011-954 2859
EMAIL:
dailyauti@telkomsa.net
TRADE HEADING
SECRETARIAL WORKS & SKILLS","66 SHANNON ROAD
NOOLDHEUWEL
KRUGERSDORP
TEL; 954 2859
EMAIL",011-954 2859,dailyauti@telkomsa.net,
PETS CHOICE DISCOUNT FOOD & PET SHOP,"ADDRESS:
SHERWOOD ROAD
BEACON BAY
CELL:
082 757 0672
EMAIL:
kingsdate.konnol@gmail.com
TRADE HEADING
DISCOUNT STORES","082 757 0672
EMAIL",082 757 0672,kingsdate.konnol@gmail.com,
SIPHO GLASS & ALUMINIUM,"ADDRESS:
766 KAALFONTEIN
MIDRAND
CELL:
082 731 2018
EMAIL:
G@MOBILEEMAIL.VODASA.CO.ZA
TRADE HEADING
ALUMINIUM PRODUCTS","766 KAALFONTEIN
MIDRAND
CELL; 082 731 2018
EMAIL",082 731 2018,G@MOBILEEMAIL.VODASA.CO.ZA,
COST TIME RESOURCES CC,"ADDRESS:
18 KANGNUSSIE ROAD
BLAIRGOWIE
RANDBURG
TEL:
011-888 7163
EMAIL:
cte@cmasa.co.za
TRADE HEADING
SECRETARIAL WORKS & SKILLS","18 KANGNUSSIE ROAD
BLAIRGOWIE
RANDBURG
TEL; 888 7163
EMAIL",011-888 7163,cte@cmasa.co.za,
FARADAY DRANKWINKEL,"ADDRESS:
FARADAY BUILDING
FARADAY CENTRE
VANDERBIJPARK
TEL:
016-931 3477
FAX:
016-931 3477
TRADE HEADING
BOTTLE STORES","931 3477
FAX; 931 3477
TRADE HEADING
BOTTLE STORES","016-931 3477, 016-931 3477",,
ARROW TRADING CORP CC,"TEL:
011-793 1251
FAX:
011-792 1040
TRADE HEADING
CAR BODY REPAIRS","793 1251
FAX; 792 1040
TRADE HEADING
CAR BODY REPAIRS","011-793 1251, 011-792 1040",,
STEYN LYELL  MEAYANE,"ADDRESS:
STEYN LYELL MEAYANE BUILDING
21 LESLIE STREET
VEREENIGING
TEL:
016-421 4471
FAX:
016-422 4928
EMAIL:
batie@slmlaw.co.za
WEBSITE:
www.slm.co.za
TRADE HEADING
ATTORNEYS","21 LESLIE STREET
VEREENIGING
TEL; 421 4471
FAX; 422 4928
EMAIL","016-421 4471, 016-422 4928",batie@slmlaw.co.za,
MICHELANGELO TOWERS,"ADDRESS:
8 MAUDE STREET
SANDOWN
SANDTON
TEL:
011-245 4000
FAX:
011-245 4100
EMAIL:
TOWERS@LEGHACYHOYELS.CO.ZA
WEBSITE:
WWW.LEGACYHOTELS.CO.ZA
TRADE HEADING
HOTELS ACCOMMODATION","8 MAUDE STREET
SANDOWN
SANDTON
TEL; 245 4000
FAX; 245 4100
EMAIL","011-245 4000, 011-245 4100",TOWERS@LEGHACYHOYELS.CO.ZA,
ALBA GAS & WELDING,"TEL:
011-472 5700
FAX:
011-472 5703
EMAIL:
accounts@albagas.co.za
TRADE HEADING
GAS SUPPLIERS","472 5700
FAX; 472 5703
EMAIL","011-472 5700, 011-472 5703",accounts@albagas.co.za,
LINDEN GLASS WORKS,"ADDRESS:
62 6TH STREET
LINDEN
JOHANNESBURG
TEL:
011-782 9246
FAX:
011-888 8717
EMAIL:
LINDENMIRROR@GMAIL.COM
TRADE HEADING
GLASS FIBRE","62 6TH STREET
LINDEN
JOHANNESBURG
TEL; 782 9246
FAX; 888 8717
EMAIL","011-782 9246, 011-888 8717",LINDENMIRROR@GMAIL.COM,
BENSTORE (PTY) LTD,"ADDRESS:
24 GOLDEN DRIVE
MOREHILL
BENONI
TEL:
011-425 2420
EMAIL:
benstore.sally@gmail.com
TRADE HEADING
WRAEHOUSES","24 GOLDEN DRIVE
MOREHILL
BENONI
TEL; 425 2420
EMAIL",011-425 2420,benstore.sally@gmail.com,
SHALOM KIDS,"ADDRESS:
26 FINALY STREET
SASOLBURG
TEL:
016-976 4507
FAX:
016-976 4507
TRADE HEADING
NURSERY SCHOOLS","26 FINALY STREET
SASOLBURG
TEL; 976 4507
FAX; 976 4507
TRADE HEADING
NURSERY SCHOOLS","016-976 4507, 016-976 4507",,
LUNA TRAVEL,"ADDRESS:
FREDMAN TOWERS
13 FREDMAN DRIVE
SANDOWN 
SANDTON
TEL:
011-883 9878
FAX:
011-783 2723
EMAIL:
TRAVEL AGENCY
TRADE HEADING","13 FREDMAN DRIVE
SANDOWN 
SANDTON
TEL; 883 9878
FAX; 783 2723
EMAIL","011-883 9878, 011-783 2723",,
BUZZ AROUND,"ADDRESS:
57 CAMELFORD ROAD
NEW REDRUTH
ALBERTON
JOHANNESBURG
TEL:
011-869 4825
FAX:
086-112 2233
EMAIL:
info@buzzaround.co.za
TRADE HEADING
IRON & STEEL PRODUCTION","57 CAMELFORD ROAD
NEW REDRUTH
ALBERTON
JOHANNESBURG
TEL; 869 4825
FAX; 112 2233
EMAIL","011-869 4825, 086-112 2233",info@buzzaround.co.za,
INTERTEK GOVERNMENT SERVICES,"ADDRESS:
96 G VAN DYK SECURE B/PARK VAN DYK ROAD
BOKSBURG EAST
TEL:
011-914 4044
FAX:
011-914 4217
EMAIL:
tammy.debeer@intertek.com
TRADE HEADING
IMPORT & EXPORT SERVICES","96 G VAN DYK SECURE B; 914 4044
FAX; 914 4217
EMAIL","011-914 4044, 011-914 4217",tammy.debeer@intertek.com,
M K RECYCLING CC.,"ADDRESS:
KNOLE PARK
15 PARK ROAD
OTTERY
TEL:
021-704 6805
EMAIL:
laneesa@yahoo.com
TRADE HEADING
SCRAP DEALERS","15 PARK ROAD
OTTERY
TEL; 704 6805
EMAIL",021-704 6805,laneesa@yahoo.com,
"WOOD""S WAREHOUSING (PTY) LTD","ADDRESS:
RAND AIRPORT ROAD
GOSFORTH PARK
GERMISTON
TEL:
011-869 0370
FAX:
011-907 9591
EMAIL:
pieterj@woodwarehouse.co.za
TRADE HEADING
WAREHOUSES","869 0370
FAX; 907 9591
EMAIL","011-869 0370, 011-907 9591",pieterj@woodwarehouse.co.za,
OZALID,"ADDRESS:
44 FORGE ROAD
SPARTAN
KEMPTON PARK
TEL:
011-394 2101
EMAIL:
vanessav@ozalid.co.za
TRADE HEADING
DRAWING OFFICE SUPPLIERS","44 FORGE ROAD
SPARTAN
KEMPTON PARK
TEL; 394 2101
EMAIL",011-394 2101,vanessav@ozalid.co.za,
OLA MILKY LANE ALBERTON,"ADDRESS:
SHOP L 25
CNR VOORTREKKER & DU PLESSIS
ALBERTON
TEL:
011-869 9612
EMAIL:
oml-alberton@laysholdings.co.za
TRADE HEADING
ICE CREAM SUPPLIES","25
CNR VOORTREKKER ; 869 9612
EMAIL",011-869 9612,oml-alberton@laysholdings.co.za,
LA INTRONET,"ADDRESS:
3A 5TH AVENUE
RIVONIA
SANDTON
TEL:
011-234 1159
EMAIL:
info@laintronet.co.za
TRADE HEADING
PERSONNEL CONSULTANTS","234 1159
EMAIL",011-234 1159,info@laintronet.co.za,
BCD NTRAVEL,"ADDRESS:
ISLE OF HOUGHTON OLD TRAFFORD
4 BOUNDRY ROAD
HOUGHTON
JOHANNESBURG
TEL:
011-274 4000
FAX:
011-484 2421
EMAIL:
islabel.pieterse@bcdtravel.co.za
TRADE HEADING
TRAVEL AGENTS","4 BOUNDRY ROAD
HOUGHTON
JOHANNESBURG
TEL; 274 4000
FAX; 484 2421
EMAIL","011-274 4000, 011-484 2421",islabel.pieterse@bcdtravel.co.za,
3 Q  CONCRETE HOLDINGS (PTY) LTD,"ADDRESS:
22 WATERVAL AVENUE
RUSTENBURG
GAUTENG
TEL:
014-592 2202
FAX:
014-592 3722
EMAIL:
sandra@qconcrete.co.za
TRADE HEADING
READY MIX CONCRETE","22 WATERVAL AVENUE
RUSTENBURG
GAUTENG
TEL; 592 2202
FAX; 592 3722
EMAIL","014-592 2202, 014-592 3722",sandra@qconcrete.co.za,
CUBIC ICE,"PHYSICAL ADDRESS

Building 10/Royal Troon Building
Fourways Golf Park
Roos Street
Fourways
Sandton
POSTAL ADDRESS

Private Bag X140
Bryanston
2021
South Africa
Tel: 
+27 11 705 2545
CELL:
082 40","140
Bryanston
2021
South Africa
Tel; 27 11 705 2545
CELL; 082 40","+27 11 705 2545, 082 40",,
VAAL TRANSFORMERS,"ADDRESS:
27 SPENCE STREET
DUNCANVILLE
VEREENIGING
TEL:
016-423 3233
FAX:
086-582 0642
EMAIL:
vaaltransformers@eject.co.za
TRADE HEADING
GENERATORS & ACCESSORIES","27 SPENCE STREET
DUNCANVILLE
VEREENIGING
TEL; 423 3233
FAX; 582 0642
EMAIL","016-423 3233, 086-582 0642",vaaltransformers@eject.co.za,
LUBRICATION EQUIPMENT (PTY0 LTD,"ADDRESS:
6 LIEBENBURG STREET
ALRODE SOUTH
ALBERTON
TEL:
011-864 5785
FAX:
011-864 8231
EMAIL:
pierre@lubricationequipment.co.za
TRADE HEADING
LUBRICANTING EQUIPMENT","6 LIEBENBURG STREET
ALRODE SOUTH
ALBERTON
TEL; 864 5785
FAX; 864 8231
EMAIL","011-864 5785, 011-864 8231",pierre@lubricationequipment.co.za,
LAKAMA ACCOMMODATION,"ADDRESS:
KOMATIE POWER STATION
GA-NALA
VANDYSDRIF
TEL:
013-295 3663
FAX:
013-295 3528
TRADE HEADING
ACCOMMODATION","295 3663
FAX; 295 3528
TRADE HEADING
ACCOMMODATION","013-295 3663, 013-295 3528",,
HEAD-QUARTERS,"ADDRESS:
9 CARRIAGE CLOSE
CROWN MINES
JOHANNESBURG
TEL:
011-839 0009
FAX:
011-839 0015
EMAIL:
admin@headquarters.co.za
TRADE HEADING
BEAUTY SUPPLIES","9 CARRIAGE CLOSE
CROWN MINES
JOHANNESBURG
TEL; 839 0009
FAX; 839 0015
EMAIL","011-839 0009, 011-839 0015",admin@headquarters.co.za,
FLEXILUBE (PTY) LTD,"ADDRESS:
48 ALBERT WESSELS LANE
SYBRAND VAN NIEKERK PARK
MEYERTON
TEL:
016-362 0343
EMAIL:
irene@flexilube.com
TRADE HEADING
LUBRICANTS","48 ALBERT WESSELS LANE
SYBRAND VAN NIEKERK PARK
MEYERTON
TEL; 362 0343
EMAIL",016-362 0343,irene@flexilube.com,
HEADLINES PUBLIC RELATIONS,"ADDRESS:
36 KNOX STREET
WAVERLEY
JOHANNESBURG
TEL:
011-887 3422
EMAIL:
norma@headlines.co.za
TRADE HEADING
PUBLIC RELATIONS CONSLTANTS","36 KNOX STREET
WAVERLEY
JOHANNESBURG
TEL; 887 3422
EMAIL",011-887 3422,norma@headlines.co.za,
CORPORATE COMMUNICATION CONSULTANTS,"ADDRESS:
BALLYWOOD OFFICE PARK
FAIRWOOD HOUSE
BALLYCLARE DRIVE
BRYANSTON
SANDTON
TEL:
011-463 2198
FAX:
011-463 2170
EMAIL:
chantal@corpcom.co.za
TRADE HEADING
PUBLIC RELATIONS CONSULTANTS","463 2198
FAX; 463 2170
EMAIL","011-463 2198, 011-463 2170",chantal@corpcom.co.za,
GAINT LEAP WORKSPACE SPECIALIST,"ADDRESS:
20 CHAPLIN ROAD
ILOVO
SANDTON
TEL:
011-880 1490
FAX:
011-880 1493
EMAIL:
creditors@leap.co.za
TRADE HEADING
DESIGN CONSULTANTS SERVICES","20 CHAPLIN ROAD
ILOVO
SANDTON
TEL; 880 1490
FAX; 880 1493
EMAIL","011-880 1490, 011-880 1493",creditors@leap.co.za,
METALS CENTRE,"ADDRESS:
UNIT C1 JOHN STREET
SELBY
JOHANNESBURG
TEL:
011-493 4930
FAX:
011-493 4941
EMAIL:
metalscc@mweb.co.za
TRADE HEADING
ALUMINIUM PRODUCTS","1 JOHN STREET
SELBY
JOHANNESBURG
TEL; 493 4930
FAX; 493 4941
EMAIL","011-493 4930, 011-493 4941",metalscc@mweb.co.za,
HLANGANANI EZWENI TRADING & PROJECTS,"ADDRESS:
GOLDMAN ROAD
OFFICE 2A
TEL:
011-472 4213
FAX:
011-472 4701
EMAIL:
priscella@hlanganani.com
WEBSITE:
www.hlangananieweni.com
TRADE HEADING
ENGINEERS","472 4213
FAX; 472 4701
EMAIL","011-472 4213, 011-472 4701",priscella@hlanganani.com,
BRANO SALES & DISTRIBUTION (WEST RAND),"ADDRESS:
ONDEKKERS ROAD
ROODEPOORT
TEL:
011-760 5773
FAX:
011-760 5774
EMAIL:
sales2@wrand.brano.co.za
TRADE HEADING
INTERCOM SYSTEMS","760 5773
FAX; 760 5774
EMAIL","011-760 5773, 011-760 5774",sales2@wrand.brano.co.za,
CAPACITY OUTSOURCING (RUSTENBURG),"ADDRESS:
195 Kock St
Rustenburg
TEL:

014 5940993
TRADE HEADING
PERSONNEL CONSULTANTS","195 Kock St
Rustenburg
TEL; 014 5940993
TRADE HEADING
PERSONNEL CONSULTANTS",014 5940993,,
CAPACITY OUTSOURCING (PTY) LTD (JOHANNESBURG),"ADDRESS:
9 THE STAR
47 SAUER ST
JOHANNESBURG 
TEL:
011 8321735
TRADE HEADING
PERSONNEL CONSULTANTS","9 THE STAR
47 SAUER ST
JOHANNESBURG 
TEL; 011 8321735
TRADE HEADING
PERSONNEL CONSULTANTS",011 8321735,,
CAPACITY OUTSOURCING (PTY) LTD DIV OF ADORP (TRICHARDT),"ADDRESS:
1 RUTH FIRST ST
 TRICHARDT
TEL:

017 6380270
TRADE HEADING
PERSONNEL CONSULTANTS","1 RUTH FIRST ST
 TRICHARDT
TEL; 017 6380270
TRADE HEADING
PERSONNEL CONSULTANTS",017 6380270,,
CAPACITY OUTSOURCING (HEAD OFFICE),"ADDRESS:

Labour Hire Contracts ShareCall
 BOLAND & WEST COAST
TEL:

0860 227224
EMAIL:
esterf@capacity.co.za
WEBSITE:
www.capacity.co.za
TRADE HEADING
PERSONNEL CONSULTANTS","0860 227224
EMAIL",0860 227224,esterf@capacity.co.za,
AFRIGRIT,"ADDRESS:
34 VAN ECK STREET
FERROBANK
EMALAHLENI

TEL:
013-699 0314
FAX:
013-699 9425
EMAIL:
sales@afrigrit.co.za
TRADE HEADING
READY MIX CONCRETE","34 VAN ECK STREET
FERROBANK
EMALAHLENI

TEL; 699 0314
FAX; 699 9425
EMAIL","013-699 0314, 013-699 9425",sales@afrigrit.co.za,
G G I COMMUNICATION,"ADDRESS:
51 WEST STREET
HOUGHTON
JOHANNESBURG
TEL:
011-728 1363
FAX:
011-728 6613
TRADE HEADING
PUBLIC RELATIONS CONSULTANTS","51 WEST STREET
HOUGHTON
JOHANNESBURG
TEL; 728 1363
FAX; 728 6613
TRADE HEADING
PUBLIC RELATIONS CONSULTANTS","011-728 1363, 011-728 6613",,
ROCKWELL AUTOMATION,"ADDRESS:
RIVERVIEW PARK JANADEL AVENUE
HALFWAY GARDEN
MIDRAND
TEL:
011-654 9700
FAX:
011-654 9701
TRADE HEADING
AUTOMATION","654 9700
FAX; 654 9701
TRADE HEADING
AUTOMATION","011-654 9700, 011-654 9701",,
LUBRICATION MANGMENT,"ADDRESS:
373 PRICE GEORGE AVENUE
BRAKPAN
TEL:
011-740 0066
FAX:
086-685 7765
TRADE HEADING
LUBRICANTING EQUIPMENT","373 PRICE GEORGE AVENUE
BRAKPAN
TEL; 740 0066
FAX; 685 7765
TRADE HEADING
LUBRICANTING EQUIPMENT","011-740 0066, 086-685 7765",,
TRANS NATAL CUT GLASS MANUFACTURERS,"ADDRESS:
185 VOORTREKKER ROAD
FACTORIA
KRUGERSDORP
TEL:
011-955 4471
EMAIL:
carol@transnatal.co.za
TRADE HEADING
GLASS","185 VOORTREKKER ROAD
FACTORIA
KRUGERSDORP
TEL; 955 4471
EMAIL",011-955 4471,carol@transnatal.co.za,
COLORSCREEN SUPPLIERS GAUTENG (PTY) LTD,"ADDRESS:
126 FORSMAN CLOSE
UNIT 16 KYALAMI HEIGHTS
BARBEQUE DOWNS
KAYALAMI
TEL:
011-262 2715
FAX:
011-262 2467
EMAIL:
nathan@colorscreen.co.za
TRADE HEADING
SCREEN PRINTING SUPPLIERS","126 FORSMAN CLOSE
UNIT 16 KYALAMI HEIGHTS
BARBEQUE DOWNS
KAYALAMI
TEL; 262 2715
FAX; 262 2467
EMAIL","011-262 2715, 011-262 2467",nathan@colorscreen.co.za,
J D FUNERAL PARLOUR,"ADDRESS:
241 MMKAU STREET
MALAPO
SOWETO
TEL:
011-986 1003
FAX:
011-984 4218
TRADE HEADING
FUNERAL DIRECTORS","241 MMKAU STREET
MALAPO
SOWETO
TEL; 986 1003
FAX; 984 4218
TRADE HEADING
FUNERAL DIRECTORS","011-986 1003, 011-984 4218",,
MED INFOMATION SYSTEM (PTY) LTD,"ADDRESS:
7 ENGEL AVENUE
GLENVISTA
JOHANNESBURG
TEL:
011-682 8030
EMAIL:
maureen@medif.co.za
TRADE HEADING
INFOMATION SERVICES","7 ENGEL AVENUE
GLENVISTA
JOHANNESBURG
TEL; 682 8030
EMAIL",011-682 8030,maureen@medif.co.za,
QUALITY LIFE,"ADDRESS:
46 8 AVENUE
PARK NORTH
JOHANNESBURG
TEL:
011-880 9749
FAX:
011-880 2785
TRADE HEADING
INFORMATION SERVICES","46 8 AVENUE
PARK NORTH
JOHANNESBURG
TEL; 880 9749
FAX; 880 2785
TRADE HEADING
INFORMATION SERVICES","011-880 9749, 011-880 2785",,
LIMORIDE.,"ADDRESS:
1 BOEING ROAD
BEDVIEW
JOHANNESBURG
GAUTENG
CELL:
072 373 7133
082 966 8113
EMAIL:
limorite@gmail.com
TRADE HEADING
LIMOUSINE-HIRE","1 BOEING ROAD
BEDVIEW
JOHANNESBURG
GAUTENG
CELL; 072 373 7133
082 966 8113
EMAIL","072 373 7133
082 966 8113",limorite@gmail.com,
OMSA VALVE & INSTRUMENTATION,"ADDRESS:
OMSA HOUSE
RABIE STREET
FONTAINEBLEAU
RANDBURG
TEL:
011-793 7421
EMAIL:
marco@omsa.co.za
TRADE HEADING
LUBRICANTING EQUIPMENT","793 7421
EMAIL",011-793 7421,marco@omsa.co.za,
D & A POWER PRODUCTS (PTY) LTD,"ADDRESS:
SERENADE ROAD
ELANDSFONTEIN
GERMISTON
TEL:
011-828 0370
FAX:
011-828 0736
EMAIL:
idap@d-a.co.za
TRADE HEADING
DIESEL ENGINEERS","828 0370
FAX; 828 0736
EMAIL","011-828 0370, 011-828 0736",idap@d-a.co.za,
SEBENZA FOWARDING SHIPPING (PTY) LTD,"ADDRESS:
16 SPANNER ROAD
SPARTAN
KEMPTON PARK
TEL:
011-571 0600
FAX:
011-970 3638
EMAIL:
tmaloka@sebenza.co.za
TRADE HEADING
FREIGHT FORWARDING","16 SPANNER ROAD
SPARTAN
KEMPTON PARK
TEL; 571 0600
FAX; 970 3638
EMAIL","011-571 0600, 011-970 3638",tmaloka@sebenza.co.za,
H & S TIMBER (PTY) LTD,"ADDRESS:
14 WILSTEAD STREET
BENONI
TEL:
011-422 3223
FAX:
011-421 3810
EMAIL:
carol@hstimbers.co.za
TRADE HEADING
JOINERY MANUFACTURERS","14 WILSTEAD STREET
BENONI
TEL; 422 3223
FAX; 421 3810
EMAIL","011-422 3223, 011-421 3810",carol@hstimbers.co.za,
RELIABLE TRANSFORMERS,"ADDRESS:
17 LINCOLN ROAD
ATLAS INDS PARK
BENONI SOUTH
JOHANNESBURG
TEL:
011-421 2333
FAX:
011-421 3446
EMAIL:
info@reotrans.co.za
TRADE HEADING
generatiors & accessories","17 LINCOLN ROAD
ATLAS INDS PARK
BENONI SOUTH
JOHANNESBURG
TEL; 421 2333
FAX; 421 3446
EMAIL","011-421 2333, 011-421 3446",info@reotrans.co.za,
ISOVER,"ADDRESS:
IRON ROAD
NEW ERA
SPRINGS
JOHANNESBURG
TEL:
012-657 2800
EMAIL:
kreesan.peters@saintgobain.com
TRADE HEADING
INSULATION INSTALLATIONS","657 2800
EMAIL",012-657 2800,kreesan.peters@saintgobain.com,
GERHAD MULDER GEOTECHNICAL CONSULTANTS,"ADDRESS:
5 LAVER STREET
MIDDLEBURG
TEL:
013-282 4672
FAX:
013-243 2570
EMAIL:
geotech@mweb.co.za
TRADE HEADING
ARCHAEOLOGICAL SURVEYS","5 LAVER STREET
MIDDLEBURG
TEL; 282 4672
FAX; 243 2570
EMAIL","013-282 4672, 013-243 2570",geotech@mweb.co.za,
SLATER HEALTH FITNESS CLUB.,"ADDRESS:
CNR UMTATA & BASHY STREET
THREE RIVERS
VEREENING
TEL:
016-423 1229
FAX:
016-423 1229
EMAIL:
threeriver@salatergyms.co.za
TRADE HEADING
HEALTH CLUB EQUIPMENT","423 1229
FAX; 423 1229
EMAIL","016-423 1229, 016-423 1229",threeriver@salatergyms.co.za,
ASSOCIATED SYSTEMS,"ADDRESS:
385 ELMOT ROAD
INDUSTRIA NORTH
FLORIDA
JOHANNESBURG
TEL:
011-477 2572
FAX:
011-673 8325
TRADE HEADING
AUTOMATION","385 ELMOT ROAD
INDUSTRIA NORTH
FLORIDA
JOHANNESBURG
TEL; 477 2572
FAX; 673 8325
TRADE HEADING
AUTOMATION","011-477 2572, 011-673 8325",,
HIGH PRESSURE SYSTEM CC,"ADDRESS:
3 MIDLEY ROAD
HUGHES
BOKSBURG
TEL:
011-571 7300
FAX:
011-397 44808
TRADE HEADING
TANK SUPPLIERS","3 MIDLEY ROAD
HUGHES
BOKSBURG
TEL; 571 7300
FAX; 397 44808
TRADE HEADING
TANK SUPPLIERS","011-571 7300, 011-397 44808",,
BRIAN VILJOEN & PARTNERS,"ADDRESS:
1 / 213 AUSTIN ROAD
GLEN AUSTIN
MIDRAND
TEL:
011-314 4677
FAX:
011-314 4879
EMAIL:
gerda@brianviljoen.co.za
TRADE HEADING
LAND SURVEYORS","213 AUSTIN ROAD
GLEN AUSTIN
MIDRAND
TEL; 314 4677
FAX; 314 4879
EMAIL","011-314 4677, 011-314 4879",gerda@brianviljoen.co.za,
REBECCA\'S BEAUTY SALON.,"ADDRESS:
BRYAN PARK SHOPPING CENTRE
GROSVENOR ROAD
BRYANSTON
SANDTON
TEL:
011-706 8164
EMAIL:
rebeccakumalo.m@gmail.com
TRADE HEADING
BEAUTY SALON","706 8164
EMAIL",011-706 8164,rebeccakumalo.m@gmail.com,
TIRELO SUPERMARKET,"ADDRESS:
40 PRESIDENT STREET
KRUGERSDORP
MOGALE CITY
TEL:
011-665 2484
EMAIL:
pranash.pillaya@gmail.com
TRADE HEADING
discount stores","40 PRESIDENT STREET
KRUGERSDORP
MOGALE CITY
TEL; 665 2484
EMAIL",011-665 2484,pranash.pillaya@gmail.com,
THERABEAUTIC SKIN & BODY CLINIC.,"ADDRESS:
CAMBRIDGE CROSSING SHOPPING CENTRE C/O WITKOPPEN ID & STONEHAVEN PAULSHOF
SANDTON
TEL:
011-803 4411
EMAIL:
sandy@therabeautics.co.za
TRADE HEADING
BEAUTY SALON","803 4411
EMAIL",011-803 4411,sandy@therabeautics.co.za,
PROLUBE MARKETING CC,"ADDRESS:
SMITH ROAD
ROODEKOP
GERMISTON
TEL:
011-866 1460
EMAIL:
prolube@netactive.co.za
TRADE HEADING
LUBRICANTING EQUIPMENT","866 1460
EMAIL",011-866 1460,prolube@netactive.co.za,
TALISMAN PLANT & TOOL HIRE SECUNDA (PTY) LTD,"ADDRESS:
SCHEEPERS STREET
PRO-VST BUILDING 
SECUNDA
TEL:
017-631 1649
FAX:
017-634 4607
TRADE HEADING
LIGHTING HIRE","631 1649
FAX; 634 4607
TRADE HEADING
LIGHTING HIRE","017-631 1649, 017-634 4607",,
TECHNILUBE CC,"ADDRESS:
76 12TH KEW
JOHANNESBURG
TEL:
011-887 1923
FAX:
086-500 6777
EMAIL:
accounts@techilube.co.za
TRADE HEADING
LUBRICANTS","76 12TH KEW
JOHANNESBURG
TEL; 887 1923
FAX; 500 6777
EMAIL","011-887 1923, 086-500 6777",accounts@techilube.co.za,
DYNAMIC SOLUTION STAFFING,"ADDRESS:
7 ELM STREET
MARAIS STEYNPARK
EDENVALE
TEL:
011-452 1768
EMAIL:
info@dynamicstaffing.co.za
TRADE HEADING
PERSONNEL CONSULTANTS","7 ELM STREET
MARAIS STEYNPARK
EDENVALE
TEL; 452 1768
EMAIL",011-452 1768,info@dynamicstaffing.co.za,
PHILLIPS POWERHOUSE DICTATION SYSTEMS,"ADDRESS:
1ST FLOOR AUTO PARK HOUSE
13 PARKS CRESCENT
ENGLAND HAZEL
TEL:
011-887 1056
FAX:
086-555 3833
TRADE HEADING
OFFICE EQUIPMENT SUPPLIERS","13 PARKS CRESCENT
ENGLAND HAZEL
TEL; 887 1056
FAX; 555 3833
TRADE HEADING
OFFICE EQUIPMENT SUPPLIERS","011-887 1056, 086-555 3833",,
SPRINGBOK USED MOTOR PARTS SUMP (PTY) LTD,"ADDRESS:
1 ERMELO ROAD
SPRINGS
GAUTENG
TEL:
011-811 6666
FAX:
011-811 5661
EMAIL:
hr@sump.co.za
WEBSITE:
www.sumo.co.za
TRADE HEADING
CAR PARTS","1 ERMELO ROAD
SPRINGS
GAUTENG
TEL; 811 6666
FAX; 811 5661
EMAIL","011-811 6666, 011-811 5661",hr@sump.co.za,
KHIXI BUSINESS ENTERPRICE,"ADDRESS:
BLOCK UU
SOSHANGUVE
CELL:
083 605 5071
EMAIL:
khi@ibusinessenterprice.yahoo.com
TRADE HEADING
SANITARY HYGIEN PRODUCTS","083 605 5071
EMAIL",083 605 5071,khi@ibusinessenterprice.yahoo.com,
C J BUILDING CONSTRUCTION,"ADDRESS:
1 CILLERS STREET
SUIDEROOD
JOHANNESBURG
GAUTENG
2001
CELL:
083 990 5430
EMAIL:
admin@cjbuilding.co.za
WEBSITE:
www.cjbuilding.co.za
TRADE HEADING
BUILDING CONTRACTORS","1 CILLERS STREET
SUIDEROOD
JOHANNESBURG
GAUTENG
2001
CELL; 083 990 5430
EMAIL",083 990 5430,admin@cjbuilding.co.za,
COMMERCIAL SHEARING (PTY) LTD,"ADDRESS:
10 DARTFIELD ROAD
JET PARK
BOKSBURG
TEL:
011-397 4264
FAX:
011-397 3114
EMAIL:
accounts@commercialshearing.co.za
TRADE HEADING
HYDRAULIC SERVICES","10 DARTFIELD ROAD
JET PARK
BOKSBURG
TEL; 397 4264
FAX; 397 3114
EMAIL","011-397 4264, 011-397 3114",accounts@commercialshearing.co.za,
UNIQUE PERSONNEL (PTY) LTD,"ADDRESS:
8 THISTLE ROAD
KEMPTON PARK
TEL:
011-970 3166
EMAIL:
steve@unique.co.za
TRADE HEADING
PERSONNEL CONSULTANTS","8 THISTLE ROAD
KEMPTON PARK
TEL; 970 3166
EMAIL",011-970 3166,steve@unique.co.za,
SIYAHAMBA ENGINEERING (PTY) LTD,"ADDRESS:
196 LAMP ROAD
WADEVILLE
GERMISTON
TEL:
011-824 2183
FAX:
011-824 0080
EMAIL:
ntswaki@siyahamba.co.za
TRADE HEADING
RAIL TRANSPORT","196 LAMP ROAD
WADEVILLE
GERMISTON
TEL; 824 2183
FAX; 824 0080
EMAIL","011-824 2183, 011-824 0080",ntswaki@siyahamba.co.za,
J C P STEEL SUPPLIES ( PTY) LTD,"ADDRESS:
4TH AVENUE & 3RD STREET
VORSTERSKROON
NIGEL
TEL:
011-814 1898
FAX:
011-814 2166
EMAIL:
renitia@jcpsteel.co.za
TRADE HEADING
IRON & STEEL PRODUCTS","814 1898
FAX; 814 2166
EMAIL","011-814 1898, 011-814 2166",renitia@jcpsteel.co.za,
MOSEC ELECTRICAL.,"ADDRESS:
1060 MPOPHOMA STREET
KLIPFONTEIN
MIDRAND
CELL:
078 386 1578
FAX:
086-515 6945
EMAIL:
tiny@mosec.co.za
TRADE HEADING
ELECTRICIANS","1060 MPOPHOMA STREET
KLIPFONTEIN
MIDRAND
CELL; 078 386 1578
FAX; 515 6945
EMAIL","078 386 1578, 086-515 6945",tiny@mosec.co.za,
BULI'S HYGIENE CHEMICALS,"ADDRESS:
SETSENG S CENTRE
MOKOENA STREET
TOKOZA
TEL:
011-905 2808
FAX:
011-905 2808
TRADE HEADING
SANTARY HYGIEN PRODUCTS","905 2808
FAX; 905 2808
TRADE HEADING
SANTARY HYGIEN PRODUCTS","011-905 2808, 011-905 2808",,
LUBREQUIP VAAL (PTY) LTD,"ADDRESS:
7 TROOST STREET
DUNCANVILLE
VEREENIGING
TEL:
016-421 4646
EMAIL:
lubevaal@compumail.co.za
TRADE HEADING
HYDRAULIC SERVICES","7 TROOST STREET
DUNCANVILLE
VEREENIGING
TEL; 421 4646
EMAIL",016-421 4646,lubevaal@compumail.co.za,
TOPPRO PLACEMNETS CC,"ADDRESS:
267 OAK AVENUE
FERNDALE
RANDBURG
TEL:
011-789 9480
FAX:
086-584 7222
TRADE HEADING
PERSONNEL CONSULTANTS","267 OAK AVENUE
FERNDALE
RANDBURG
TEL; 789 9480
FAX; 584 7222
TRADE HEADING
PERSONNEL CONSULTANTS","011-789 9480, 086-584 7222",,
LARA TRAVEL (PTY) LTD,"ADDRESS:
THE GLEN CENTRE
BOUNDRY ROAD
OAKDENE
JOHANNESBURG
TEL:
011-435 6742
FAX:
011-435 6731
EMAIL:
lara@laratravel.co.za
TRADE HEADING
TRAVEL AGENTS","435 6742
FAX; 435 6731
EMAIL","011-435 6742, 011-435 6731",lara@laratravel.co.za,
MAIN SCRAP & MACHINERY CC,"ADDRESS:
1818 KENNIS ROAD
ELANDSFONTEIN
GERMISTON
TEL:
011-974 3285
FAX:
011-974 3206
TRADE HEADING
SCRAP DEALERS","1818 KENNIS ROAD
ELANDSFONTEIN
GERMISTON
TEL; 974 3285
FAX; 974 3206
TRADE HEADING
SCRAP DEALERS","011-974 3285, 011-974 3206",,
DAY 1 HEALTYH (PTY) LTD,"ADDRESS:
54 PETER PLACE
BRYANSTON
SANDTON
TEL:
086-111 3513
FAX:
011-463 0600
EMAIL:
richard@day1.co.za
TRADE HEADING
HEALTH INSURANCE","54 PETER PLACE
BRYANSTON
SANDTON
TEL; 111 3513
FAX; 463 0600
EMAIL","086-111 3513, 011-463 0600",richard@day1.co.za,
WORLD ENGINE & TRANSMISSION,"ADDRESS:
7 KRUPP STREET
VANDERBIJILPARK NW 7
VANDERBIJILPARK
TEL:
016-986 2196
FAX:
016-986 1899
EMAIL:
info@worldengine.co.za
TRADE HEADING
DIESEL ENGINEERING","7 KRUPP STREET
VANDERBIJILPARK NW 7
VANDERBIJILPARK
TEL; 986 2196
FAX; 986 1899
EMAIL","016-986 2196, 016-986 1899",info@worldengine.co.za,
SOUTHEY CONTRACTING,"ADDRESS:
8 GERMINI STREET
RIVONIA
SANDTON
TEL:
011-579 4600
FAX:
011-579 4638
EMAIL:
wbam@southey.co.za
TRADE HEADING
INSULATION INSTALLERS","8 GERMINI STREET
RIVONIA
SANDTON
TEL; 579 4600
FAX; 579 4638
EMAIL","011-579 4600, 011-579 4638",wbam@southey.co.za,
MACSTEEL REINFORCING,"ADDRESS:
14 WOLVERHAMPTON STREET
APEX
BENONI
TEL:
011-845 9600
FAX:
011-421 4426
TRADE HEADING
WIRE PRODUCTS","14 WOLVERHAMPTON STREET
APEX
BENONI
TEL; 845 9600
FAX; 421 4426
TRADE HEADING
WIRE PRODUCTS","011-845 9600, 011-421 4426",,
TRUFORM CHEMICALS (PTY) LTD,"ADDRESS:
31 GEMSBOK STREET
KOEDOESPOORT
PRETORIA
TEL:
011-333 0121
FAX:
011-333 0189
TRADE HEADING
LAUNDRY EQUIPMENT","31 GEMSBOK STREET
KOEDOESPOORT
PRETORIA
TEL; 333 0121
FAX; 333 0189
TRADE HEADING
LAUNDRY EQUIPMENT","011-333 0121, 011-333 0189",,
THORNY BUSH GAME LODGE,"ADDRESS:
CNR OF RIVONIA BOULERVARD & MUTUAL ROAD
RIVONIA VILLAGE
TEL:
011-253 6500
FAX:
011-803 7350
EMAIL:
andre@thornybush.co.za
TRADE HEADING
HOTEL ACCOMMODATION","253 6500
FAX; 803 7350
EMAIL","011-253 6500, 011-803 7350",andre@thornybush.co.za,
KAY VEE HIRING,"ADDRESS:
26 HELLIODORE CRESCENT
ENNERDALE
GRASMERE
TEL:
011-855 6613
FAX:
011-855 6613
TRADE HEADING
WEDDING HIRE SERVICES","26 HELLIODORE CRESCENT
ENNERDALE
GRASMERE
TEL; 855 6613
FAX; 855 6613
TRADE HEADING
WEDDING HIRE SERVICES","011-855 6613, 011-855 6613",,
ALPHA CREATIONS,"ADDRESS:
16 SUIKERBOS AVENUE
RANDPARK RIDGE
RANDBURG
TEL:
011-791 7200
EMAIL:
sales@alphacreations.co.za
TRADE HEADING
AQUARIUM & POND SUPPLIES","16 SUIKERBOS AVENUE
RANDPARK RIDGE
RANDBURG
TEL; 791 7200
EMAIL",011-791 7200,sales@alphacreations.co.za,
MONTANA LAUNDRIES & EQUIPMENT,"ADDRESS:
82 RIGGER ROAD
SPANTAN
KEMPTON PARK
TEL:
011-975 1077
FAX:
011-975 3809
TRADE HEADING
LAUNDRY EQUIPMENTS","82 RIGGER ROAD
SPANTAN
KEMPTON PARK
TEL; 975 1077
FAX; 975 3809
TRADE HEADING
LAUNDRY EQUIPMENTS","011-975 1077, 011-975 3809",,
UNLIMITED PROJECTS,"ADDRESS:
41 SAND STREET
SOWETO
CELL:
073 620 9974
FAX:
011-467 1056
TRADE HEADING
DOMESTIC MAINTENANCE & REPAIR SERVICES","41 SAND STREET
SOWETO
CELL; 073 620 9974
FAX; 467 1056
TRADE HEADING
DOMESTIC MAINTENANCE ","073 620 9974, 011-467 1056",,
MIDWAY MICA HARDWARE,"ADDRESS:
MIDWAY MEWS
11TH ROAD
MIDRAND
TEL:
011-805 5095
FAX:
011-315 0469
TRADE HEADING
HARDWARE STORES","805 5095
FAX; 315 0469
TRADE HEADING
HARDWARE STORES","011-805 5095, 011-315 0469",,
HAMMERTONE FUEL,"ADDRESS:
28 GREER STREET
MARYVLEI
BRAKPAN
TEL:
011-737 2910
FAX:
011-737 2906
TRADE HEADING
OIL FUEL DISTRIBUTORS","28 GREER STREET
MARYVLEI
BRAKPAN
TEL; 737 2910
FAX; 737 2906
TRADE HEADING
OIL FUEL DISTRIBUTORS","011-737 2910, 011-737 2906",,
JACUELINE PROUD FOOT,"ADDRESS:
66 1 AVENUE
DUNVEGAN EDENVALE
TEL:
011-453 5019
FAX:
011-453 5019
TRADE HEADING
SHOE MAKERS","66 1 AVENUE
DUNVEGAN EDENVALE
TEL; 453 5019
FAX; 453 5019
TRADE HEADING
SHOE MAKERS","011-453 5019, 011-453 5019",,
VINCENT INDUSTRIAL SUPPLIES (PTY) LTD,"ADDRESS:
48 INDUSTRIAL CRESCENT
WITBANK
TEL:
013-692 8151
FAX:
013-692 8154
TRADE HEADING
DAIRY PRODUCTS","48 INDUSTRIAL CRESCENT
WITBANK
TEL; 692 8151
FAX; 692 8154
TRADE HEADING
DAIRY PRODUCTS","013-692 8151, 013-692 8154",,
EASY SECURITY GAURDS (HEAD OFFICE),"ADDRESS:
4 PEMBROOKE STREET
SYDENHAM
JOHANNESBURG
TEL:
011-640 1654
EMAIL:
judith@easysecurity.co.za
TRADE HEADING
intercom systems","4 PEMBROOKE STREET
SYDENHAM
JOHANNESBURG
TEL; 640 1654
EMAIL",011-640 1654,judith@easysecurity.co.za,
SUPER LIFT SERVICES,"ADDRESS:
22 BARIUM STREET
ALRODE
ALBERTON
TEL:
011-908 4111
FAX:
011-908 4113
EMAIL:
lenora@mweb.co.za
TRADE HEADING
LIFT MANUFACTURES","22 BARIUM STREET
ALRODE
ALBERTON
TEL; 908 4111
FAX; 908 4113
EMAIL","011-908 4111, 011-908 4113",lenora@mweb.co.za,
RIVERSIDE DISTRIBUTORS,"ADDRESS:
6 ROPER STREET
NEW CENTRE
JOHANNESBURG
TEL:
011-493 9346
FAX:
011-493 9292
TRADE HEADING
sanitary hygien products","6 ROPER STREET
NEW CENTRE
JOHANNESBURG
TEL; 493 9346
FAX; 493 9292
TRADE HEADING
sanitary hygien products","011-493 9346, 011-493 9292",,
OPERATIONAL MARKETING (PTY) LTD,"ADDRESS:
30 LYN ROAD
FERNDALE
RANDBURG
TEL:
011-793 5562
EMAIL:
tanya@omsa.co.za
TRADE HEADING
LUBRICANTING EQUIPMENT","30 LYN ROAD
FERNDALE
RANDBURG
TEL; 793 5562
EMAIL",011-793 5562,tanya@omsa.co.za,
AESSEAL,"ADDRESS:
105 MONTE CARLO CENTRE
KYALAMI PARK
MIDRAND
TEL:
011-466 1257
FAX:
011-466 6588
TRADE HEADING
MECHANICAL ENGINEERING","105 MONTE CARLO CENTRE
KYALAMI PARK
MIDRAND
TEL; 466 1257
FAX; 466 6588
TRADE HEADING
MECHANICAL ENGINEERING","011-466 1257, 011-466 6588",,
YATES NATIONAL LUBRICANTS CC,"ADDRESS:
117 BOOYSENS ROAD
JOHANNESBURG
TEL:
011-493 7580
FAX:
011-493 2489
TRADE HEADING
LUBRICANTS","117 BOOYSENS ROAD
JOHANNESBURG
TEL; 493 7580
FAX; 493 2489
TRADE HEADING
LUBRICANTS","011-493 7580, 011-493 2489",,
ENABLE EMPLOYMENT SERVICES (PTY) LTD,"ADDRESS:
LUIPAARD STREET
KRUGERSDORP
TEL:
086-136 2253
FAX:
011-660 1233
TRADE HEADING
PERSONNEL CONSULTANTS","136 2253
FAX; 660 1233
TRADE HEADING
PERSONNEL CONSULTANTS","086-136 2253, 011-660 1233",,
ANICIC HEAVY ENGINEERING (PTY) LTD,"ADDRESS:
13 APEX ROAD
BENONI
JOHANNESBURG
TEL:
011-421 6944
FAX:
011-422 1149
EMAIL:
aniciche@iafrica.com
TRADE HEADING
MECHANICAL ENGINEERING","13 APEX ROAD
BENONI
JOHANNESBURG
TEL; 421 6944
FAX; 422 1149
EMAIL","011-421 6944, 011-422 1149",aniciche@iafrica.com,
HERSCHELL,"ADDRESS:
1 MALTEN STREET
DELVILLE
GERMISTON
TEL:
011-827 5935
FAX:
011-824 2125
EMAIL:
jhb@swift.co.za
TRADE HEADING
LUBRICANTING EQUIPMENT","1 MALTEN STREET
DELVILLE
GERMISTON
TEL; 827 5935
FAX; 824 2125
EMAIL","011-827 5935, 011-824 2125",jhb@swift.co.za,
KLUBER LUBRICANTION (PTY) LTD,"ADDRESS:
12C BARIUM STREET
ALRODE
ALBERTON
TEL:
011-908 2457
FAX:
011-864 7373
EMAIL:
sandra.koen@za.kluber.com
TRADE HEADING
LUBRICANTS","908 2457
FAX; 864 7373
EMAIL","011-908 2457, 011-864 7373",sandra.koen@za.kluber.com,
MARTINS FUNERAL SERVICES.,"ADDRESS:
46 A SENATOR MARK STREET
VEREENIGING
TEL:
016-455 1263
EMAIL:
dkmka@telkomsa.net
TRADE HEADING
FUNERAL SERVICES","46 A SENATOR MARK STREET
VEREENIGING
TEL; 455 1263
EMAIL",016-455 1263,dkmka@telkomsa.net,
FIRE PROTECTION ASSN OF SA,"ADDRESS:
105 SPRINGBOK ROAD
BARLETT
BOKSBURG
TEL:
011-397 1618
FAX:
011-397 1160
EMAIL:
accounts@fpasa.co.za
TRADE HEADING
FIRE SAFETY SERVICES","105 SPRINGBOK ROAD
BARLETT
BOKSBURG
TEL; 397 1618
FAX; 397 1160
EMAIL","011-397 1618, 011-397 1160",accounts@fpasa.co.za,
GOLD & FINANCE (SANDTON),"ADDRESS:
THE FORUM BUILDING
2 MAUDE STREET
SANDTON
TEL:
011-883 9972
FAX:
011-883 9974
EMAIL:
info@gddfin.co.za
TRADE HEADING
JEWELLERS SERVICES","2 MAUDE STREET
SANDTON
TEL; 883 9972
FAX; 883 9974
EMAIL","011-883 9972, 011-883 9974",info@gddfin.co.za,
TSHEPO-THEMBA ENGINEERING (PTY) LTD,"ADDRESS:
138 MAIN REEF ROAD
MANUFACTA
ROODEPORT
TEL:
011-271 6880
EMAIL:
k.vdberg@tshepo-themba.co.za
TRADE HEADING
SAFETY SERVICES","138 MAIN REEF ROAD
MANUFACTA
ROODEPORT
TEL; 271 6880
EMAIL",011-271 6880,k.vdberg@tshepo-themba.co.za,
PRESS DYNAMIK (PTY) LTD,"ADDRESS:
LINBRO BUSINESS PARK
42 MILKY WAY AVENUE
LINBRO PARK
JOHANNESBURG
TEL:
011-608 4429
FAX:
011-608 4430
EMAIL:
willemien@pressdynamik.co.za
TRADE HEADING
SHEET METAL WORKS SERVICES","42 MILKY WAY AVENUE
LINBRO PARK
JOHANNESBURG
TEL; 608 4429
FAX; 608 4430
EMAIL","011-608 4429, 011-608 4430",willemien@pressdynamik.co.za,
ADVANCED FIRE SUSPRESSION TECHNOLOGIES,"ADDRESS:
39 A LOUIS TRICHARDT STREET
ALBERTON
TEL:
011-869 2142
EMAIL:
admin@advancedfst.co.za
TRADE HEADING
FIRE SAFETY SERVICES","39 A LOUIS TRICHARDT STREET
ALBERTON
TEL; 869 2142
EMAIL",011-869 2142,admin@advancedfst.co.za,
FOURNOS BAKERY,"ADDRESS:
187 DUNKELD ROAD
DUNKELD CENTRE
ROSEBANK
JOHANNESBURG
TEL:
011- 771 2500
FAX:
011-325 2096
TRADE HEADING
OVEN BUILDERS","187 DUNKELD ROAD
DUNKELD CENTRE
ROSEBANK
JOHANNESBURG
TEL; 771 2500
FAX; 325 2096
TRADE HEADING
OVEN BUILDERS","011- 771 2500, 011-325 2096",,
TUSCANY MODELS MANAGEMENT,"ADDRESS:
3 CALEDON STREET
ALBERANTE
ALBERTON
TEL:
011-907 8032
FAX:
011-907 8348
TRADE HEADING
MODELING AGENCIES","3 CALEDON STREET
ALBERANTE
ALBERTON
TEL; 907 8032
FAX; 907 8348
TRADE HEADING
MODELING AGENCIES","011-907 8032, 011-907 8348",,
SIYAYA SKILLS INSTITUTE (PTY) LTD.,"ADDRESS:
TEBA PARK
121 ELOFF STREET
EXT SELBY
JOHANNESBURG
GAUTENG
TEL:
011-493 9706
FAX:
011-493 9698
TRADE HEADING
FET COLLEGES","121 ELOFF STREET
EXT SELBY
JOHANNESBURG
GAUTENG
TEL; 493 9706
FAX; 493 9698
TRADE HEADING
FET COLLEGES","011-493 9706, 011-493 9698",,
CHAIRMAN INDUSTRIES CC,"ADDRESS:
25 AURET STREET
JEPPE
JOHANNESBURG
TEL:
011-624 1222
FAX:
011-614 4817
TRADE HEADING
DISABILITY AIDS & EQUIPMENT","25 AURET STREET
JEPPE
JOHANNESBURG
TEL; 624 1222
FAX; 614 4817
TRADE HEADING
DISABILITY AIDS ","011-624 1222, 011-614 4817",,
GLOBAKERIES (PTY) LTD,"ADDRESS:
45 WATT STREET INDUSTRIA
JOHANNESBURG
TEL:
011-474 1342
EMAIL:
rsouthgate@goobakeries.co.za
TRADE HEADING
OVEN BUILDERS","45 WATT STREET INDUSTRIA
JOHANNESBURG
TEL; 474 1342
EMAIL",011-474 1342,rsouthgate@goobakeries.co.za,
H M H MODELING SCHOOL,"ADDRESS:
61 WILGE AVENUE
SPRINGS
TEL:
011-817 5484
EMAIL:
birnie@mweb.co.za
TRADE HEADING
MODELING AGENCIES","61 WILGE AVENUE
SPRINGS
TEL; 817 5484
EMAIL",011-817 5484,birnie@mweb.co.za,
NELLY ENTERPRISES,"ADDRESS:
56 CRANSWELL
LEFT & FEATHER
JOHANNESBURG
CELL:
079 536 1363
EMAIL:
nelson.ndlovu2012@gmail.com
TRADE HEADING
EXTERNAL BUILDING WORK","56 CRANSWELL
LEFT ; 079 536 1363
EMAIL",079 536 1363,nelson.ndlovu2012@gmail.com,
SA EARTHWORKS (PTY) LTD,"ADDRESS:
314 OLIFANTFONTEIN ROAD
GLEN AUSTIN
MIDRAND
TEL:
011-314 2446
FAX:
011-314 2447
EMAIL:
admin@saearthworks.co.za
TRADE HEADING
groundwork contractor","314 OLIFANTFONTEIN ROAD
GLEN AUSTIN
MIDRAND
TEL; 314 2446
FAX; 314 2447
EMAIL","011-314 2446, 011-314 2447",admin@saearthworks.co.za,
FLOWSERVER SOUTH AFRICA (PTY) LTD,"ADDRESS:
12 DIRECTOR ROAD SPARTAN
KEMPTON PARK
TEL:
011-923 7300
FAX:
011-974 6420
TRADE HEADING
HYDRAULIC ENGINEERS","12 DIRECTOR ROAD SPARTAN
KEMPTON PARK
TEL; 923 7300
FAX; 974 6420
TRADE HEADING
HYDRAULIC ENGINEERS","011-923 7300, 011-974 6420",,
CONGLO CC,"ADDRESS:
16TH ROAD
BRAKPAN
TEL:
011-743 1926
FAX:
011-742 1186
TRADE HEADING
GROUNDWORKS CONTRACTORS","743 1926
FAX; 742 1186
TRADE HEADING
GROUNDWORKS CONTRACTORS","011-743 1926, 011-742 1186",,
JETPARK OCCUPATIONAL HEALTH,"ADDRESS:
14 VAN STRAATEN STREET
WITFIELD
BOKSBURG
TEL:
011-826 4902
EMAIL:
eteimne@jetparkohc.co.za
TRADE HEADING
OCCUPATIONAL HEALTH","14 VAN STRAATEN STREET
WITFIELD
BOKSBURG
TEL; 826 4902
EMAIL",011-826 4902,eteimne@jetparkohc.co.za,
GRANT'S DAIRY,"ADDRESS:
114 JACOBA STREET
NORTON SMALL FARMS
ALBERTON
TEL:
011-902 8490
FAX:
086-559 6078
EMAIL:
grantsdairy@iburst.co.za
TRADE HEADING
DAIRIES","114 JACOBA STREET
NORTON SMALL FARMS
ALBERTON
TEL; 902 8490
FAX; 559 6078
EMAIL","011-902 8490, 086-559 6078",grantsdairy@iburst.co.za,
ACCESS HEALTH SOUTH AFRICA,"ADDRESS:
VALLEY VIEW OFFICE PARK
680 JOSEPH LISTER ROAD
CONSTANTIA KLOOF
ROODEPORT
TEL:
011-991 8000
FAX:
086-742 2168
TRADE HEADING
CALL CENTRE SERVICES","680 JOSEPH LISTER ROAD
CONSTANTIA KLOOF
ROODEPORT
TEL; 991 8000
FAX; 742 2168
TRADE HEADING
CALL CENTRE SERVICES","011-991 8000, 086-742 2168",,
F.B BUILDING.,"ADDRESS:
RACEWAY INDUSTRIAL PARK
13 / 5A MONTE CARLO DRIVE
GERMISTON
TEL:
011-493 1117
FAX:
086-540 9784
TRADE HEADING
CEILING SERVICES","493 1117
FAX; 540 9784
TRADE HEADING
CEILING SERVICES","011-493 1117, 086-540 9784",,
NEWZIN HAULIERS,"ADDRESS:
16 MILLARD ROAD
MEDFORDVIEW
TEL:
011-051 8904
FAX:
011-455 0037
TRADE HEADING
REFRIGERATED TRUCKS","16 MILLARD ROAD
MEDFORDVIEW
TEL; 051 8904
FAX; 455 0037
TRADE HEADING
REFRIGERATED TRUCKS","011-051 8904, 011-455 0037",,
ROMA MELKERY,"ADDRESS:
98 BIRKENRUTH AVENUE
DUNNOTTAR
NIGEL
TEL:
011-734 3407
FAX:
086-516 8183
EMAIL:
rmadairy@gmail.com
TRADE HEADING
DAIRIES","98 BIRKENRUTH AVENUE
DUNNOTTAR
NIGEL
TEL; 734 3407
FAX; 516 8183
EMAIL","011-734 3407, 086-516 8183",rmadairy@gmail.com,
HYDROBERRY INTERNATIONAL,"ADDRESS:
1 / 89 PEENZ STREET
PUTFONTEIN 26 IR
BENONI
TEL:
011-965 0558
EMAIL:
martina@hydroberry.co.za
TRADE HEADING
PLENTING & SEEDING","89 PEENZ STREET
PUTFONTEIN 26 IR
BENONI
TEL; 965 0558
EMAIL",011-965 0558,martina@hydroberry.co.za,
CAROLINE DAY SPA & BEAUTY SALON,"ADDRESS:
JOHANNESBURG INTERNATIONAL AIRPORT SOUTHERN SUN
JOANS ROAD
KEMPTON PARK
TEL:
011-970 1865
EMAIL:
cazfrost@hotmail.com
TRADE HEADING
BEAUTY SALONS","970 1865
EMAIL",011-970 1865,cazfrost@hotmail.com,
MONTIC DAIRY (PTY) LTD,"ADDRESS:
NO 36 TAMBOKIESFONTEIN
MONTIC PARK
HEIDELBERG
TEL:
011-617 7222
FAX:
011-617 7222
TRADE HEADING
DAIRIES","36 TAMBOKIESFONTEIN
MONTIC PARK
HEIDELBERG
TEL; 617 7222
FAX; 617 7222
TRADE HEADING
DAIRIES","011-617 7222, 011-617 7222",,
UBISI METALS,"ADDRESS:
56 PRETORIA ROAD
FAIRLAND
BENONI
TEL:
011-969 2790
FAX:
011-969 1331
EMAIL:
info@ubisimetals.com
TRADE HEADING
SCRAP DEALERS","56 PRETORIA ROAD
FAIRLAND
BENONI
TEL; 969 2790
FAX; 969 1331
EMAIL","011-969 2790, 011-969 1331",info@ubisimetals.com,
APP HARDWARE & BUILDING SUPPLIES,"ADDRESS:
FREDERICK COOPER AVENUE
KENMARE
TEL:
011-955 2279
FAX:
011-955 2279
EMAIL:
app.isibani@gmail.com
TRADE HEADING
HARDWARE STORES","955 2279
FAX; 955 2279
EMAIL","011-955 2279, 011-955 2279",app.isibani@gmail.com,
EXCEPTIONAL NAILS,"ADDRESS:
B105 GENESS
8 SANDLER ROAD
FARMOUNT
JOHANNESBURG
TEL:
011-485 5793
EMAIL:
chana@thelaserbeautique.co.za
TRADE HEADING
BEAUTY SALONS","105 GENESS
8 SANDLER ROAD
FARMOUNT
JOHANNESBURG
TEL; 485 5793
EMAIL",011-485 5793,chana@thelaserbeautique.co.za,
TOP CARE WOMAN'S CLINIC,"ADDRESS:
49 B VILLAGE STREET
RANDFONTEIN
TEL:
011-412 2388
FAX:
011-873 0041
EMAIL:
thathaf@iafrica.com
TRADE HEADING
ABORTION CLINICS","49 B VILLAGE STREET
RANDFONTEIN
TEL; 412 2388
FAX; 873 0041
EMAIL","011-412 2388, 011-873 0041",thathaf@iafrica.com,
BAIRD RENAISSANCE (PTY) LTD,"ADDRESS:
11 RALDA ROAD
BLAIRGOWIE
RANDBURG
TEL:
011-504 4000
FAX:
011-886 2474
EMAIL:
accounts@baird.co.za
TRADE HEADING
PUBLIC RELATIONS CONSULTANTS","11 RALDA ROAD
BLAIRGOWIE
RANDBURG
TEL; 504 4000
FAX; 886 2474
EMAIL","011-504 4000, 011-886 2474",accounts@baird.co.za,
ENTERTAINMENT LOGISTICS SERVICES,"ADDRESS:
147 NORTH REEF ROAD
RIETFONTEIN
TEL:
011-579 1300
FAX:
011-455 4799
TRADE HEADING
MUSIC PUBLISHING","147 NORTH REEF ROAD
RIETFONTEIN
TEL; 579 1300
FAX; 455 4799
TRADE HEADING
MUSIC PUBLISHING","011-579 1300, 011-455 4799",,
REINECKE MJ,"ADDRESS:
PLOT 50 WHEATLANDS
RANDFONTEIN
TEL:
011-416 6194
FAX:
086-611 3666
EMAIL:
mireinecke@vodamail.co.za
TRADE HEADING
REFRIGERATED TRUCKS","50 WHEATLANDS
RANDFONTEIN
TEL; 416 6194
FAX; 611 3666
EMAIL","011-416 6194, 086-611 3666",mireinecke@vodamail.co.za,
G T DRIVING SCHOOL,"ADDRESS:
KEMPTON PARK TESTING GROUND
177 LEWIS ROAD
SPARTAN
KEMPTON PARK
TEL:
011-394 7520
FAX:
011-970 3064
EMAIL:
gtrainbow@telkomsa.net
TRADE HEADING
DRIVING SCHOOLS","177 LEWIS ROAD
SPARTAN
KEMPTON PARK
TEL; 394 7520
FAX; 970 3064
EMAIL","011-394 7520, 011-970 3064",gtrainbow@telkomsa.net,
SIKHOKHO COMPANY,"ADDRESS:
2347 ADELENE STREET
KEMPTON PARK
CELL:
083 478 8634
EMAIL:
maxwellgalas@gmail.com
TRADE HEADING
SECURITY EQUIPMENT","2347 ADELENE STREET
KEMPTON PARK
CELL; 083 478 8634
EMAIL",083 478 8634,maxwellgalas@gmail.com,
KRUITFONTEIN MELKERY,"ADDRESS:
25 RIEMLAND STREET
TEL:
016-976 5864
FAX:
016-976 5884
TRADE HEADING
DAIRIES","25 RIEMLAND STREET
TEL; 976 5864
FAX; 976 5884
TRADE HEADING
DAIRIES","016-976 5864, 016-976 5884",,
ESRI SOUTH AFRICA,"ADDRESS:
WHITBLY OFFICE PARK
167 FOURTHEENTH ROAD
NOODWYK
MIDRAND
TEL:
011-238 6300
EMAIL:
isweidan@esri-southafrica.com
TRADE HEADING
INFOMATION SERVICES","167 FOURTHEENTH ROAD
NOODWYK
MIDRAND
TEL; 238 6300
EMAIL",011-238 6300,isweidan@esri-southafrica.com,
LE-NASH SIGNS,"ADDRESS:
53 FORGE ROAD
SPARTAN
KEMPTON PARK
TEL:
011-394 3484
FAX:
011-394 0717
TRADE HEADING
SIGN MAKERS SERVICES","53 FORGE ROAD
SPARTAN
KEMPTON PARK
TEL; 394 3484
FAX; 394 0717
TRADE HEADING
SIGN MAKERS SERVICES","011-394 3484, 011-394 0717",,
MTHEMBU MVELASE CIVIL PROJECTS CC,"ADDRESS:
44 DEODAR STREET
NOLDICK MEYERTON
TEL:
016-362 4631
FAX:
016-362 4621
EMAIL:
pat@mmcivil.co.za
TRADE HEADING
ENGINEERS SUPPLIES","44 DEODAR STREET
NOLDICK MEYERTON
TEL; 362 4631
FAX; 362 4621
EMAIL","016-362 4631, 016-362 4621",pat@mmcivil.co.za,
RISELY CONTRACT & COMMERCIAL,"ADDRESS:
44 11ST
KEW
JOHANNESBURG
TEL:
011-321 7420
FAX:
011-786 3801
EMAIL:
judy@risely.co.za
TRADE HEADING
KITCHEN FURNITURE INSTALLATIONS","44 11ST
KEW
JOHANNESBURG
TEL; 321 7420
FAX; 786 3801
EMAIL","011-321 7420, 011-786 3801",judy@risely.co.za,
DIG DESIGN CC,"ADDRESS:
130 MACKY AVENUE
BLAIRGOWRIE
RANDBURG
TEL:
011-886 7273
EMAIL:
michelle@digdesign.co.za
TRADE HEADING
GRAPHIC DESIGNERS","130 MACKY AVENUE
BLAIRGOWRIE
RANDBURG
TEL; 886 7273
EMAIL",011-886 7273,michelle@digdesign.co.za,
HYDRAFORMS SA (PTY) LTD,"ADDRESS:
220 RONDEBULT ROAD
LIBRADENE
BOKSBURG
TEL:
011-913 1449
FAX:
011-913 2840
EMAIL:
sarah@hydroform.com
TRADE HEADING
BRICK MACHINERY","220 RONDEBULT ROAD
LIBRADENE
BOKSBURG
TEL; 913 1449
FAX; 913 2840
EMAIL","011-913 1449, 011-913 2840",sarah@hydroform.com,
CREAMERS LUBRICATION PRODUCTS,"ADDRESS:
2A DE BEER STREET
ALRODE SOUTH
ALBERTON
TEL:
011-900 2716
FAX:
086-669 5887
TRADE HEADING
LUBRICANTING EQUIPMENT","900 2716
FAX; 669 5887
TRADE HEADING
LUBRICANTING EQUIPMENT","011-900 2716, 086-669 5887",,
USIZO PROFESSIONAL CONSULTANCY,"ADDRESS:
4710 ONTDEKKERS ROAD
FLORIDA PARK
ROODEPOORT
TEL:
011-672 4322
FAX:
011-672 1896
EMAIL:
usizo@mweb.co.za
TRADE HEADING
PERSONNEL CONSULTANTS","4710 ONTDEKKERS ROAD
FLORIDA PARK
ROODEPOORT
TEL; 672 4322
FAX; 672 1896
EMAIL","011-672 4322, 011-672 1896",usizo@mweb.co.za,
RAND WATER,"ADDRESS:
522 IMPALA ROAD
JOHANNESBURG
TEL:
011-682 0911
EMAIL:
imohale@randwater.co.za
TRADE HEADING
WATER MANAGEMENT SERVICES","522 IMPALA ROAD
JOHANNESBURG
TEL; 682 0911
EMAIL",011-682 0911,imohale@randwater.co.za,
FAMBEZ HYDRAULICS CC,"ADDRESS:
126 14TH AVENUE
ANDERBOLT
BOKSBURG
TEL:
011-894 2877
FAX:
086-651 7205
EMAIL:
fambez@absamail.co.za
TRADE HEADING
HYDRAULIC SERVICES","126 14TH AVENUE
ANDERBOLT
BOKSBURG
TEL; 894 2877
FAX; 651 7205
EMAIL","011-894 2877, 086-651 7205",fambez@absamail.co.za,
DYNAMIC BALANCING,"ADDRESS:
20 PLANTATION ROAD
EASTLEIGH
EDENVALE
TEL:
011-452 4597
FAX:
086-688 4084
EMAIL:
ray@balancing.co.za
TRADE HEADING
NOISE & VIBRATION SERVICES","20 PLANTATION ROAD
EASTLEIGH
EDENVALE
TEL; 452 4597
FAX; 688 4084
EMAIL","011-452 4597, 086-688 4084",ray@balancing.co.za,
KINGS FUNCTION HIRE,"ADDRESS:
10B JEPPE STREET
NEWTON
JOHANNESBURG
TEL:
011-833 3232
FAX:
011-833 3233
EMAIL:
info@kingshire.co.za
TRADE HEADING
FUNCTION HIRE SERVICES","833 3232
FAX; 833 3233
EMAIL","011-833 3232, 011-833 3233",info@kingshire.co.za,
LEONELDA PRODUCTS,"ADDRESS:
229 RONDEBUT ROAD
FARRAR PARK
BOKSBURG
TEL:
011-913 1930
FAX:
011-913 2290
EMAIL:
ira@leonelda.co.za
TRADE HEADING
BEAUTY SUPPLIES","229 RONDEBUT ROAD
FARRAR PARK
BOKSBURG
TEL; 913 1930
FAX; 913 2290
EMAIL","011-913 1930, 011-913 2290",ira@leonelda.co.za,
SOUND XPERIENCE ENTERTAINMENT,"ADDRESS:
149 MONUMENT ROAD
ASTON MANOR
KEMPTON PARK
JOHANNESBURG
TEL:
011-391 8600
EMAIL:
robert@za.soundx.co.za
TRADE HEADING
SATELLITE TV  & EQUIPMENT SERVICES","149 MONUMENT ROAD
ASTON MANOR
KEMPTON PARK
JOHANNESBURG
TEL; 391 8600
EMAIL",011-391 8600,robert@za.soundx.co.za,
AXXON-TRU TEST SCALES MILKING,"ADDRESS:
6 COLLINS STREET
BRIXTON
JOHANNESBURG
TEL:
011-837 7177
FAX:
011-837 3100
EMAIL:
axxon@globel.co.za
TRADE HEADING
DAIRY EQUIPMENT & SUPPLIES","6 COLLINS STREET
BRIXTON
JOHANNESBURG
TEL; 837 7177
FAX; 837 3100
EMAIL","011-837 7177, 011-837 3100",axxon@globel.co.za,
OHSCARE CC,"ADDRESS:
1 PILGRIM STREET
BARBERTON
TEL:
013-712 6952
FAX:
013-712 6952
EMAIL:
glenda@ohscare.co.za
TRADE HEADING
OCCUPATIONAL HEALTH","1 PILGRIM STREET
BARBERTON
TEL; 712 6952
FAX; 712 6952
EMAIL","013-712 6952, 013-712 6952",glenda@ohscare.co.za,
H BIRKENMAYER (PTY) LTD,"ADDRESS:
56 STEEL ROAD
SPARTAN
KEMPTON PARK
JOHANNESBURG
TEL:
011-970 3880
FAX:
011-394 1681
EMAIL:
tammy@birkenmayer.co.za
TRADE HEADING
IMPORT & EXPORT SERVICES","56 STEEL ROAD
SPARTAN
KEMPTON PARK
JOHANNESBURG
TEL; 970 3880
FAX; 394 1681
EMAIL","011-970 3880, 011-394 1681",tammy@birkenmayer.co.za,
ELLIOTT CORPORATE RELOCATIONS SA (PTY) LTD,"ADDRESS:
ASHWOOD HOUSE
33 BALLYCLARE DRIVE
BRYANSTON
SANDTON
TEL:
086-126 7773
EMAIL:
alex@coroprelo.co.za
TRADE HEADING
RELOCATION AGENT SERVICES","33 BALLYCLARE DRIVE
BRYANSTON
SANDTON
TEL; 126 7773
EMAIL",086-126 7773,alex@coroprelo.co.za,
BRYANSTON GLASS CC,"ADDRESS:
44 A KILLCULLEN ROAD
SANDTON
TEL:
011-463 7353
FAX:
011-463 73
EMAIL:
bryanglass@pdka.co.za
TRADE HEADING
GLASS","44 A KILLCULLEN ROAD
SANDTON
TEL; 463 7353
FAX; 463 73
EMAIL","011-463 7353, 011-463 73",bryanglass@pdka.co.za,
DR KOOS GROBLER,"ADDRESS:
MAYO CLINIC
MAYNIER AVENUE
FLORACLIFFE
ROODEPOORT
GAUTENG
TEL:
011-475 1301
FAX:
011-475 1302
TRADE HEADING
DENTAL PRACTITIONERS","475 1301
FAX; 475 1302
TRADE HEADING
DENTAL PRACTITIONERS","011-475 1301, 011-475 1302",,
PICK A KITCHEN,"ADDRESS:
3 CYCAD STREET
BRACKENHURST
ALBERTON
TEL:
011-867 6045
EMAIL:
raypickakitchen@gmail.com
TRADE HEADING
KITCHEN FURNITURE INSTALLATIONS","3 CYCAD STREET
BRACKENHURST
ALBERTON
TEL; 867 6045
EMAIL",011-867 6045,raypickakitchen@gmail.com,
KITCHEN HYPER CC,"ADDRESS:
36 PLANTATION ROAD
EASTLEIGH
EDENVALE
TEL:
011-452 6644
EMAIL:
nicolette@kitchen.hyper.co.za
TRADE HEADING
KITCHEN FURNITURE INSTALLATIONS","36 PLANTATION ROAD
EASTLEIGH
EDENVALE
TEL; 452 6644
EMAIL",011-452 6644,nicolette@kitchen.hyper.co.za,
A & A CONTAINERS.,"ADDRESS:
ROCK COTTAGE OFFICE PARK
CHRISTIAAN DE WET ROAD
WELTEVREDEN PARK
ROODEPORT
TEL:
011-794 6571
FAX:
011-794 6577
TRADE HEADING
CONTAINER SERVICES","794 6571
FAX; 794 6577
TRADE HEADING
CONTAINER SERVICES","011-794 6571, 011-794 6577",,
STINGRAY GRAPHIX,"ADDRESS:
28 B CENTREL AVENUE
EASTLEIGHT
EDENVALE
TEL:
011-452 5553
FAX:
011-452 5554
TRADE HEADING
GRAPHIC DESIGNERS","28 B CENTREL AVENUE
EASTLEIGHT
EDENVALE
TEL; 452 5553
FAX; 452 5554
TRADE HEADING
GRAPHIC DESIGNERS","011-452 5553, 011-452 5554",,
EUROPCAR (GAUTENG),"ADDRESS:
Sandton Sun Hotel
 Crn 5th and Maude Street
Sandton

TEL:
(011) 883-4352
FAX:
(011) 883-1449
WEBSITE:
www.europcar.co.za
TRADE HEADING
CAR RENTAL / HIRE","4352
FAX; 1449
WEBSITE",", ",,
EUROPCAR (SANDTON SUN),"ADDRESS:
Sandton Sun Hotel
 Crn 5th and Maude Street
 Sandton
TEL: 
(011) 883-4352
FAX:
(011) 883-1449
WEBSITE:
www.europcar.co.za
TRADE HEADING
CAR RENTAL / HIRE","4352
FAX; 1449
WEBSITE",", ",,
EUROPCAR (BRAAMFONTEIN),"ADDRESS:
Johannesburg 
Park Station Transit Centre
 Car Rental Mall
 Mezzanine Level Rissik Street
 Braamfontein 
TEL:
(011) 333-8726/2828
FAX:
(011) 333-8731
WEBSITE:
www.europcar.co.za
TRADE HEADING
CAR RENTAL / HIRE","2828
FAX; 8731
WEBSITE",", ",,
EUROPCAR (GERMISTON),"ADDRESS:
Rand Airport Main Terminal Building 
Germiston
1510

TEL:
(011)323-3960 / (011
FAX:
(011) 827-2070
WEBSITE:
www.europcar.co.za
TRADE HEADING
CAR RENTAL / HIRE","1510

TEL; 011
FAX; 2070
WEBSITE",", ",,
EUROPCAR (O R TAMBO INTERNATIONAL AIRPORT),"ADDRESS:
Johannesburg 
International Airport Kempton Park 
Gauteng 
1620


TEL:
(011) 390-3909
FAX:
086 673 6171
WEBSITE:
www.europcar.co.za
TRADE HEADING
CAR RENTAL / HIRE","1620


TEL; 3909
FAX; 086 673 6171
WEBSITE",", 086 673 6171",,
EUROPCAR (LANSERIA AIRPORT),"ADDRESS:
Lanseria Airport 
Lanseria Gauteng 
1200



TEL: 
(011) 548-9000
FAX:
(011) 701-3462
WEBSITE:
www.europcar.co.za
TRADE HEADING
CAR RENTAL / HIRE","1200



TEL; 9000
FAX; 3462
WEBSITE",", ",,
EUROPCAR (MIDRAND AIRPORT),"ADDRESS:
Grand Central Airport
 Main Terminal Building 
Midrand 
Gauteng 
2100



TEL:
(011) 315-2132
FAX:
(011) 805-1424
WEBSITE:
www.europcar.co.za
TRADE HEADING
CAR RENTAL / HIRE","2100



TEL; 2132
FAX; 1424
WEBSITE",", ",,
EUROPCAR (VANDERBIJLPARK),"ADDRESS:
Unit 31 PRIME BUSINESS PARK
 10 RABIE STREET 
VANDERBIJLPARK 1911 
2104




TEL:
(016) 933-7208/8274
FAX:
(016) 931-1992
WEBSITE:
www.europcar.co.za
TRADE HEADING
CAR RENTAL / HIRE","31 PRIME BUSINESS PARK
 10 RABIE STREET 
VANDERBIJLPARK 1911 
2104




TEL; 8274
FAX; 1992
WEBSITE",", ",,
EUROPCAR (RANDBURG),"ADDRESS:
22 HARLEY STREET 
BETWEEN OAK & KENT AVENUE
RANDBURG 






TEL:
(011) 781-7740/9514
FAX:
(011) 781-7493
WEBSITE:
www.europcar.co.za
TRADE HEADING
CAR RENTAL / HIRE","22 HARLEY STREET 
BETWEEN OAK ; 9514
FAX; 7493
WEBSITE",", ",,
EUROPCAR (BENONI),"ADDRESS:
35 Lakefield Road
Lakefield Benoni







TEL:
(011) 894 4180/3639
FAX:
086 675 8273
WEBSITE:
www.europcar.co.za
TRADE HEADING
CAR RENTAL / HIRE","35 Lakefield Road
Lakefield Benoni







TEL; 894 4180; 3639
FAX; 086 675 8273
WEBSITE",", 086 675 8273",,
EUROPCAR (Megawatt Park),"ADDRESS:
Eskom Transport Division Megawatt Park 








TEL:
(011) 800-2910
FAX:
(011) 800-5419
WEBSITE:
www.europcar.co.za
TRADE HEADING
CAR RENTAL / HIRE","2910
FAX; 5419
WEBSITE",", ",,
EUROPCAR (HATFIELD),"ADDRESS:
1011 Pretorius Street Arcadia Pretoria









TEL: 
(012) 342-3912
FAX:
(012) 342-7868
WEBSITE:
www.europcar.co.za
TRADE HEADING
CAR RENTAL / HIRE","1011 Pretorius Street Arcadia Pretoria









TEL; 3912
FAX; 7868
WEBSITE",", ",,
EUROPCAR (CSIR Pretoria),"ADDRESS:
CSIR South Gate Entrance 
Building 38 Room 6 
Next To Art Gallary 
& Opp NRF Meiring Naude Rd
 Brummeria 
Pretoria 









TEL:
(012) 349 2911
FAX:
(012) 349 5023
WEBSITE:
www.europcar.","38 Room 6 
Next To Art Gallary 
; 349 2911
FAX; 349 5023
WEBSITE",", ",,
EUROPCAR (FOURWAYS),"ADDRESS:
Smash Centre
Cnr Monte Casino Boulevard and Bradfield drive
(behind the City Lodge hotel)










TEL:
(011) 548 9720
FAX:
(011) 866 8329 71
WEBSITE:
www.europcar.co.za
TRADE HEADING
CAR RENTAL","548 9720
FAX; 866 8329 71
WEBSITE",", ",,
EUROPCAR (ROSEBANK),"ADDRESS:
Corner Twyrhitt and Sturdee Ave
Rosebank 
At the back of the hotel











TEL:
011 880 0918/0912
FAX:
011 880 9302
WEBSITE:
www.europcar.co.za
TRADE HEADING
CAR RENTAL / HIRE","011 880 0918; 0912
FAX; 011 880 9302
WEBSITE","011 880 0918, 011 880 9302",,
EUROPCAR Mogale City (Krugersdorp),"ADDRESS:
215 Voortrekker Road 
Monument Krugersdorp 












TEL:
(011) 954-6742
FAX:
(011)954 6691
WEBSITE:
www.europcar.co.za
TRADE HEADING
CAR RENTAL / HIRE","215 Voortrekker Road 
Monument Krugersdorp 












TEL; 6742
FAX; 954 6691
WEBSITE",", ",,
EUROPCAR ( Aeroton),"ADDRESS:
Shop 6 Shell Garage
 Crn Aerodrome & Randshow Rd
Shop 6 Shell Garage, Crn Aerodrome & Randshow Rd
 Aeroton 













TEL:
(011) 494-2887/4091
FAX:
086 673 4459
WEBSITE:
www","6 Shell Garage
 Crn Aerodrome ; 6 Shell Garage, Crn Aerodrome ; 4091
FAX; 086 673 4459
WEBSITE",", 086 673 4459",,
EUROPCAR (SANDTON),"ADDRESS:
Retail Level Cnr West St & Rivonia Road
 (Below Radisson Blu Hotel) 
Sandton














TEL:
011 666 8340
WEBSITE:
www.europcar.co.za
TRADE HEADING
CAR RENTAL / HIRE","011 666 8340
WEBSITE",011 666 8340,,
P S G HAULIER,"ADDRESS:
402 MURRAY ROAD
WADEVILLE
GERMISTON
TEL:
011-827 0070
FAX:
011-827 0786
TRADE HEADING
REFRIGERATED TRUCKS","402 MURRAY ROAD
WADEVILLE
GERMISTON
TEL; 827 0070
FAX; 827 0786
TRADE HEADING
REFRIGERATED TRUCKS","011-827 0070, 011-827 0786",,
SCAW METALS GROUP,"ADDRESS:
37 EINSTEIN STREET
FERROBANK
EMALAHLENI
TEL:
013-699 9044
FAX:
013-699 9197
EMAIL:
cswaneppel@scaw.co.za
TRADE HEADING
CHAIN SUPPLIERS","37 EINSTEIN STREET
FERROBANK
EMALAHLENI
TEL; 699 9044
FAX; 699 9197
EMAIL","013-699 9044, 013-699 9197",cswaneppel@scaw.co.za,
SALCHAIN (PTY) LTD,"ADDRESS:
RINKHALS ROAD
INDUSTRIES EAST
GERMISTON
TEL:
011-873 6666
EMAIL:
lindiwe@salchain.com
TRADE HEADING
CHAIN SUPPLIERS","873 6666
EMAIL",011-873 6666,lindiwe@salchain.com,
DEW FRESH (PTY) LTD,"ADDRESS:
141 WILLIAM STREET
LESLIE
TEL:
017-683 0254
EMAIL:
factory@dewfresh.co.za
TRADE HEADING
DAIRIES","141 WILLIAM STREET
LESLIE
TEL; 683 0254
EMAIL",017-683 0254,factory@dewfresh.co.za,
SURTEES INVESTMENTS (PTY) LTD,"ADDRESS:
93 WHITWORTH HERIODALE
JOHANNESBURG
TEL:
011-626 1171
FAX:
011-626 1171
TRADE HEADING
BOILER PARTS","93 WHITWORTH HERIODALE
JOHANNESBURG
TEL; 626 1171
FAX; 626 1171
TRADE HEADING
BOILER PARTS","011-626 1171, 011-626 1171",,
SURTEES TUBE TECHNOLOGIES,"ADDRESS:
93 WHITWORTH HERIODALE
JOHANNESBURG
TEL:
011-626 3516
FAX:
011-626 1711
TRADE HEADING
BOILER PARTS","93 WHITWORTH HERIODALE
JOHANNESBURG
TEL; 626 3516
FAX; 626 1711
TRADE HEADING
BOILER PARTS","011-626 3516, 011-626 1711",,
SURTEES BOILER SUPPLIES,"ADDRESS:
93 WHITWORTH HERIOTDALE
JOHANNESBURG
TEL:
011-626 3516
FAX:
011-626 1171
TRADE HEADING
BOILER PARTS","93 WHITWORTH HERIOTDALE
JOHANNESBURG
TEL; 626 3516
FAX; 626 1171
TRADE HEADING
BOILER PARTS","011-626 3516, 011-626 1171",,
IMPERIAL CARGO SPECALISED BUSINESS,"ADDRESS:
23 GARFIELD ROAD
ALRODE
ALBERTON
TEL:
011-864 1888
FAX:
011-864 6578
EMAIL:
greeff@impcargosolution.co.za
TRADE HEADING
WAREHOUSES","23 GARFIELD ROAD
ALRODE
ALBERTON
TEL; 864 1888
FAX; 864 6578
EMAIL","011-864 1888, 011-864 6578",greeff@impcargosolution.co.za,
JANSEN INTERNATIONAL CC,"ADDRESS:
21 TUDOR PARK
61 HILL CREST AVENUE
RANDBURG
JOHANNESBURG
TEL:
011-789 1287
EMAIL:
gloria@jansenint.co.za
TRADE HEADING
GRAPHIC DESIGNERS","21 TUDOR PARK
61 HILL CREST AVENUE
RANDBURG
JOHANNESBURG
TEL; 789 1287
EMAIL",011-789 1287,gloria@jansenint.co.za,
PURE GRAPHIC DESIGN,"ADDRESS:
2 TIM AVENUE
EDENGLEN
ENDENVALE
TEL:
011-45 3838
EMAIL:
INFO@PUREGRAPHIC.CO.ZA
TRADE HEADING
GRAPHIC DESIGNERS","2 TIM AVENUE
EDENGLEN
ENDENVALE
TEL; 45 3838
EMAIL",011-45 3838,INFO@PUREGRAPHIC.CO.ZA,
MANTUBA BUSINESS COMMUNICATION,"ADDRESS:
NEW ROAD
OFFICE PARK
5 NEW ROAD
HALFWAY HOUSE
MIDRAND
TEL:
011-468 3708
EMAIL:
brian@mantubacom.co.za
TRADE HEADING
graphic designers","5 NEW ROAD
HALFWAY HOUSE
MIDRAND
TEL; 468 3708
EMAIL",011-468 3708,brian@mantubacom.co.za,
H.S PENTA AFRICA (PTY) LTD,"ADDRESS:
560 DARIDSON ROAD
WADEVILLE
GERMISTON
TEL:
011-824 5495
EMAIL:
laureen.martinson@hspentaafrica.co.za
TRADE HEADING
HYDRAULIC SERVICES","560 DARIDSON ROAD
WADEVILLE
GERMISTON
TEL; 824 5495
EMAIL",011-824 5495,laureen.martinson@hspentaafrica.co.za,
EUROPOWER AFRICA (PTY) LTD,"ADDRESS:
104 NORTH REEF ROAD
SUNNYROCK
GERMISTON
TEL:
011-450 2030
EMAIL:
nadia.kruger@hyroscand.co.za
TRADE HEADING
HYDRAULIC SERVICES","104 NORTH REEF ROAD
SUNNYROCK
GERMISTON
TEL; 450 2030
EMAIL",011-450 2030,nadia.kruger@hyroscand.co.za,
MAREDI TELECOM & BROADCASTING (PTY) LTD,"ADDRESS:
778 RICHARDS DRIVE
HALFWAY HOUSE
MIDRAND
TEL:
011-312 2463
FAX:
011-312 2454
EMAIL:
justeced@mareditel.co.za
TRADE HEADING
information services","778 RICHARDS DRIVE
HALFWAY HOUSE
MIDRAND
TEL; 312 2463
FAX; 312 2454
EMAIL","011-312 2463, 011-312 2454",justeced@mareditel.co.za,
AZANIA ENGINEERING (PTY) LTD,"ADDRESS:
164 10TH AVENUE
BOKSBURG SOUTH
BOKSBURG
TEL:
011-892 3233
EMAIL:
ordit.azania1@gmailo.com
TRADE HEADING
HYDRAULIC SERVICES","164 10TH AVENUE
BOKSBURG SOUTH
BOKSBURG
TEL; 892 3233
EMAIL",011-892 3233,ordit.azania1@gmailo.com,
FLEXIFLOW HYDRAULICS VALUE & INDUSTRIAL SUPPLIES CC,"ADDRESS:
10 DORMEHL STREET
ANDERBOLT
BOKSBURG
TEL:
011-894 2391
EMAIL:
flexiflow@mailzome.co.za
TRADE HEADING
HYDRAULIC SERVICES","10 DORMEHL STREET
ANDERBOLT
BOKSBURG
TEL; 894 2391
EMAIL",011-894 2391,flexiflow@mailzome.co.za,
REAL TIME CONNECTIONS (PTY) LTD,"ADDRESS:
91 CONCOURSE CRESCENT
LONE HILL
SANDTON
TEL:
011-467 2133
FAX:
011-467 1056
EMAIL:
degan@iptc.co.za
TRADE HEADING
INFORMATION SERVICES","91 CONCOURSE CRESCENT
LONE HILL
SANDTON
TEL; 467 2133
FAX; 467 1056
EMAIL","011-467 2133, 011-467 1056",degan@iptc.co.za,
BERLONI KITCHENS,"ADDRESS:
48 MELVILLE ROAD
LLOVO
SANDTON
TEL:
011-268 6140
EMAIL:
yanir@tapitalla.co.za
TRADE HEADING
KITCHEN FURNITURE INSTALLATIONS","48 MELVILLE ROAD
LLOVO
SANDTON
TEL; 268 6140
EMAIL",011-268 6140,yanir@tapitalla.co.za,
BERLONI KITCHENS.,"ADDRESS:
48 MELVILLE ROAD
LLOVO
SANDTON
TEL:
011-268 6140
EMAIL:
yanir@tapitalla.co.za
TRADE HEADING
KITCHEN FURNITURE INSTALLATIONS","48 MELVILLE ROAD
LLOVO
SANDTON
TEL; 268 6140
EMAIL",011-268 6140,yanir@tapitalla.co.za,
GALLOWAY WOODWORK ENTERPRISES CC,"ADDRESS:
PLOT 7 
284 DEODAR STREET
POMONA
KEMPTON PARK
TEL:
011-979 3187
FAX:
011-979 3187
EMAIL:
info@gallowaywoodworks.co.za
TRADE HEADING
KITCHEN FURNITURE INSTALLATIONS","7 
284 DEODAR STREET
POMONA
KEMPTON PARK
TEL; 979 3187
FAX; 979 3187
EMAIL","011-979 3187, 011-979 3187",info@gallowaywoodworks.co.za,
MOLYKOTE INDUSTRIES LUBRICANTS,"ADDRESS:
14 LIMPOPO ROAD
PROTEC PARK
TERENUVE
KEMPTON PARK
TEL:
011-393 1881
EMAIL:
johnd@seelservices.co.za
TRADE HEADING
LUBRICANTING EQUIPMENT","14 LIMPOPO ROAD
PROTEC PARK
TERENUVE
KEMPTON PARK
TEL; 393 1881
EMAIL",011-393 1881,johnd@seelservices.co.za,
INGWE GRAPHICS CC,"ADDRESS:
20 ROBINIA PLACE
BIRCH ACRES
KEMPTON PARK
TEL:
011-393 2842
EMAIL:
ingwegr@mweb.co.za
TRADE HEADING
GRAPHIC DESIGNERS","20 ROBINIA PLACE
BIRCH ACRES
KEMPTON PARK
TEL; 393 2842
EMAIL",011-393 2842,ingwegr@mweb.co.za,
CREATIVITY GRAPHIC & MARKETING (PTY) LTD,"ADDRESS:
393 KENT AVENUE
FERNDALE
RANDBURG
TEL:
011-886 7058
EMAIL:
reception@creativity.co.za
TRADE HEADING
GRAPHIC DESIGNERS","393 KENT AVENUE
FERNDALE
RANDBURG
TEL; 886 7058
EMAIL",011-886 7058,reception@creativity.co.za,
PRO ROOF,"ADDRESS:
SHOP 2A BESTER STREET
NELSPRUIT
TEL:
013-752 2286
FAX:
013-752 2849
TRADE HEADING
HARDWARE STORES","752 2286
FAX; 752 2849
TRADE HEADING
HARDWARE STORES","013-752 2286, 013-752 2849",,
ALPHA DRAINS & PLUMBING,"ADDRESS:
330 BOUNDRY ROAD
NORTH RIDING
RANDBURG
TEL:
011-795 2357
FAX:
086-111 5439
EMAIL:
audrey@alphadrains.co.za
TRADE HEADING
PLUMBERS","330 BOUNDRY ROAD
NORTH RIDING
RANDBURG
TEL; 795 2357
FAX; 111 5439
EMAIL","011-795 2357, 086-111 5439",audrey@alphadrains.co.za,
PROGRESS RECURITMENTS,"ADDRESS:
BLOCK 1 NORTHDOWNS OFFICE PARK
17 GOERGIAN CRESCENT
BRYANSTAN
SANDTON
TEL:
011-463 1344
FAX:
086-111 1375
EMAIL:
ntabiseng@zaprogress.co.za
TRADE HEADING
PERSONNEL CONSULTANTS","1 NORTHDOWNS OFFICE PARK
17 GOERGIAN CRESCENT
BRYANSTAN
SANDTON
TEL; 463 1344
FAX; 111 1375
EMAIL","011-463 1344, 086-111 1375",ntabiseng@zaprogress.co.za,
A E ELECTRICAL,"ADDRESS:
7 MARCAL CENTRE
EDENGLEN
EDENVALE
CELL:
079-316 7773
EMAIL:
ARNOLDOREGMAT@GMAIL.COM
TRADE HEADING
ELECTRICIANS","7 MARCAL CENTRE
EDENGLEN
EDENVALE
CELL; 316 7773
EMAIL",079-316 7773,ARNOLDOREGMAT@GMAIL.COM,
HALL REAL ESTATE,"ADDRESS:
67 VAN BUUREN ROAD
BEDFORDVIEW
JOHANNESBURG
TEL:
011-579 3700
FAX:
011-455 3362
EMAIL:
finance@hallreal.co.za
TRADE HEADING
REAL ESTATE","67 VAN BUUREN ROAD
BEDFORDVIEW
JOHANNESBURG
TEL; 579 3700
FAX; 455 3362
EMAIL","011-579 3700, 011-455 3362",finance@hallreal.co.za,
KEA CAMPERS / KEA RENTALS,"ADDRESS:
17 SIM ROAD
CEMTON PARK
JOHANNESBURG
TEL:
011-230 5000
EMAIL:
roelos@thrifty.co.za
TRADE HEADING
CAR HIRE","17 SIM ROAD
CEMTON PARK
JOHANNESBURG
TEL; 230 5000
EMAIL",011-230 5000,roelos@thrifty.co.za,
MAXSTONE,"ADDRESS:
COLLEGE ROAD
MULDERSDRIFT
KRUGERSDORP
TEL:
011-957 5962
FAX:
086-671 2349
EMAIL:
maxstone@mweb.co.za
TRADE HEADING
paving manufacturers","957 5962
FAX; 671 2349
EMAIL","011-957 5962, 086-671 2349",maxstone@mweb.co.za,
TOSHIBA,"ADDRESS:
3 HIGH VIEW BOULEVARD
FERNDALE
RANDBURG
TEL:
011-796 4800
FAX:
011-791 6008
EMAIL:
amy@toshiba.co.za
TRADE HEADING
OFFICE EQUIPMENT SUPPLIERS","3 HIGH VIEW BOULEVARD
FERNDALE
RANDBURG
TEL; 796 4800
FAX; 791 6008
EMAIL","011-796 4800, 011-791 6008",amy@toshiba.co.za,
SMARTSTONE (MIDRAND),"ADDRESS:
CROCUS ROAD
ALLANDALE
MIDRAND
TEL:
011-310 1161
FAX:
086-654 9154
EMAIL:
accounts@smartstone.co.za
TRADE HEADING
PAVING MANUFACTURES","310 1161
FAX; 654 9154
EMAIL","011-310 1161, 086-654 9154",accounts@smartstone.co.za,
SASCRETE PAVINGS,"ADDRESS:
10 TOM MULLER STREET
MEYERTON
TEL:
016-362 0507
FAX:
016-362 1451
EMAIL:
lourina@sascretbricks.co.za
TRADE HEADING
PAVING MANUFACTURES","10 TOM MULLER STREET
MEYERTON
TEL; 362 0507
FAX; 362 1451
EMAIL","016-362 0507, 016-362 1451",lourina@sascretbricks.co.za,
S D M EYE WEAR,"ADDRESS:
EXPRESS HOUSE
28 10 STREET
ABBOTSFORD
TEL:
011-334 7020
FAX:
011-334 6026
EMAIL:
hester@liestecs.co.za
TRADE HEADING
OPTICAL GOODS & SUPPLIES","28 10 STREET
ABBOTSFORD
TEL; 334 7020
FAX; 334 6026
EMAIL","011-334 7020, 011-334 6026",hester@liestecs.co.za,
RAND TRANSMISSION,"ADDRESS:
15 CLEVELAND
CLEVELAND
TEL:
011-621 8300
FAX:
011-622 1642
EMAIL:
elmarie@rtc.co.za
TRADE HEADING
BEARING RELATED ITEMS","15 CLEVELAND
CLEVELAND
TEL; 621 8300
FAX; 622 1642
EMAIL","011-621 8300, 011-622 1642",elmarie@rtc.co.za,
ASHBURY SATCOM,"TEL:
011-275 0296
FAX:
086-644 3843
EMAIL:
maxstone@mweb.co.za
TRADE HEADING
SATELLITE EQUIPMENT","275 0296
FAX; 644 3843
EMAIL","011-275 0296, 086-644 3843",maxstone@mweb.co.za,
TALMAC MACHINE TOOLS,"ADDRESS:
151 HARRING ROAD
WADEVILLE
GERMISTON
TEL:
011-827 6539
FAX:
011-827 6546
EMAIL:
info@talmac.co.za
TRADE HEADING
BRICK MAKING MACHINERY","151 HARRING ROAD
WADEVILLE
GERMISTON
TEL; 827 6539
FAX; 827 6546
EMAIL","011-827 6539, 011-827 6546",info@talmac.co.za,
SEW EURODRIVE,"TEL:
013-752 8007
FAX:
013-752 8008
EMAIL:
lindabe@sew.co.za
TRADE HEADING
UNINTERRUPTIBLE POWER SUPPLIES","752 8007
FAX; 752 8008
EMAIL","013-752 8007, 013-752 8008",lindabe@sew.co.za,
SEW EURODRIVE - HEAD OFFICE,"ADDRESS:
CAR OF ADCOCK INGRAM
AERODROME
TEL:
011-248 7000
FAX:
011-494 2200
EMAIL:
lindaba@sew.co.za
TRADE HEADING
uninterruptible power supplies","248 7000
FAX; 494 2200
EMAIL","011-248 7000, 011-494 2200",lindaba@sew.co.za,
EATON..,"ADDRESS:
ESANDAR ROAD
WADEVILLE
GERMISTON
TEL:
011-824 0202
FAX:
011-824 1214
EMAIL:
marlenecoetzee@eaton.com
TRADE HEADING
UNINTERRUPTIBLE POWER SUPPLIES","824 0202
FAX; 824 1214
EMAIL","011-824 0202, 011-824 1214",marlenecoetzee@eaton.com,
CHADHA POWER SA (PTY) LTD,"ADDRESS:
PINEWOOD OFFICE PARK
33 RILEY ROAD
WOODMEAD
SANDTON
TEL:
011-803 5703
FAX:
011-803 5704
EMAIL:
brunolopes@chadhapower.com
TRADE HEADING
UNINTERRUPTIBLE POWER SUPPLIES","33 RILEY ROAD
WOODMEAD
SANDTON
TEL; 803 5703
FAX; 803 5704
EMAIL","011-803 5703, 011-803 5704",brunolopes@chadhapower.com,
APC SCHINIDER ELECTRICAL,"TEL:
011-557 6600
EMAIL:
dean.pillay@schinider-electrical.com
TRADE HEADING
UNINTERRUPTIBLE POWER SUPPLIES","557 6600
EMAIL",011-557 6600,dean.pillay@schinider-electrical.com,
INKOKHELI BUSINESS ENTERPRISE,"ADDRESS:
KRUGER AVENUE
VEREENIGING
TEL:
016-422 9012
FAX:
016-422 9896
EMAIL:
inkokheli@yahoo.com
TRADE HEADING
CONSTRUCTION","422 9012
FAX; 422 9896
EMAIL","016-422 9012, 016-422 9896",inkokheli@yahoo.com,
ITAL CONCRETE DESIGN CC,"ADDRESS:
29 CHEVROLET STREET
AUREUS EXT 3
RANDFONTEIN
TEL:
011-693 4415
FAX:
011-693 1240
EMAIL:
admin@italconcrete.co.za
TRADE HEADING
CONSTRUCTION","29 CHEVROLET STREET
AUREUS EXT 3
RANDFONTEIN
TEL; 693 4415
FAX; 693 1240
EMAIL","011-693 4415, 011-693 1240",admin@italconcrete.co.za,
PSS DISTRIBUTORS (EDENVALE),"ADDRESS:
LONG MEADOW
B EST ANGUS CRESCENT
MODDERFONTEIN
EDENVALE
TEL:
011-608 4259
FAX:
011-608 4260
EMAIL:
sales@pss.co.za
TRADE HEADING
UNINTERRUPTIBLE POWER SERVICES","608 4259
FAX; 608 4260
EMAIL","011-608 4259, 011-608 4260",sales@pss.co.za,
SKY CHEM & LAB SUPPLIES CC,"ADDRESS:
17 JURIE ROAD
ALRODE
ALBERTON
TEL:
011-864 4009
EMAIL:
ttrr@telkomsa.net
TRADE HEADING
LABORATORY EQUIPMENT","17 JURIE ROAD
ALRODE
ALBERTON
TEL; 864 4009
EMAIL",011-864 4009,ttrr@telkomsa.net,
MICROSEP,"TEL:
011-553 2300
FAX:
011-553 2400
EMAIL:
info@microsep.co.za
TRADE HEADING
LABORATORY EQUIPMENT","553 2300
FAX; 553 2400
EMAIL","011-553 2300, 011-553 2400",info@microsep.co.za,
MICRON LABORATORY SERVICES CC,"TEL:
013-690 1532
FAX:
013-656 1000
EMAIL:
brenden@mlabs.co.za
TRADE HEADING
laboratory equipment","690 1532
FAX; 656 1000
EMAIL","013-690 1532, 013-656 1000",brenden@mlabs.co.za,
CRAW COUR,"ADDRESS:
GLENREGAL
30 GLENMARAIS
TEL:
011-396 2334
EMAIL:
office@tclabservices.co.za
TRADE HEADING
LABORATORY EQUIPMENT","30 GLENMARAIS
TEL; 396 2334
EMAIL",011-396 2334,office@tclabservices.co.za,
AGILENT TECHNOLOGIES - LIFE SCIENCES & CHEMICAL ANALYSIS,"ADDRESS:
CENTRAL PARK
400 16TH ROAD
MIDRAND
TEL:
011-541 9801
FAX:
011-541 9802
EMAIL:
elizmas@chemetrix.co.za
TRADE HEADING
LABORATORY EQUIPMENT","400 16TH ROAD
MIDRAND
TEL; 541 9801
FAX; 541 9802
EMAIL","011-541 9801, 011-541 9802",elizmas@chemetrix.co.za,
GOLDEN POND TRADING 67,"ADDRESS:
1 RAND LEASES ROAD
FLORIDA
ROODEPORT
TEL:
011-674 0048
FAX:
086-603 1180
EMAIL:
goldenoond@telkomsa.net
TRADE HEADING
LABORATORY EQUIPMENT","1 RAND LEASES ROAD
FLORIDA
ROODEPORT
TEL; 674 0048
FAX; 603 1180
EMAIL","011-674 0048, 086-603 1180",goldenoond@telkomsa.net,
LABORATORY EQUIPMENT SUPPLIES CC,"ADDRESS:
379 MEYER STREET
GERMISTON
TEL:
011-873 5001
FAX:
086-670 8260
EMAIL:
ashtree@mweb.co.za
TRADE HEADING
LABORATORY EQUIPMENT","379 MEYER STREET
GERMISTON
TEL; 873 5001
FAX; 670 8260
EMAIL","011-873 5001, 086-670 8260",ashtree@mweb.co.za,
ANATECH INSTRUMENTS (PTY) LTD.,"ADDRESS:
NEABOWBROOK OFFICE PARK
JACARANDA AVENUE
OLIVEDALE
RANDBURG
TEL:
011-462 6776
FAX:
011-704 0490
EMAIL:
liza@anatech.co.za
TRADE HEADING
LABORATORY EQUIPMENT","462 6776
FAX; 704 0490
EMAIL","011-462 6776, 011-704 0490",liza@anatech.co.za,
CARL ZEISS (PTY) LTD,"ADDRESS:
363 OAK AVENUE
FERNDALE
RANDBURG
TEL:
011-886 9510
FAX:
011-886 9592
EMAIL:
claudia.nicholl@zeiss.com
TRADE HEADING
LABORATORY EQUIPMENT","363 OAK AVENUE
FERNDALE
RANDBURG
TEL; 886 9510
FAX; 886 9592
EMAIL","011-886 9510, 011-886 9592",claudia.nicholl@zeiss.com,
HOUGHTON HOUSE RECOVERY CENTRE,"ADDRESS:
432 YORK AVENUE
FERNDALE
RANDBURG
TEL:
011-787 9142
FAX:
011-781 7348
TRADE HEADING
REHABILITATION","432 YORK AVENUE
FERNDALE
RANDBURG
TEL; 787 9142
FAX; 781 7348
TRADE HEADING
REHABILITATION","011-787 9142, 011-781 7348",,
FLI AFRIKA TRAVEL (PTY) LTD,"ADDRESS:
53 CENTRAL STREET
HOUGHTON
JOHANNESBURG
TEL:
011-718 2012
FAX:
011-483 0049
EMAIL:
accounts@fli-afrika.com
TRADE HEADING
travel agents","53 CENTRAL STREET
HOUGHTON
JOHANNESBURG
TEL; 718 2012
FAX; 483 0049
EMAIL","011-718 2012, 011-483 0049",accounts@fli-afrika.com,
SURE ZENOJET TRAVEL,"ADDRESS:
46 1ST AVENUE
DUNVEGAN
EDENCALE
TEL:
011-022 6410
FAX:
011-453 9201
EMAIL:
jacqui@zenojettravel.co.za
TRADE HEADING
TRAVEL AGENTS","46 1ST AVENUE
DUNVEGAN
EDENCALE
TEL; 022 6410
FAX; 453 9201
EMAIL","011-022 6410, 011-453 9201",jacqui@zenojettravel.co.za,
B C D TRAVEL,"ADDRESS:
ISLE OF HOUGTON DD TRAFFORD
4 BONDRY ROAD
HOUGHTON
TEL:
011-274 4000
FAX:
086-588 0711
EMAIL:
julianne.baker@bedtravel.co.za
TRADE HEADING
TRAVEL AGENTS","4 BONDRY ROAD
HOUGHTON
TEL; 274 4000
FAX; 588 0711
EMAIL","011-274 4000, 086-588 0711",julianne.baker@bedtravel.co.za,
EMERALD CASINO RESORT,"ADDRESS:
777 FRIKKIE MEYER BOULEVARD
VANDERBIJLPARK
TEL:
016-982 8000
FAX:
016-982 2546
EMAIL:
charnev@emeraldcasino.co.za
TRADE HEADING
ENTERTAINMENT","777 FRIKKIE MEYER BOULEVARD
VANDERBIJLPARK
TEL; 982 8000
FAX; 982 2546
EMAIL","016-982 8000, 016-982 2546",charnev@emeraldcasino.co.za,
NATIONAL GLASS (PTY) LTD,"ADDRESS:
JANSEN STREET
ROCKY
TEL:
013-758 2191
EMAIL:
admin@nationalglass.co.za
TRADE HEADING
AUCTIONEERS","758 2191
EMAIL",013-758 2191,admin@nationalglass.co.za,
FIFTH AVENUE AUCTIONEERS,"ADDRESS:
404 JAN SMUTS AVENUE
CRAIGHALL PARK
JOHANNESBURG
TEL:
011-781 2040
FAX:
011-787 7593
TRADE HEADING
AUCTIONEERS","404 JAN SMUTS AVENUE
CRAIGHALL PARK
JOHANNESBURG
TEL; 781 2040
FAX; 787 7593
TRADE HEADING
AUCTIONEERS","011-781 2040, 011-787 7593",,
TRAVKOR (PTY) LTD,"ADDRESS:
78 ELIZABETH AVENUE
SANDHURST
SANDTON
TEL:
011-883 7803
EMAIL:
jeeway@travkor.co.za
TRADE HEADING
TRAVEL AGENTS`","78 ELIZABETH AVENUE
SANDHURST
SANDTON
TEL; 883 7803
EMAIL",011-883 7803,jeeway@travkor.co.za,
NEW WORLD TRAVEL,"ADDRESS:
45 FRIEDLAND AVENUE
CYRILDENE
JOHANNESBURG
TEL:
011-622 7129
EMAIL:
jianping.dorris@yahoo.com
TRADE HEADING
TRAVEL AGENTS","45 FRIEDLAND AVENUE
CYRILDENE
JOHANNESBURG
TEL; 622 7129
EMAIL",011-622 7129,jianping.dorris@yahoo.com,
GOLDEN NEO-LIFE DIAMITE (PTY) LTD,"ADDRESS:
109 ALUMINA ALLEE STREET
NGOYA PARK
ALTON NORTH
TEL:
035-751 1541
FAX:
035-751 1520
EMAIL:
TANITH.PARKIN@GNLD.CO.ZA
TRADE HEADING
sanitary hygien products","109 ALUMINA ALLEE STREET
NGOYA PARK
ALTON NORTH
TEL; 751 1541
FAX; 751 1520
EMAIL","035-751 1541, 035-751 1520",TANITH.PARKIN@GNLD.CO.ZA,
WATER SHED COLLEGE.,"ADDRESS:
15 ROOD STREET
NELSPRUIT
MBOMBELA
TEL:
013-752 6917
FAX:
013-752 6917
CELL:
072 318 1250
EMAIL:
info@watershedschool.co.za
TRADE HEADING
SCHOOL & COLLEGES","15 ROOD STREET
NELSPRUIT
MBOMBELA
TEL; 752 6917
FAX; 752 6917
CELL; 072 318 1250
EMAIL","013-752 6917, 013-752 6917, 072 318 1250",info@watershedschool.co.za,
AC RECRUITMENT,"ADDRESS:
214 MONUMENT ROAD
VILLA VALENCIA
GLEN MARAIS
KEMPTON PARK
GAUTENG
TEL:
011-979 1053
TRADE HEADING
RECURITMENT","214 MONUMENT ROAD
VILLA VALENCIA
GLEN MARAIS
KEMPTON PARK
GAUTENG
TEL; 979 1053
TRADE HEADING
RECURITMENT",011-979 1053,,
M I LIFTING CC,"ADDRESS:
17 PIKCAIRN ROAD
BLAIRGOWIE
RANDBURG
TEL:
011-888 3308
FAX:
011-888 9148
CELL:
083 679 1208
EMAIL:
info@milifting.co.za
TRADE HEADING
LIFT MANUFACTURERS","17 PIKCAIRN ROAD
BLAIRGOWIE
RANDBURG
TEL; 888 3308
FAX; 888 9148
CELL; 083 679 1208
EMAIL","011-888 3308, 011-888 9148, 083 679 1208",info@milifting.co.za,
SMART STONE (MIDRAND),"ADDRESS:
Cnr Cresset & Musket Roads
Midrand Industrial Park
Midrand

Call: 
0861 SMART 1 (0861 76278 1)

Tel: 
011 310 1161

Fax: 
011 310 1172

Email: 
midrand@smartstone.co.za 
TRADE HRADING
cobblestone paving
flagston","0861 SMART 1 ; 0861 76278 1; 011 310 1161

Fax; 011 310 1172

Email","011 310 1161, 011 310 1172",midrand@smartstone.co.za,
SHEER MAGIC,"ADDRESS
17 RYT STREET
BEVERLY GARDENS
RANDBURG
TEL:
011-789 7847
EMAIL:
magic@sheermagic.co.za
TRADE HEADING
VENDING MACHINES","17 RYT STREET
BEVERLY GARDENS
RANDBURG
TEL; 789 7847
EMAIL",011-789 7847,magic@sheermagic.co.za,
VENDING TECHNICAL SERVICES (GAUTENG),"ADDRESS:
75 MAPLE ROAD
POMONA
KEMPTON PARK
TEL:
011-396 1032
EMAIL:
francois@vts.gauteng.co.za
TRADE HEADING
VENDING MACHINES","75 MAPLE ROAD
POMONA
KEMPTON PARK
TEL; 396 1032
EMAIL",011-396 1032,francois@vts.gauteng.co.za,
ELECTRONIC VENDING SERVICES (PTY) LTD,"ADDRESS:
B 2 RIVER ROAD
KYA SANA
RANDBURG
TEL:
011- 708 2542
EMAIL
accounts@evssa.co.za
TRADE HEADING
VENDING MACHINES","2 RIVER ROAD
KYA SANA
RANDBURG
TEL; 708 2542
EMAIL
accounts",011- 708 2542,accounts@evssa.co.za,
CROSSLATE AUCTIONEERS,"ADDRESS:
TOP ROAD
BOKSBURG NORTH
BOKSBURG
TEL:
011-894 7366
FAX:
011-894 5617
EMAIL
max@xtcte.co.za
TRADE HEADING
AUCTIONEERS","894 7366
FAX; 894 5617
EMAIL
max","011-894 7366, 011-894 5617",max@xtcte.co.za,
AUCOR (PTY) LYD,"ADDRESS:
562 15TH ROAD
RANDJESPARK
MIDRAND
TEL:
011-237 4444
FAX:
011-237 4445
EMAIL
melinda@aucor.co.za
TRADE HEADING
AUCTIONEERS","562 15TH ROAD
RANDJESPARK
MIDRAND
TEL; 237 4444
FAX; 237 4445
EMAIL
melinda","011-237 4444, 011-237 4445",melinda@aucor.co.za,
ABLAND (PTY) LTD,"ADDRESS:
ABCON HOUSE 52 GROSVENOR ROAD
BRYANSTON
SANDTON
TEL:
011-510 9999
FAX:
011-510 9990
EMAIL
bchristineb@abland.co.za
TRADE HEADING
CONSTRUCTION","52 GROSVENOR ROAD
BRYANSTON
SANDTON
TEL; 510 9999
FAX; 510 9990
EMAIL
bchristineb","011-510 9999, 011-510 9990",bchristineb@abland.co.za,
THE RIDGE CASINO & ENTERTAINMENT RESORT,"ADDRESS:
CNR MANDELA STREET
& N4 HIGHWAY
EMALHLENI
WITBANK
TEL:
013-655 9300
FAX:
013-692 6770
EMAIL
kennethnhopho@tsogsun.com
TRADE HEADING
entertainment resort","4 HIGHWAY
EMALHLENI
WITBANK
TEL; 655 9300
FAX; 692 6770
EMAIL
kennethnhopho","013-655 9300, 013-692 6770",kennethnhopho@tsogsun.com,
NV CONSTRUCTION CC,"ADDRESS:
215 PRETORIA ROAD
RYNFIELDS
TEL:
011-849 9797
FAX:
011-849 1843
EMAIL:
vilarinho@telkomsa.net
TRADE HEADING
CONSTRUCTION","215 PRETORIA ROAD
RYNFIELDS
TEL; 849 9797
FAX; 849 1843
EMAIL","011-849 9797, 011-849 1843",vilarinho@telkomsa.net,
NATIONAL HOME BUILDERS REGISTRATION COUNCIL,"ADDRESS:
10 MUSWELL ROAD SOUTH
PHASE 4 MEDSCHEME BUILDING
BRYANSTON
TEL:
011-317 0000
FAX:
011-804 1045
EMAIL:
conradm@nhbrc.org.za
TRADE HEADING
CONSTRUCTION","10 MUSWELL ROAD SOUTH
PHASE 4 MEDSCHEME BUILDING
BRYANSTON
TEL; 317 0000
FAX; 804 1045
EMAIL","011-317 0000, 011-804 1045",conradm@nhbrc.org.za,
KORONGO AIRLINES,"ADDRESS:
156 BRAAMFISHER DRIVE
HOLIDAY HOUSE
RANDBURG
TEL:
011-289 8019
FAX:
011-289 8072
TRADE HEADING
TRAVEL AGENTS","156 BRAAMFISHER DRIVE
HOLIDAY HOUSE
RANDBURG
TEL; 289 8019
FAX; 289 8072
TRADE HEADING
TRAVEL AGENTS","011-289 8019, 011-289 8072",,
LEADERS IN TRAVEL CC,"ADDRESS:
105 MAIN ROAD
FORDSBURG
JOHANNESBURG
TEL:
011-832 1525
FAX:
011-838 6454
TRADE HEADING
TRAVEL AGENTS","105 MAIN ROAD
FORDSBURG
JOHANNESBURG
TEL; 832 1525
FAX; 838 6454
TRADE HEADING
TRAVEL AGENTS","011-832 1525, 011-838 6454",,
ROSEBANK TRAVEL,"ADDRESS:
8 ARNOLD ROAD
ROSEBANK
JOHANNESBURG
TEL:
011-880 5954
FAX:
011-880 3600
TRADE HEADING
TRAVEL AGENTS","8 ARNOLD ROAD
ROSEBANK
JOHANNESBURG
TEL; 880 5954
FAX; 880 3600
TRADE HEADING
TRAVEL AGENTS","011-880 5954, 011-880 3600",,
SUR PROTRAVEL (PTY) LTD,"ADDRESS:
PRISM BUSINESS PARK
RUBY CLOSE
FOURWAYS
SANDTON
TEL:
011-465 0626
EMAIL:
ch@pro-travel.co.za
TRADE HEADING
TRAVEL AGENTS","465 0626
EMAIL",011-465 0626,ch@pro-travel.co.za,
RUSTENBURG TRAVEL,"ADDRESS:
6 WATERKLOOF CENTRE
176 BEYERS NAUDE DRIVE
RUSTENBURG
TEL:
014-592 0251
FAX:
014-597 1280
EMAIL:
janad.raty@tgalieo.sa.co.za
TRADE HEADING
TRAVEL AGENTS","6 WATERKLOOF CENTRE
176 BEYERS NAUDE DRIVE
RUSTENBURG
TEL; 592 0251
FAX; 597 1280
EMAIL","014-592 0251, 014-597 1280",janad.raty@tgalieo.sa.co.za,
ROYAL GOLD TRAVEL AGENCY,"ADDRESS:
BUGDET HOUSE
130 MAIN STREET
MARSHALTOWN
WALKERVILLE
TEL:
011-331 6570
FAX:
086-590 0707
EMAIL:
rayalgoldagency@yahoo.co.za
TRADE HEADING
TRAVEL AGENTS","130 MAIN STREET
MARSHALTOWN
WALKERVILLE
TEL; 331 6570
FAX; 590 0707
EMAIL","011-331 6570, 086-590 0707",rayalgoldagency@yahoo.co.za,
PINEHAVEN BUILD IT,"ADDRESS:
PLOT 66
STRUBEN ROAD
RIETULEI
MOGALE CITY
TEL:
011-662 2461
FAX:
086-693 3927
TRADE HEADING
HARDWARE STORES","66
STRUBEN ROAD
RIETULEI
MOGALE CITY
TEL; 662 2461
FAX; 693 3927
TRADE HEADING
HARDWARE STORES","011-662 2461, 086-693 3927",,
SIYASIZANA CASH LOANS,"ADDRESS:
43 KRUGER PARK STREET
WHITE RIVER
TEL:
013-750 2864
EMAIL:
mathildaswart8@gmail.com
TRADE HEADING
LOANS","43 KRUGER PARK STREET
WHITE RIVER
TEL; 750 2864
EMAIL",013-750 2864,mathildaswart8@gmail.com,
PEX HYDRAULICS,"ADDRESS:
119 - 10TH AVENUE
KEW
JOHANNESBURG
TEL:
011-882 8413
EMAIL:
teresa@pex.co.za
TRADE HEADING
HYDRAULIC SERVICES","119 - 10TH AVENUE
KEW
JOHANNESBURG
TEL; 882 8413
EMAIL",011-882 8413,teresa@pex.co.za,
GINGER BROWN,"ADDRESS:
1 ERMELO ROAD
STRUBENVALE
SPRINGS
TEL:
011-362 6500
FAX:
011-362 2771
EMAIL:
gingerbrown@iafrica.com
TRADE HEADING
WATER COOLERS","1 ERMELO ROAD
STRUBENVALE
SPRINGS
TEL; 362 6500
FAX; 362 2771
EMAIL","011-362 6500, 011-362 2771",gingerbrown@iafrica.com,
MINERAL WATER MAN,"ADDRESS:
15 SKYWAY BUSINESS PARK
C R SWART DRIVE
STRIJDOM PARK
RANDBURG
JOHANNESBURG
TEL:
011-792 9898
FAX:
011-791 3945
EMAIL:
judy@mineralman.co.za
TRADE HEADING
WATER COOLERS","15 SKYWAY BUSINESS PARK
C R SWART DRIVE
STRIJDOM PARK
RANDBURG
JOHANNESBURG
TEL; 792 9898
FAX; 791 3945
EMAIL","011-792 9898, 011-791 3945",judy@mineralman.co.za,
AMALGUM INVESTMENT 19 (PTY) LTD,"ADDRESS:
EDENDALE ROAD
EASTLEIGH EDENVALE
JOHANNESBURG
TEL:
011-452 8413
EMAIL:
ggv@telkomsa.net
TRADE HEADING
WELDING EQUIPMENT SERVICES","452 8413
EMAIL",011-452 8413,ggv@telkomsa.net,
AFRICAN OXYGEN LTD (HEAD OFFICE),"TEL:
011-490 0400
EMAIL:
linda.barrows@afrox.linde.com
TRADE HEADING
WELDING EQUIPMENT SERVICES","490 0400
EMAIL",011-490 0400,linda.barrows@afrox.linde.com,
SA WELDING (PTY) LTD (HEAD OFFICE),"ADDRESS:
58 ROAD 5 BRENWOOD PARK
JOHANNESBURG
TEL:
011-395 1311
EMAIL:
hannelie@sawelding.com
TRADE HEADING
WELDING EQUIPMENT SERVICES","58 ROAD 5 BRENWOOD PARK
JOHANNESBURG
TEL; 395 1311
EMAIL",011-395 1311,hannelie@sawelding.com,
SA WELDING (PTY) LTD,"ADDRESS:
183 EDISON BOULEVARD
EDISON BUILDING
VANDERBILJPARK
TEL:
016-931 9051
EMAIL:
hannelie@sawelding.co.za
TRADE HEADING
WELDING EQUIPMENT SERVICES","183 EDISON BOULEVARD
EDISON BUILDING
VANDERBILJPARK
TEL; 931 9051
EMAIL",016-931 9051,hannelie@sawelding.co.za,
RISING SUN FIELD SERVICES & MAINTENANCE CC,"ADDRESS:
24 VAN BERGEN STREET
MBOMBELA
TEL:
013-752 7011
EMAIL:
risingsun@vodamail.co.za
TRADE HEADING
WELDING METHODS & PROCESSES","24 VAN BERGEN STREET
MBOMBELA
TEL; 752 7011
EMAIL",013-752 7011,risingsun@vodamail.co.za,
GANSET REPAIRS,"ADDRESS:
24 SKUSCHKE
MEYERTON
TEL:
016-362 2454
FAX:
016-362 3466
EMAIL:
info@gensetrepairs.co.za
TRADE HEADING
welding equipment services","24 SKUSCHKE
MEYERTON
TEL; 362 2454
FAX; 362 3466
EMAIL","016-362 2454, 016-362 3466",info@gensetrepairs.co.za,
DIESEL ELECTRIC SERVICES (PTY) LTD,"ADDRESS:
27 MEWETT STREET
OPHIRTON
JOHANNESBURG
TEL:
011-298 1600
FAX:
011-493 0282
EMAIL:
dieselelect@icon.co.za
TRADE HEADING
UNINTERRUPTIBLE POWER SUPPLIES","27 MEWETT STREET
OPHIRTON
JOHANNESBURG
TEL; 298 1600
FAX; 493 0282
EMAIL","011-298 1600, 011-493 0282",dieselelect@icon.co.za,
PHD POWER DISTRIBUTION CC,"ADDRESS:
115 - 10TH ROAD
KEW
SANDTON
JOHANNESBURG
TEL:
011-346 1812
EMAIL:
regina@rhdpowerhouse.co.za
TRADE HEADING
UNINTERRUPTIBLE POWER SUPPLIES","115 - 10TH ROAD
KEW
SANDTON
JOHANNESBURG
TEL; 346 1812
EMAIL",011-346 1812,regina@rhdpowerhouse.co.za,
COFLER & CO (PTY) LTD,"ADDRESS:
25 2ND AVENUE
JOHANNESBURG
TEL:
011-482 6944
FAX:
011-482 0945
EMAIL:
pino@netactive.co.za
TRADE HEADING
LOCK MANUFACTURES","25 2ND AVENUE
JOHANNESBURG
TEL; 482 6944
FAX; 482 0945
EMAIL","011-482 6944, 011-482 0945",pino@netactive.co.za,
D G B (PTY) LTD,"ADDRESS:
724 16TH ROAD
RANDJES PARK
MIDRAND
TEL:
011-653 1000
FAX:
011-653 1101
TRADE HEADING
WINE & SPIRIT WHOLESALE SERVICES","724 16TH ROAD
RANDJES PARK
MIDRAND
TEL; 653 1000
FAX; 653 1101
TRADE HEADING
WINE ","011-653 1000, 011-653 1101",,
ULTRALLOY (PTY) LTD,"ADDRESS:
24 STAAL STREET
KYA SANDS
RANDBURG
TEL:
011-462 2217
FAX:
011-462 3509
TRADE HEADING
WELDING EQUIPMENT","24 STAAL STREET
KYA SANDS
RANDBURG
TEL; 462 2217
FAX; 462 3509
TRADE HEADING
WELDING EQUIPMENT","011-462 2217, 011-462 3509",,
DEZI WELDING & PROJECTS CC,"ADDRESS:
36 ALFRED STREET
NEWLANDS
JOHANNESBURG
TEL:
011-673 3352
FAX:
011-477 0002
TRADE HEADING
WELDING EQUIPMENT","36 ALFRED STREET
NEWLANDS
JOHANNESBURG
TEL; 673 3352
FAX; 477 0002
TRADE HEADING
WELDING EQUIPMENT","011-673 3352, 011-477 0002",,
MOOLAAN IRON & STEEL,"ADDRESS:
37 MAIN REEF
DUNSWART
GERMISTON
TEL:
011-421 0303
FAX:
011-421 9229
TRADE HEADING
STEEL STOCKHOLDERS","37 MAIN REEF
DUNSWART
GERMISTON
TEL; 421 0303
FAX; 421 9229
TRADE HEADING
STEEL STOCKHOLDERS","011-421 0303, 011-421 9229",,
SEIBOD GAS & WELDING SUPPLIES,"ADDRESS:
36 GEDULD STREET
SASOLBURG
TEL:
016-976 0053
FAX:
016-976 0054
EMAIL:
seibodivan@telkomsa.net
TRADE HEADING
WELDING EQUIPMENT","36 GEDULD STREET
SASOLBURG
TEL; 976 0053
FAX; 976 0054
EMAIL","016-976 0053, 016-976 0054",seibodivan@telkomsa.net,
BRAND WELD (PTY) LTD,"ADDRESS:
37 DIRECTOR STREET
AEROPORT
KEMPTON
PARK
TEL:
011-392 5661
FAX:
011-392 3145
EMAIL:
pam@brandweld.co.za
TRADE HEADING
WELDING EQUIPMENT","37 DIRECTOR STREET
AEROPORT
KEMPTON
PARK
TEL; 392 5661
FAX; 392 3145
EMAIL","011-392 5661, 011-392 3145",pam@brandweld.co.za,
WELDING & ENGINEERING SUPPLIES,"ADDRESS:
45 DEODAR STREET
PRIMROSE EAST
GERMISTON
TEL:
011-828 9907
EMAIL:
CAREW@GLOBEL.CO.ZA
TRADE HEADING
WELDING EQUIPMENT","45 DEODAR STREET
PRIMROSE EAST
GERMISTON
TEL; 828 9907
EMAIL",011-828 9907,CAREW@GLOBEL.CO.ZA,
VERA CRUZ (PTY) LTD,"ADDRESS:
65 JONAS ROAD
GERMISTON
TEL:
01-842 7100
FAX:
011-872 1078
EMAIL:
billie@veracruz.co.za
TRADE HEADING
SHEET METAL WORK SERVICES","65 JONAS ROAD
GERMISTON
TEL; 842 7100
FAX; 872 1078
EMAIL","01-842 7100, 011-872 1078",billie@veracruz.co.za,
THERMITREX (PTY) LTD,"ADDRESS:
39 DAVID STREET
BOKSBURG EAST
JOHANNESBURG
TEL:
011-914 2540
EMAIL:
christine@thermitrex.co.za
TRADE HEADING
WELDING EQUIPMENT","39 DAVID STREET
BOKSBURG EAST
JOHANNESBURG
TEL; 914 2540
EMAIL",011-914 2540,christine@thermitrex.co.za,
GEE SIX SUPER WELD (PTY) LTD,"ADDRESS:
12 SCHALK BURGER STREET
SECUNDA
TEL:
017-631 5571
EMAIL:
sales@geesix.co.za
TRADE HEADING
welding equipment","12 SCHALK BURGER STREET
SECUNDA
TEL; 631 5571
EMAIL",017-631 5571,sales@geesix.co.za,
INSTRUWELD CC,"ADDRESS:
38 RIDGE ROAD
LASER PARK
ROODEPOORT
TEL:
011-794 1927
FAX:
011-794 4569
EMAIL:
instruweld.cc@absamail.co.za
TRADE HEADING
WELDING EQUIPMENT","38 RIDGE ROAD
LASER PARK
ROODEPOORT
TEL; 794 1927
FAX; 794 4569
EMAIL","011-794 1927, 011-794 4569",instruweld.cc@absamail.co.za,
LMECH ENGINEERING,"ADDRESS:
53 STEEL ROAD
SPARTAN
KEMPTON PARK
TEL:
011-392 0702
FAX:
011-392 2501
EMAIL:
cmurray@refraline.com
TRADE HEADING
WELDING EQUIPMENT","53 STEEL ROAD
SPARTAN
KEMPTON PARK
TEL; 392 0702
FAX; 392 2501
EMAIL","011-392 0702, 011-392 2501",cmurray@refraline.com,
VORARC WELDING CC,"ADDRESS:
5 ROVER ROAD
ELANDSFONTEIN
GERMISTON
JOHANNESBURG
TEL:
011-828 0130
FAX:
011-828 0693
EMAIL:
accounts@vorarc.co.za
TRADE HEADING
WELDING EQUIPMENT","5 ROVER ROAD
ELANDSFONTEIN
GERMISTON
JOHANNESBURG
TEL; 828 0130
FAX; 828 0693
EMAIL","011-828 0130, 011-828 0693",accounts@vorarc.co.za,
SONOMATIC (PTY) LTD,"ADDRESS:
UNIT 49 SUNNY ROCK CLOSE
SUNNY ROCK
GERMISTON
TEL:
011-450 2324
FAX:
011-450 2327
EMAIL:
jmc@vsonomatic.co.za
TRADE HEADING
TEST INSTRUMENTS & SERVICES","49 SUNNY ROCK CLOSE
SUNNY ROCK
GERMISTON
TEL; 450 2324
FAX; 450 2327
EMAIL","011-450 2324, 011-450 2327",jmc@vsonomatic.co.za,
RIVET & WELD STUD MANUFACTURING CC,"ADDRESS:
95 MAIN REEF ROAD
BOKSBURG NORTH
JOHANNESBURG
TEL:
011-914 5103
FAX:
011-914 5106
EMAIL:
studweld@icon.co.za
TRADE HEADING
WELDING EQUIPMENT","95 MAIN REEF ROAD
BOKSBURG NORTH
JOHANNESBURG
TEL; 914 5103
FAX; 914 5106
EMAIL","011-914 5103, 011-914 5106",studweld@icon.co.za,
MESSER EUTECTIC SA (PTY) LTD,"ADDRESS:
326 ELECTRON CLOSE
KYA SANDS
RANDBURG
TEL:
011-708 1042
FAX:
011-708 2158
EMAIL:
nicolea@messer-eutetic.co.za
TRADE HEADING
WELDING EQUIPMENT","326 ELECTRON CLOSE
KYA SANDS
RANDBURG
TEL; 708 1042
FAX; 708 2158
EMAIL","011-708 1042, 011-708 2158",nicolea@messer-eutetic.co.za,
POWERMAN,"ADDRESS:
1 LANE AAANWINS
ROODEPORT
TEL:
011-794 3886
EMAIL:
jonathan@powerman.co.za
TRADE HEADING
UNINTERRUPTIBLE POWER SUPPLIES","1 LANE AAANWINS
ROODEPORT
TEL; 794 3886
EMAIL",011-794 3886,jonathan@powerman.co.za,
FLUI CONNECTO (BENONI),"ADDRESS:
16 LINCOL ROAD
BENONI INDUSTRIAL SITE
BENONI
TEL:
011-422 2805
EMAIL:
RUAN.PIETERSE@FLUICONNECTO.CO.ZA
TRADE HEADING
HYDRAULIC SERVICES","16 LINCOL ROAD
BENONI INDUSTRIAL SITE
BENONI
TEL; 422 2805
EMAIL",011-422 2805,RUAN.PIETERSE@FLUICONNECTO.CO.ZA,
PARTSERVE CHANNEL SUPPORT (PTY) LTD,"ADDRESS:
16 MILLER PLACE
PARTSERVE BUILDING
ALEXANDRA
SANDTON
TEL:
011-201 7777
EMAIL:
laurissab@partserve.co.za
TRADE HEADING
INFORMATION SERVICES","16 MILLER PLACE
PARTSERVE BUILDING
ALEXANDRA
SANDTON
TEL; 201 7777
EMAIL",011-201 7777,laurissab@partserve.co.za,
BUNNY PANTS GRAPHIC DESIGN STUDIO CC,"ADDRESS:
14 HEATH STREET
ARCON PARK
VERRRNIGING
TEL:
016-428 5322
FAX:
086-552 9695
EMAIL:
willem@bunnypants.co.za
TRADE HEADING
GRAPHIC DESIGNERS","14 HEATH STREET
ARCON PARK
VERRRNIGING
TEL; 428 5322
FAX; 552 9695
EMAIL","016-428 5322, 086-552 9695",willem@bunnypants.co.za,
GROENEVELD SA (PTY) LTD,"ADDRESS:
UNIT 58 SUNNYROCK
SUNROCK
GERMISTON
TEL:
011-450 3977
FAX:
011-450 3980
EMAIL:
dwn@themoment.co.za
TRADE HEADING
LUBRICANTING EQUIPMENT","58 SUNNYROCK
SUNROCK
GERMISTON
TEL; 450 3977
FAX; 450 3980
EMAIL","011-450 3977, 011-450 3980",dwn@themoment.co.za,
GILLESPIE DIESEL SERVICES (PTY) LTD,"ADDRESS:
6 TUNGSTEN ROAD
ISANDO
KEMPTON PARK
JOHANNESBURG
TEL:
011-392 3065
FAX:
011-392 3236
EMAIL:
admin@gillespiediesel.co.za
TRADE HEADING
UNINTERRUPTIBLE POWER SUPPLIES","6 TUNGSTEN ROAD
ISANDO
KEMPTON PARK
JOHANNESBURG
TEL; 392 3065
FAX; 392 3236
EMAIL","011-392 3065, 011-392 3236",admin@gillespiediesel.co.za,
DURA POWER MANUFACTURING,"ADDRESS:
275 GRANVILLE AVENUE
NORTH ROBERTVILLE
JOHANNESBURG
TEL:
011-672 4720
EMAIL:
sales@durapower.co.za
TRADE HEADING
UNINTERRUPTIBLE POWER SUPPLIES","275 GRANVILLE AVENUE
NORTH ROBERTVILLE
JOHANNESBURG
TEL; 672 4720
EMAIL",011-672 4720,sales@durapower.co.za,
CHEMCRAFT,"ADDRESS:
FACTORY 2
507 PRETORIA ROAD
FAIR LEADS
BENONI
TEL:
011-968 1117
FAX:
011-967 2712
EMAIL:
chemcraft@mweb.co.za
TRADE HEADING
DOCUMENT MANAGEMENT","2
507 PRETORIA ROAD
FAIR LEADS
BENONI
TEL; 968 1117
FAX; 967 2712
EMAIL","011-968 1117, 011-967 2712",chemcraft@mweb.co.za,
THE CAMERAL MAN,"ADDRESS:
19 TROJAN ROAD
STAFFORD
TEL:
011-434 5952
FAX:
011-434 4906
EMAIL:
vanessa@twimports.co.za
TRADE HEADING
CCTV SERVICES","19 TROJAN ROAD
STAFFORD
TEL; 434 5952
FAX; 434 4906
EMAIL","011-434 5952, 011-434 4906",vanessa@twimports.co.za,
NONDO & MOOR,"ADDRESS:
173 RIVONIA ROAD
ROCHESTER PLACE
MORNINGSIDE
SANDTON
TEL:
011-884 1772
FAX:
011-884 7723
TRADE HEADING
DEVELOPMENT ORGANISATIONS","173 RIVONIA ROAD
ROCHESTER PLACE
MORNINGSIDE
SANDTON
TEL; 884 1772
FAX; 884 7723
TRADE HEADING
DEVELOPMENT ORGANISATIONS","011-884 1772, 011-884 7723",,
THE SKILLS MATRIX,"ADDRESS:
14 DUIKER AVENUE
PRESIDENTSDAM
SPRINGS
TEL:
011-391 8031
FAX:
011-366 1767
EMAIL:
carien@theskillsmatrix.co.za
TRADE HEADING
TRAINING SERVICES","14 DUIKER AVENUE
PRESIDENTSDAM
SPRINGS
TEL; 391 8031
FAX; 366 1767
EMAIL","011-391 8031, 011-366 1767",carien@theskillsmatrix.co.za,
HAZCHEMWIZE (JHB),"ADDRESS:
61 RIGGER ROAD
SPARTAN PARK
KEMPTON PARK
TEL:
011-975 1218
EMAIL:
reception@hazchemwize.co.za
TRADE HEADING
TRAINING SERVICES","61 RIGGER ROAD
SPARTAN PARK
KEMPTON PARK
TEL; 975 1218
EMAIL",011-975 1218,reception@hazchemwize.co.za,
QUANTAM AUTO PARTS,"ADDRESS:
656 PRETORIA ROAD
WYNBERG
SANDTON
TEL:
011-786 8269
FAX:
011-987 9921
EMAIL:
quantumauto@telkomsa.net
TRADE HEADING
ENGINE EQUIPMENT","656 PRETORIA ROAD
WYNBERG
SANDTON
TEL; 786 8269
FAX; 987 9921
EMAIL","011-786 8269, 011-987 9921",quantumauto@telkomsa.net,
FINVEST ACCOUNTANTS,"ADDRESS:
55 VON WIELLIGH STREET
RUSTENBURG
TEL:
014-592 3984
EMAIL:
jenny@finvest.co.za
TRADE HEADING
ACCOUNTANTS","55 VON WIELLIGH STREET
RUSTENBURG
TEL; 592 3984
EMAIL",014-592 3984,jenny@finvest.co.za,
PILODIA & ASSOCIATES ACCOUNTANTS & TAX CONSULTANTS,"ADDRESS:
250 COWEN NTULI
21 EASTDENE
MIDDELBURG
TEL:
013-282 4037
EMAIL:
riazpilodia@telkomsa.net
TRADE HEADING
ACCOUNTANTS","250 COWEN NTULI
21 EASTDENE
MIDDELBURG
TEL; 282 4037
EMAIL",013-282 4037,riazpilodia@telkomsa.net,
PHUMELELA ACCOUNTANTS,"ADDRESS:
8 ROAD
NOORDWYK
MIDRAND
TEL:
011-050 0127
EMAIL:
info@phumelelaaccountants.co.za
TRADE HEADING
ACCOUNTANTS","8 ROAD
NOORDWYK
MIDRAND
TEL; 050 0127
EMAIL",011-050 0127,info@phumelelaaccountants.co.za,
MARAIS & ALCOCK PUBLIC ACCOUNTANTS,"ADDRESS:
225 RONEBULT AVENUE
FARR PARK
TEL:
011-896 5112
EMAIL:
ansia@maraisalcock.co.za
TRADE HEADING
ACCOUNTANTS","225 RONEBULT AVENUE
FARR PARK
TEL; 896 5112
EMAIL",011-896 5112,ansia@maraisalcock.co.za,
ARBEE & OSMAN CHARTERED ACCOUNTANTS (SA),"ADDRESS:
OAKS BUILDING S.A.D.C 
ST MIDDELBURG
TEL:
013-282 8358
EMAIL:
zakiyyaarbeetax@gmail.com
TRADE HEADING
ACCOUNTANTS","282 8358
EMAIL",013-282 8358,zakiyyaarbeetax@gmail.com,
WILOLEM VAN WYK REKENMEESTERS BK,"ADDRESS:
WILLIAM LYNN STREET
WHITE RIVER
TEL:
013-751 3861
FAX:
013-750 0989
EMAIL:
www@wvwaccountants.co.za
TRADE HEADING
ACCOUNTANTS","751 3861
FAX; 750 0989
EMAIL","013-751 3861, 013-750 0989",www@wvwaccountants.co.za,
THORT CHARTERED ACCOUNTANTS,"ADDRESS:
VALLEY ROAD
STRATFORD OFFICE PARK
FOURWAYS
SANDTON
TEL:
011-467 6711
EMAIL:
debtors@thortssa.co.za
TRADE HEADING
ACCOUNTANTS","467 6711
EMAIL",011-467 6711,debtors@thortssa.co.za,
D ARVANITIS & COMPANY CHARTERED ACCOUNTANTS,"ADDRESS:
31 BICCARD STREET
KRUGERSDORP
TEL:
011-953 1305
EMAIL:
darv@mweb.co.za
TRADE HEADING
ACCOUNTANTS","31 BICCARD STREET
KRUGERSDORP
TEL; 953 1305
EMAIL",011-953 1305,darv@mweb.co.za,
I A P A JOHANNESBURG CHARTERED ACCOUNTANTS,"ADDRESS:
AUTOPARKS HOUSE
13 CRESCENT
GLENHAZEL
JOHANNESBURG
TEL:
011-887 8593
EMAIL:
chavie@ipa.co.za
TRADE HEADING
ACCOUNTANTS","13 CRESCENT
GLENHAZEL
JOHANNESBURG
TEL; 887 8593
EMAIL",011-887 8593,chavie@ipa.co.za,
ERA ACCOUNTANTS,"ADDRESS:
6 ZAMBEZI STREET
THREE RIVERS
VEREENIGING
TEL:
016-454 0284
EMAIL:
era@acc.org.za
TRADE HEADING
ACCOUNTANTS","6 ZAMBEZI STREET
THREE RIVERS
VEREENIGING
TEL; 454 0284
EMAIL",016-454 0284,era@acc.org.za,
RBI CHARTERED ACCOUNTANTS INC,"ADDRESS:
34 MONKER ROAD
RANDPARK RIDGE
RANDBURG
TEL:
011-502 2900
FAX:
011-678 5230
EMAIL:
maureenb@rbiworld.co.za
TRADE HEADING
ACCOUNTANTS","34 MONKER ROAD
RANDPARK RIDGE
RANDBURG
TEL; 502 2900
FAX; 678 5230
EMAIL","011-502 2900, 011-678 5230",maureenb@rbiworld.co.za,
NETT RAND ACCOUNTANTS & AUDITORS,"ADDRESS:
683 RIVIERA LANE
FEATHERBROOKE
MOGALE CITY
TEL:
011-662 2513
EMAIL:
celichiag@netrand.co.za
TRADE HEADING
ACCOUNTANTS","683 RIVIERA LANE
FEATHERBROOKE
MOGALE CITY
TEL; 662 2513
EMAIL",011-662 2513,celichiag@netrand.co.za,
SIZWE NTSALUBA GOBODO,"ADDRESS:
41 WEST STREET
HOUGTON
JOHANNESBURG
TEL:
011-718 8600
FAX:
011-718 8601
EMAIL:
yuvonne@sng.za.com
TRADE HEADING
ACCOUNTANTS","41 WEST STREET
HOUGTON
JOHANNESBURG
TEL; 718 8600
FAX; 718 8601
EMAIL","011-718 8600, 011-718 8601",yuvonne@sng.za.com,
RECIPROCAL WINE TRADING CO (PTY) LTD,"Business Name		:	RECIPROCAL WINE TRADING Co (Pty) Ltd			
						
Physical Add.		:	PILRIG, 1 ROCKRIDGE ROAD, PARKTOWN, 2193			
						
						
Postal Add.		:				
		 				
						
Telephone No.		:	011 482 9178			
Fax No.		:	011 482 9168			
Cellular No.		:				
E-Mail Add.		:	ORDERS@RECIPROCAL.CO.ZA			
Website Add.		:	WWW.RECIPROCAL.CO.ZA			
TRADE HEADINGS						
1) 	WINE & SPIRIT SUPPLIERS","1 ROCKRIDGE ROAD, PARKTOWN, 2193			
						
						
Postal Add.		; 011 482 9178			
Fax No.		; 011 482 9168			
Cellular No.		",,ORDERS@RECIPROCAL.CO.ZA,
CARRIER MARINE SERVICES,"ADDRESS:
ROOM E7 EAST WING
3RD FLOOR 
OR TAMBO INTERNATIONAL AIRPORT
KEMPTON PARK
TEL:
011-390 2496
EMAIL:
chrisolines@servest.co.za
TRADE HEADING
WATER TRANSPORT","7 EAST WING
3RD FLOOR 
OR TAMBO INTERNATIONAL AIRPORT
KEMPTON PARK
TEL; 390 2496
EMAIL",011-390 2496,chrisolines@servest.co.za,
MODERN SCALE,"TEL:
086-172 2537
EMAIL:
paula@scalerite.co.za
TRADE HEADING
SCALE & WEIGHING EQUIPMENT","172 2537
EMAIL",086-172 2537,paula@scalerite.co.za,
INSTRUMENT TRANSFORMER TECHNOLOGIES (PTY) LTD,"ADDRESS:
184 A VARBARA ROAD
JOHANNESBURG
TEL:
011-822 8022
FAX:
011-822 1651
EMAIL:
jan@ittza.co.za
TRADE HEADING
GENERATORS & ACCESSORIES","184 A VARBARA ROAD
JOHANNESBURG
TEL; 822 8022
FAX; 822 1651
EMAIL","011-822 8022, 011-822 1651",jan@ittza.co.za,
SYSTEM AIR,"ADDRESS:
STAND 185 NORTHLANDS BUSINESS PARK
OLYMPIC DUAL AVENUE
NORTH RIDING
JOHANNESBURG
TEL:
011-462 7993
EMAIL:
savn@systemair.co.za
TRADE HEADING
VENTILATOR & AIR VENT EQUIPMENT","185 NORTHLANDS BUSINESS PARK
OLYMPIC DUAL AVENUE
NORTH RIDING
JOHANNESBURG
TEL; 462 7993
EMAIL",011-462 7993,savn@systemair.co.za,
ALPHA POWER - OFFICE,"TEL:
011-453 3749
EMAIL:
ej@alphapower.co.za
TRADE HEADING
UNINTERRUPTIBLE POWER SUPPLIES","453 3749
EMAIL",011-453 3749,ej@alphapower.co.za,
WILFRED & SON SWOP & PAWN,"ADDRESS:
359 2 AVENUE
ENNERDALE
GRASMERE
TEL:
011-855 4469
EMAIL:
shantelle@mtnloaded.co.za
TRADE HEADING
PAWN BROKERS","359 2 AVENUE
ENNERDALE
GRASMERE
TEL; 855 4469
EMAIL",011-855 4469,shantelle@mtnloaded.co.za,
IMPRO TECHNOLOGIES (PTY) LTD (BROADACRES),"ADDRESS:
UNIT 1 / 2 GATESIDE CNR CEBAR
& GATESIDE AVENUE
BROADACRES
TEL:
086- 004 6776
EMAIL:
derrenl@impro.net
TRADE HEADING
access control","2 GATESIDE CNR CEBAR
; 004 6776
EMAIL",086- 004 6776,derrenl@impro.net,
HYPER PAWN (FLORIDA),"ADDRESS:
31 GOLDMAN STREET
FLORIDA
ROODEPOORT
TEL:
011-674 3752
EMAIL:
hyperpawn@live.co.za
TRADE HEADING
PAWN BROKERS","31 GOLDMAN STREET
FLORIDA
ROODEPOORT
TEL; 674 3752
EMAIL",011-674 3752,hyperpawn@live.co.za,
GOLD & FINANCE,"ADDRESS:
2 MAUDE STREET
7TH FLOOR FORUM BUILDING
TEL:
011-883 9972
EMAIL:
info@goldfin.co.za
TRADE HEADING
PAWN BROKERS","2 MAUDE STREET
7TH FLOOR FORUM BUILDING
TEL; 883 9972
EMAIL",011-883 9972,info@goldfin.co.za,
M F N LIFTING SYSTEM,"ADDRESS:
284 DEODAR STREET
PORNONA
KEMPTON PARK
TEL:
011-552 3505
FAX:
086-612 9006
TRADE HEADING
LIFT GEAR","284 DEODAR STREET
PORNONA
KEMPTON PARK
TEL; 552 3505
FAX; 612 9006
TRADE HEADING
LIFT GEAR","011-552 3505, 086-612 9006",,
THAVALERIE TRAVEL,"ADDRESS:
20 GRAHAM ROAD
ARCADIA
EAST LONDON
TEL:
043-722 3701
FAX:
043-722 4415
EMAIL:
thavlerietravel@telkomsa.net
TRADE HEADING
TRAVEL AGENCY","20 GRAHAM ROAD
ARCADIA
EAST LONDON
TEL; 722 3701
FAX; 722 4415
EMAIL","043-722 3701, 043-722 4415",thavlerietravel@telkomsa.net,
SISONKE DEVELOPMENT PLANNERS,"ADDRESS
6 STREK STREET
NELSPRUIT
TEL:
013-755 2914
FAX:
013-755 2803
EMAIL:
marika@sisonkedevelopmentplanners.co.za
TRADE HEADING
LOCAL GOVERMENT","6 STREK STREET
NELSPRUIT
TEL; 755 2914
FAX; 755 2803
EMAIL","013-755 2914, 013-755 2803",marika@sisonkedevelopmentplanners.co.za,
GARTNER AFRICA,"ADDRESS
2ND FLOOR YHE DISTRICT
8 KIKUYA ROAD
SUNNINGHILL
SANDTON
TEL:
011-803 4706
EMAIL:
lisa.lawlor@qartner.co.za
TRADE HEADING
INFORMATION SERVICES","8 KIKUYA ROAD
SUNNINGHILL
SANDTON
TEL; 803 4706
EMAIL",011-803 4706,lisa.lawlor@qartner.co.za,
TEAM DIESEL SERVICES CC,"ADDRESS
10 MODEL ROAD
WITFIELD
BOKSBURG
TEL:
011-823 3770
FAX:
011-823 2652
EMAIL:
busi@teamdiesel.co.za
TRADE HEADING
DIESEL ENGINEERING","10 MODEL ROAD
WITFIELD
BOKSBURG
TEL; 823 3770
FAX; 823 2652
EMAIL","011-823 3770, 011-823 2652",busi@teamdiesel.co.za,
DOCUTILE (JHB) (PTY) LTD,"ADDRESS:
CAPITAL HILL COMMERCIAL ESTATE
85 MORKELS CLOSE
HALFWAY HOUSE
MIDRAND
TEL:
011-312 5000
EMAIL:
candice@docutile.co.za
TRADE HEADING
DOCUMENT MARKETING","85 MORKELS CLOSE
HALFWAY HOUSE
MIDRAND
TEL; 312 5000
EMAIL",011-312 5000,candice@docutile.co.za,
LIVE WIRE LEARNING (PTY) LTD,"ADDRESS:
29 NANYUKI ROAD
SUNNYHILL PARK
SANDTON
TEL:
011-807 7716
FAX:
011-807 7856
EMAIL:
info@livewireleaming.co.za
TRADE HEADING
EDUCATIONAL EQUIPMENT","29 NANYUKI ROAD
SUNNYHILL PARK
SANDTON
TEL; 807 7716
FAX; 807 7856
EMAIL","011-807 7716, 011-807 7856",info@livewireleaming.co.za,
DURCRAFT KITCHEN (PTY) LTD,"ADDRESS:
26 EGWENA ROAD
SEBENZA
ENDANVALE
TEL:
011-452 1486
FAX:
086-621 5538
TRADE HEADING
KITCHEN FURNITURE INSTALLATIONS","26 EGWENA ROAD
SEBENZA
ENDANVALE
TEL; 452 1486
FAX; 621 5538
TRADE HEADING
KITCHEN FURNITURE INSTALLATIONS","011-452 1486, 086-621 5538",,
RISK ZA,"TEL:
086-174 7592
EMAIL:
megan@risk.za.com
TRADE HEADING
QUALITY ASSURANCE SERVICES","174 7592
EMAIL",086-174 7592,megan@risk.za.com,
RADICAL MOBILITY,"ADDRESS:
3 JERRA STREET
BREAUNANDA
KRUGERSDORP
TEL:
011-664 6069
FAX:
086-676 3442
TRADE HEADING
DISABILITY AIDS & EQUIPMENT","3 JERRA STREET
BREAUNANDA
KRUGERSDORP
TEL; 664 6069
FAX; 676 3442
TRADE HEADING
DISABILITY AIDS ","011-664 6069, 086-676 3442",,
MONYETLA SERVICES (PTY) LTD,"ADDRESS:
VESCO CENTRE DELFOS BOULEVARD
VANDERBIJL PARK
TEL:
016-889 9830
FAX:
016-889 9823
TRADE HEADING
RECRUITMENT CONSULTANTS","889 9830
FAX; 889 9823
TRADE HEADING
RECRUITMENT CONSULTANTS","016-889 9830, 016-889 9823",,
CAVALIERI CHEESE CC,"ADDRESS:
30 WATERVAL AVENUE
RIVERSIDE INDUSTRIAL PARK
NELSPRUIT
TEL:
013-752 6438
FAX:
013-752 6443
TRADE HEADING
DAIRY PRODUCTS","30 WATERVAL AVENUE
RIVERSIDE INDUSTRIAL PARK
NELSPRUIT
TEL; 752 6438
FAX; 752 6443
TRADE HEADING
DAIRY PRODUCTS","013-752 6438, 013-752 6443",,
BANDINI CHEESE,"ADDRESS:
DOORNKOP
ROODEPORT
TEL:
011-765 1462
FAX:
011-765 1522
TRADE HEADING
DAIRY PRODUCTS","765 1462
FAX; 765 1522
TRADE HEADING
DAIRY PRODUCTS","011-765 1462, 011-765 1522",,
COLOUR COUNTRY FLORA,"ADDRESS:
18 ANTHONY ROAD
CHANCLIFF
KRUGERSDORP
POSTAL ADDRESS:
18 ANTHONY ROAD
CHANCLIFF
KRUGERSDORP
TEL:
011-954 4811
FAX:
011-954 2590
EMAIL:
COLOURCOUNTRYFLORA@GMAIL.COM
TRADE HEADING
FLORIST & WHOLESALE CUT FLOWERS","18 ANTHONY ROAD
CHANCLIFF
KRUGERSDORP
POSTAL ADDRESS; 18 ANTHONY ROAD
CHANCLIFF
KRUGERSDORP
TEL; 954 4811
FAX; 954 2590
EMAIL","011-954 4811, 011-954 2590",COLOURCOUNTRYFLORA@GMAIL.COM,
LOSHAN AIRCONDITIONING & REFRIGERATOR CONSTRACTORS CC,"ADDRESS:
5 DE WEST STREET
BENONI
TEL:
087-722 1403
FAX:
086-657 6833
EMAIL:
laventhal@ivuist.co.za
TRADE HEADING
AIRCONDITIONER REPAIRS","5 DE WEST STREET
BENONI
TEL; 722 1403
FAX; 657 6833
EMAIL","087-722 1403, 086-657 6833",laventhal@ivuist.co.za,
ONTIME READYMIX CONCRETE CC,"ADDRESS:
18 MAIN REEF ROAD
BRAKPAN
TEL:
011-740 8915
EMAIL:
ontimemix@polka.co.za
TRADE HEADING
READY MIX CONCRETE","18 MAIN REEF ROAD
BRAKPAN
TEL; 740 8915
EMAIL",011-740 8915,ontimemix@polka.co.za,
AQUATEX FABRIC PAINT,"ADDRESS:
22 TRUMP STREET
SELBY
JOHANNESBURG
TEL:
011-493 3686
EMAIL:
urnestn@chemosol.co.za
TRADE HEADING
SCREEN PRINTING SUPPLIERS","22 TRUMP STREET
SELBY
JOHANNESBURG
TEL; 493 3686
EMAIL",011-493 3686,urnestn@chemosol.co.za,
CHEMOSOL SCREEN & PRINT SUPPLIES,"ADDRESS:
22 TRUMP STREEET
SELBY
JOHANNESBURG
TEL:
011-493 3686
EMAIL:
urnestn@chemosol.co.za
TRADE HEADING
SCREEN PRINTING SUPPLIERS","22 TRUMP STREEET
SELBY
JOHANNESBURG
TEL; 493 3686
EMAIL",011-493 3686,urnestn@chemosol.co.za,
SHARP-RITE,"ADDRESS:
288 COMMISSIONER STREET
JEPPESTOWN
JOHANNESBURG
TEL:
011-624 3185
FAX:
011-624 1922
TRADE HEADING
SAW REPAIRS","288 COMMISSIONER STREET
JEPPESTOWN
JOHANNESBURG
TEL; 624 3185
FAX; 624 1922
TRADE HEADING
SAW REPAIRS","011-624 3185, 011-624 1922",,
PANASONIC BUSINESS SYSTEM,"ADDRESS:
SHOP 4 AT PICK 'N PAY CENTRE
NELSON MANDELA STREET
TEL:
014-717 4030
FAX:
014-717 4031
TRADE HEADING
OFFICES EQUIPMENT SUPPLIERS","4 AT PICK ; 717 4030
FAX; 717 4031
TRADE HEADING
OFFICES EQUIPMENT SUPPLIERS","014-717 4030, 014-717 4031",,
BUILD IT (MACHADORP),"ADDRESS:
CAROLINE STREET
MACHADORP
TEL:
013-256 0965
EMAIL:
jacoengelbrechb12@gmail.com
TRADE HEADING
HARDWARE STORES","256 0965
EMAIL",013-256 0965,jacoengelbrechb12@gmail.com,
10111 PLUMBERS & ELECTRICAL,"ADDRESS:
39 MALCOM STREET
LEWISHAM
KLERKSDORP
GAUTENG
CELL:
082 684 0435
FAX:
011-664 7199
EMAIL:
frikkie@10111plumbers.co.za
TRADE HEADING
ELECTRICIANS","39 MALCOM STREET
LEWISHAM
KLERKSDORP
GAUTENG
CELL; 082 684 0435
FAX; 664 7199
EMAIL","082 684 0435, 011-664 7199",frikkie@10111plumbers.co.za,
WEBSTER INSTRUMENT SERVICES & SALES,"ADDRESS:
ARGYLE SQUARE OFFICE PARK
TARMARISK ROAD
WELTEVREDEN PARK
ROODEPORT
TEL:
011-679 4252
FAX:
011-679 4258
EMAIL:
info@webster-instruments.co.za
TRADE HEADING
SURVEYING EQUIPMENT","679 4252
FAX; 679 4258
EMAIL","011-679 4252, 011-679 4258",info@webster-instruments.co.za,
MACHINE TOOL EXCHANGE,"ADDRESS:
RIVERSIDE ESTATE
36 RIVERSIDE ROAD
PRETORIA
TEL:
011-026 5383
FAX:
011-728 6387
EMAIL:
info@machinetoolexchange.co.za
TRADE HEADING
SHEET METAL","36 RIVERSIDE ROAD
PRETORIA
TEL; 026 5383
FAX; 728 6387
EMAIL","011-026 5383, 011-728 6387",info@machinetoolexchange.co.za,
UPS DIRECT (PTY) LTD,"ADDRESS:
LINBRO BUISNESS PARK
51 C GALAXY AVENUE
LINBRO PARK
TEL:
011-879 8800
FAX:
011-879 8810
TRADE HEADING
UNINTERRUPTIBLE POWER SUPPLIES","51 C GALAXY AVENUE
LINBRO PARK
TEL; 879 8800
FAX; 879 8810
TRADE HEADING
UNINTERRUPTIBLE POWER SUPPLIES","011-879 8800, 011-879 8810",,
FURNLOCK & SLIDE,"ADDRESS:
32 15TH STREET
EASTGATE GARDENS
MARBARO
TEL:
011-444 3997
FAX:
011-444 3997
EMAIL:
breg@furnlock.co.za
TRADE HEADING
LOCK MANUFACTURES","32 15TH STREET
EASTGATE GARDENS
MARBARO
TEL; 444 3997
FAX; 444 3997
EMAIL","011-444 3997, 011-444 3997",breg@furnlock.co.za,
RACEC RAIL,"ADDRESS:
PLOT 162 IAN-COETZER ROAD
WITHOK ESTATES
BRAKPAN
TEL:
011-845 5300
FAX:
011-845 5310
EMAIL:
rosina.somoro@racec.co.za
TRADE HEADING
RAILWAY CONSTRUCTION","162 IAN-COETZER ROAD
WITHOK ESTATES
BRAKPAN
TEL; 845 5300
FAX; 845 5310
EMAIL","011-845 5300, 011-845 5310",rosina.somoro@racec.co.za,
BLACKFIX APPLIANCE SERVICES,"ADDRESS:
2 BURIAN AVENUE
TEL:
011-444 5438
FAX:
011-443 0808
TRADE HEADING
WASHING MACHINE REPAIRS","2 BURIAN AVENUE
TEL; 444 5438
FAX; 443 0808
TRADE HEADING
WASHING MACHINE REPAIRS","011-444 5438, 011-443 0808",,
EEZI PAWN,"ADDRESS:
PADSTOW STREET
NICOS BUILDING
NEW REDRUTH
ALBERTON
TEL:
011-907 1332
FAX:
011-907 1332
TRADE HEADING
PAWN BROKERS","907 1332
FAX; 907 1332
TRADE HEADING
PAWN BROKERS","011-907 1332, 011-907 1332",,
NIC BROKERS,"ADDRESS:
122 MONUMENT ROAD
ASTON MANOR
KEMPTON PARK
TEL:
011-391 6554
FAX:
011-391 6613
EMAIL:
dani@nicsa.co.za
WEBSITE:
www.nicbrokers.co.za
TRADE HEADING
INSURANCE","122 MONUMENT ROAD
ASTON MANOR
KEMPTON PARK
TEL; 391 6554
FAX; 391 6613
EMAIL","011-391 6554, 011-391 6613",dani@nicsa.co.za,
TOM BELL,"ADDRESS:
468 LONG AVENUE FERNDALE
RANDBURG
JOHANNESBURG
TEL:
011-792 1750
FAX:
011-792 5576
EMAIL:
tom@tombell.co.za
TRADE HEADING
BUILDING SERVICES & ENGINEERING","468 LONG AVENUE FERNDALE
RANDBURG
JOHANNESBURG
TEL; 792 1750
FAX; 792 5576
EMAIL","011-792 1750, 011-792 5576",tom@tombell.co.za,
MAJITA'S AIRCONDITIONING,"ADDRESS:
337 MZILIKAZI STREET
KEMPTON PARK
CELL:
072 639 0599
EMAIL:
majitasai@gmail.com
TRADE HEADING
AIRCONDITIONING REPAIRS","337 MZILIKAZI STREET
KEMPTON PARK
CELL; 072 639 0599
EMAIL",072 639 0599,majitasai@gmail.com,
FERROGAS CC (PTY) LTD,"ADDRESS:
10 HARMONIE STREET
KLARINET
WITBANK
TEL:
013-656 4979
FAX:
013-656 4977 / 8 / 9
EMAIL:
debtors@feroogas.co.za
TRADE HEADING
GAS SUPPLIERS","10 HARMONIE STREET
KLARINET
WITBANK
TEL; 656 4979
FAX; 656 4977 ; 9
EMAIL","013-656 4979, 013-656 4977",debtors@feroogas.co.za,
MILNEX 212,"ADDRESS:
96 INNES ROAD
NUFFIELD
SPRINGS
CELL:
079 519 9344
EMAIL:
shona@myconnection.co.za
TRADE HEADING
IRON & STEEL PRODUCTION","96 INNES ROAD
NUFFIELD
SPRINGS
CELL; 079 519 9344
EMAIL",079 519 9344,shona@myconnection.co.za,
FUGRO AIRBORNE SURVEY (PTY) LTD,"ADDRESS:
109 FUGRO HANGER
LAMSERIA AIRPORT
RANDBURG
TEL:
011-659 1119
EMAIL:
jvardy@fugro.airbome.co.za
TRADE HEADING
ARCHAEOLOGICAL SURVEYS","109 FUGRO HANGER
LAMSERIA AIRPORT
RANDBURG
TEL; 659 1119
EMAIL",011-659 1119,jvardy@fugro.airbome.co.za,
ALPHA TRAUMA CENTRE,"ADDRESS:
23 JOUBERT STREET
VEREENIGING
TEL:
016-422 0507
FAX:
016-422 0509
TRADE HEADING
COMMUNITY CENTRE","23 JOUBERT STREET
VEREENIGING
TEL; 422 0507
FAX; 422 0509
TRADE HEADING
COMMUNITY CENTRE","016-422 0507, 016-422 0509",,
RIALWAY SAFETY REGULATOR,"ADDRESS:
WATERVIEW CNR BUS OFFICE
2 ERNEST OPPENHEIMER
JOHANNESBURG
TEL:
011-417 0000
FAX:
011-417 0069
EMAIL:
lufuno@rsr.org.za
TRADE HEADING
RAIL TRANSPORT","2 ERNEST OPPENHEIMER
JOHANNESBURG
TEL; 417 0000
FAX; 417 0069
EMAIL","011-417 0000, 011-417 0069",lufuno@rsr.org.za,
CHROMATECH SERVICES (PTY) LTD,"POSTAL ADDRESS:
P O BOX 21467
HELDERKRUIN
JOHANESSBURG
TEL:
011-958 1924
FAX:
086-100 5683
EMAIL:
sean@chromatech.co.za
TRADE HEADING
IRON & STEEL PRODUCTION","21467
HELDERKRUIN
JOHANESSBURG
TEL; 958 1924
FAX; 100 5683
EMAIL","011-958 1924, 086-100 5683",sean@chromatech.co.za,
EHRENBERG ENGINEERING,"ADDRESS:
55 BOOYSENS ROAD
JOHANNESBURG
TEL:
011-493 6280
FAX:
011-493 1677
EMAIL:
electrocontact@globel.co.za
TRADE HEADING
BRICK MAKING MACHINERY","55 BOOYSENS ROAD
JOHANNESBURG
TEL; 493 6280
FAX; 493 1677
EMAIL","011-493 6280, 011-493 1677",electrocontact@globel.co.za,
ATOZ DIESEL ENGINEERING,"ADDRESS:
1239 TANG ROAD
GERMISTON
JOHANNESBURG
TEL:
011-822 6761
EMAIL:
reception@atozdieseleng.co.za
TRADE HEADING
DIESEL ENGINEERS","1239 TANG ROAD
GERMISTON
JOHANNESBURG
TEL; 822 6761
EMAIL",011-822 6761,reception@atozdieseleng.co.za,
POWER DEVELOPMENT SERVICES,"ADDRESS:
275 GRANVILLE AVENUE
ROBERTVILLE
JOHANNESBURG
TEL:
011-472 0669
FAX:
011-472 6008
EMAIL:
sales@pdspower.co.za
TRADE HEADING
UNINTERRUPTIBLE POWER SUPPLIES","275 GRANVILLE AVENUE
ROBERTVILLE
JOHANNESBURG
TEL; 472 0669
FAX; 472 6008
EMAIL","011-472 0669, 011-472 6008",sales@pdspower.co.za,
HAWKER SIDDELEY TRANSFORMERS,"ADDRESS:
3B VAN DE VENTER STREET
WADEVILLE
GERMISTON
TEL:
011-827 3458
FAX:
011-824 3061
EMAIL:
sales@hawkersiddeley.co.za
TRADE HEADING
GENERATION & ACCESSORIES","827 3458
FAX; 824 3061
EMAIL","011-827 3458, 011-824 3061",sales@hawkersiddeley.co.za,
KNOWLEDGE ELECTRICALAMP TRANSFORMERS,"ADDRESS:
5 EVANS ROAD
ALRODE SOUTH
ALBERTON
TEL:
011-900 1515
FAX:
011-900 1510
EMAIL:
ampstransformers@netactive.co.za
TRADE HEADING
GENERATORS & ACCESSORIES","5 EVANS ROAD
ALRODE SOUTH
ALBERTON
TEL; 900 1515
FAX; 900 1510
EMAIL","011-900 1515, 011-900 1510",ampstransformers@netactive.co.za,
R & H RAILWAY,"ADDRESS:
R & H HOUSE
76 MAIN STREET
BORDEAUX RANDBURG
TEL:
011-886 6951
FAX:
011-886 7792
EMAIL:
jhb@robhitch.co.za
TRADE HEADING
RAIL TRANSPORT","76 MAIN STREET
BORDEAUX RANDBURG
TEL; 886 6951
FAX; 886 7792
EMAIL","011-886 6951, 011-886 7792",jhb@robhitch.co.za,
APC BY SCHNEIDER,"ADDRESS:
MIDRAND
HEAD OFFICE
TEL:
011-254 6400
EMAIL:
belinda.aslett@schneider-electric.co.za
TRADE HEADING
UNINTERRUPTIBLE POWER SUPPLIES","254 6400
EMAIL",011-254 6400,belinda.aslett@schneider-electric.co.za,
IMPALA FRUIT & FLOWERS,"ADDRESS:
LIFESTYLE CROSSING
HENDRIK POTGIETER ROAD
LITTLE FALLS
ROODEPORT
TEL:
011-475 0340
EMAIL:
pedoinoala.mail@gmail.com
TRADE HEADING
FRUIT & VEGETABLES","475 0340
EMAIL",011-475 0340,pedoinoala.mail@gmail.com,
ABACUS GARDENS,"ADDRESS:
308 BOUNDARY ROAD
NORTH RIDING
JOHANNESBURG
TEL:
011-795 2000
FAX:
011-795 2021
EMAIL:
debbie@abacusgardens.com
TRADE HEADING
LANDSCAPING & GARDENING","308 BOUNDARY ROAD
NORTH RIDING
JOHANNESBURG
TEL; 795 2000
FAX; 795 2021
EMAIL","011-795 2000, 011-795 2021",debbie@abacusgardens.com,
LIUGONG MACHINERY SOUTH AFRICA (PTY) LTD,"ADDRESS:
82 POMONA ROAD
POMONA
KEMPTON PARK
GAUTENG
TEL:
011-979 0970
FAX:
011-797 0975
EMAIL:
rudyc@liugong.com
TRADE HEADING
EARTH MOVING SUPPLIES","82 POMONA ROAD
POMONA
KEMPTON PARK
GAUTENG
TEL; 979 0970
FAX; 797 0975
EMAIL","011-979 0970, 011-797 0975",rudyc@liugong.com,
GEO TRANSMISSION SPARES & REPAIRS,"ADDRESS:
2 MARIGNANE DRIVE
BONAERO PARK
KEMPTON PARK
JOHANNESBURG
TEL:
011-395 4629
EMAIL:
cicelia@geotransmission.co.za
TRADE HEADING
GEARBOX REPAIRS","2 MARIGNANE DRIVE
BONAERO PARK
KEMPTON PARK
JOHANNESBURG
TEL; 395 4629
EMAIL",011-395 4629,cicelia@geotransmission.co.za,
SA FENCE AND GATE (MIDRAND),"ADDRESS:
322 / 2 15th Street
Randjiespark
Midrand
Gauteng
TEL:
+27(0)11 542 0460
FAX:
+27(0)11 314 4647
WEBSITE:
www.fng.co.za
TRADE HEADING
ACCESS CONTROL
POSTS 
WELDED MESH
FIELD FENCE
BARBED WIRE
DIAMOND ME","2 15th Street
Randjiespark
Midrand
Gauteng
TEL; 11 542 0460
FAX; 11 314 4647
WEBSITE","+27, +27",,
BROKREW INDUSTRIAL (PTY) LTD,"ADDRESS:
33 HOMPES STREET
LEWISHAM
MOGALE CITY
JOHANNESBURG
TEL:
011-668 6300
EMAIL:
info@uvss.co.za
TRADE HEADING
VENTILATOR & AIR VENT EQUIPMENT","33 HOMPES STREET
LEWISHAM
MOGALE CITY
JOHANNESBURG
TEL; 668 6300
EMAIL",011-668 6300,info@uvss.co.za,
MEGA LOCK,"ADDRESS:
KYALAMI SHOPPING CENTRE
1ST FLOOR
DYTCHLEY ROAD
KYALAMI
MIDRAND
TEL:
011-466 3528
FAX:
011-466 3526
EMAIL:
admin@megalock.co.za
TRADE HEADING","466 3528
FAX; 466 3526
EMAIL","011-466 3528, 011-466 3526",admin@megalock.co.za,
IMPACT MEDICAL,"ADDRESS:
BROADACRES
JOHANNESBURG
TEL:
011-469 1750
EMAIL:
impactmed@global.co.za
TRADE HEADING
DISABILITY AIDS & EQUIPMENT","469 1750
EMAIL",011-469 1750,impactmed@global.co.za,
TURBO VENT AFRICA (PTY) LTD,"ADDRESS:
412 HEIDELBERG ROAD
TULISA PARK
JOHANNESBURG
TEL:
011-613 6921
FAX:
011-613 1241
EMAIL:
sales1@turbovent.co.za
TRADE HEADING
VENTILATOR & AIR VENT EQUIPMENT","412 HEIDELBERG ROAD
TULISA PARK
JOHANNESBURG
TEL; 613 6921
FAX; 613 1241
EMAIL","011-613 6921, 011-613 1241",sales1@turbovent.co.za,
TISSUE MASTERS (PTY) LTD,"ADDRESS:
ISANDO PARK
33 QUALITY ROAD
ISANDO
KEMPTON PARK
TEL:
011-392 4601
FAX:
011-392 2139
TRADE HEADING
SANITARY HYGIEN PRODUCTS","33 QUALITY ROAD
ISANDO
KEMPTON PARK
TEL; 392 4601
FAX; 392 2139
TRADE HEADING
SANITARY HYGIEN PRODUCTS","011-392 4601, 011-392 2139",,
ALSTOM MECHANICAL EQUIP,"ADDRESS:
BRANCH ROAD
DRIE HOEK
GERMISTON
TEL:
011-871 6666
FAX:
011-871 6777
EMAIL:
craig.johnston@actom.co.za
TRADE HEADING
VENTILATOR & AIR VENT EQUIPMENT","871 6666
FAX; 871 6777
EMAIL","011-871 6666, 011-871 6777",craig.johnston@actom.co.za,
ROLAND DG SOUTH AFRICA,"ADDRESS:
KYALAMI PARK
MIDRAND
TEL:
011-466 1551
FAX:
011-466 1555
EMAIL:
bianca.corbier@rolanddg.co.za
TRADE HEADING
SCREEN PRINTING SUPPLIES","466 1551
FAX; 466 1555
EMAIL","011-466 1551, 011-466 1555",bianca.corbier@rolanddg.co.za,
THE DOCUMENT WAREHOUSE,"ADDRESS:
5 KRAG STREET
SELBY
JOHANNESBURG
TEL:
011-298 0700
FAX:
011-493 0279
EMAIL:
michellep@dw.co.za
TRADE HEADING
DOCUMENT MANAGEMENT","5 KRAG STREET
SELBY
JOHANNESBURG
TEL; 298 0700
FAX; 493 0279
EMAIL","011-298 0700, 011-493 0279",michellep@dw.co.za,
OSHA ADMINISTRATORS,"ADDRESS:
3 CAXTON ROAD
BUSINESS PARK
INDUSTRIA
JOHANNESBURG
TEL:
011-474 1577
EMAIL:
nadsecurity@gmail.com
TRADE HEADING
FIRE SAFETY SERVICES","3 CAXTON ROAD
BUSINESS PARK
INDUSTRIA
JOHANNESBURG
TEL; 474 1577
EMAIL",011-474 1577,nadsecurity@gmail.com,
PIONTO PEOPLE CC,"ADDRESS:
3 1ST BARDENE
BOKSBURG
TEL:
011-894 4371
FAX:
011-894 4380
TRADE HEADING
RECRUITMENT CONSULTANTS","3 1ST BARDENE
BOKSBURG
TEL; 894 4371
FAX; 894 4380
TRADE HEADING
RECRUITMENT CONSULTANTS","011-894 4371, 011-894 4380",,
DOCUMENT EXCELLENCE (PTY) LTD,"ADDRESS:

58 WESSEL ROAD

RIVONIA

SANDTON

TEL:

011-234 2282

FAX:

011-234 2280

TRADE HEADING

OFFICE EQUIPMENT SUPPLIERS","58 WESSEL ROAD

RIVONIA

SANDTON

TEL; 234 2282

FAX; 234 2280

TRADE HEADING

OFFICE EQUIPMENT SUPPLIERS","011-234 2282, 011-234 2280",,
MONTY'S,"ADDRESS:
15 WATT AVENUE
PAN AFRICA JUNCTION
WYNBERG
SANDTON
TEL:
011-786 0274
FAX:
011-786 0694
TRADE HEADING
PAWN BROKERS","15 WATT AVENUE
PAN AFRICA JUNCTION
WYNBERG
SANDTON
TEL; 786 0274
FAX; 786 0694
TRADE HEADING
PAWN BROKERS","011-786 0274, 011-786 0694",,
SAWA HAA SPA,"ADDRESS:
SHOP 12 SUNWARD PALMS
KING FISHER AVENUE
SUNWARD PARK
JOHANNESBURG
TEL:
011-050 1707
EMAIL:
sawahaa@hotmail.co.za
TRADE HEADING
MASSAGE PARLOURS","12 SUNWARD PALMS
KING FISHER AVENUE
SUNWARD PARK
JOHANNESBURG
TEL; 050 1707
EMAIL",011-050 1707,sawahaa@hotmail.co.za,
PARROT PRODUCTS (PTY) LTD (MAXI CALL),"ADDRESS:
CLEVELAND
TEL:
086-126 2737
EMAIL:
sales@parrot.co.za
TRADE HEADING
OFFICE EQUIPMENT SUPPLIERS","126 2737
EMAIL",086-126 2737,sales@parrot.co.za,
SHABANGU ARCHITECTS CC,"ADDRESS:
TWICE BUILDING
1 JELLICOE AVENUE
ROSEBANK
JOHANNESBURG
TEL:
011-880 1210
EMAIL:
office@shabanguarchitects.co.za
TRADE HEADING
ARCHITECTS","1 JELLICOE AVENUE
ROSEBANK
JOHANNESBURG
TEL; 880 1210
EMAIL",011-880 1210,office@shabanguarchitects.co.za,
BOOGERTMAN & PARTNERS,"ADDRESS:
NICOL MAIN OFFICE PARK
4 BRUTON ROAD
BRYANSTON
SANDTON
TEL:
011-790 1600
FAX:
011-463 1197
EMAIL:
ietie@boogetertman.co.za
TRADE HEADING
ARCHITECTS","4 BRUTON ROAD
BRYANSTON
SANDTON
TEL; 790 1600
FAX; 463 1197
EMAIL","011-790 1600, 011-463 1197",ietie@boogetertman.co.za,
PHIRI GROUP ARCHITECTS,"ADDRESS:
104 BELMONT VILLA
PAUL KRUGER STREET
MBOMBELA
TEL:
013-752 3763
FAX:
013-752 3760
EMAIL:
pgarc@pgarchitects.co.za
TRADE HEADING
ARCHITECTS","104 BELMONT VILLA
PAUL KRUGER STREET
MBOMBELA
TEL; 752 3763
FAX; 752 3760
EMAIL","013-752 3763, 013-752 3760",pgarc@pgarchitects.co.za,
CO-ARC INTERNATIONAL ARCHITECTS INC,"ADDRESS:
166 JAN SMUTS AVENUE
ROSEBANK
TEL:
011-447 1344
FAX:
011-447 1343
EMAIL:
admin@co-arc.com
TRADE HEADING
ARCHITECTS","166 JAN SMUTS AVENUE
ROSEBANK
TEL; 447 1344
FAX; 447 1343
EMAIL","011-447 1344, 011-447 1343",admin@co-arc.com,
URBAN EDGE GAUTENG (PTY) LTD,"ADDRESS:
129 BARRY
HERTZOG AVENUE
EMMARENTIA
JOHANNESBURG
TEL:
011-486 0641
EMAIL:
urbanedge@jhb.co.za
TRADE HEADING
ARCHITECTS","129 BARRY
HERTZOG AVENUE
EMMARENTIA
JOHANNESBURG
TEL; 486 0641
EMAIL",011-486 0641,urbanedge@jhb.co.za,
SBT JUUL AFRICA (PTY) LTD,"ADDRESS:
122 PYBUS ROAD
WIERDA VALLEY
SANDTON
TEL:
011-883 9667
FAX:
011-783 0217
EMAIL:
paulm@sbtjuul.co.za
TRADE HEADING
ARCHITECTS","122 PYBUS ROAD
WIERDA VALLEY
SANDTON
TEL; 883 9667
FAX; 783 0217
EMAIL","011-883 9667, 011-783 0217",paulm@sbtjuul.co.za,
SOIL KING,"ADDRESS:
R29 MAIN REEF ROAD
BENONI
TEL:
011-423 2288
FAX:
011-423 2288
EMAIL:
info@soilking.co.za
TRADE HEADING
SAND & STONE","29 MAIN REEF ROAD
BENONI
TEL; 423 2288
FAX; 423 2288
EMAIL","011-423 2288, 011-423 2288",info@soilking.co.za,
SILICA QUARTZ (PTY) LTD,"ADDRESS:
FARM GROENFONTEIN
GROENFONTEIN OFF RAMP DELMAS
TEL:
013-665 7900
FAX:
013-665 7910
EMAIL:
mandie@silq.co.za
TRADE HEADING
SAND & STONE","665 7900
FAX; 665 7910
EMAIL","013-665 7900, 013-665 7910",mandie@silq.co.za,
SANDPIT (PTY) LTD,"TEL:
011-901 7919
FAX:
011-615 2809
EMAIL:
admin@sandpit.co.za
TRADE HEADING
SAND & STONE","901 7919
FAX; 615 2809
EMAIL","011-901 7919, 011-615 2809",admin@sandpit.co.za,
SANDPIT (PTY) LTD (2),"TEL:
011-622 2760
EMAIL:
admin@sandpit.co.za
TRADE HEADING
SAND & STONE","622 2760
EMAIL",011-622 2760,admin@sandpit.co.za,
SANDCOR,"ADDRESS:
2 KGWEBO STREET
CASHAN
RUSTENBURG
TEL:
014-592 4337
FAX:
014-592 2900
EMAIL:
miniloads@atlantic.net
TRADE HEADING
SAND & STONE","2 KGWEBO STREET
CASHAN
RUSTENBURG
TEL; 592 4337
FAX; 592 2900
EMAIL","014-592 4337, 014-592 2900",miniloads@atlantic.net,
JJ MARITZ & SONS (PTY) LTD,"TEL:
011-391 7380
FAX:
011-391 3211
EMAIL:
adele@jimaritz.co.za
TRADE HEADING
SAND & STONE","391 7380
FAX; 391 3211
EMAIL","011-391 7380, 011-391 3211",adele@jimaritz.co.za,
CRUSHCO (PTY) LTD,"ADDRESS:
320 3RD AVENUE
KNIGHTS
GERMISTON
TEL:
011-828 5722
FAX:
011-828 5788
EMAIL:
ntombi.masoado@thedeep.co.za
TRADE HEADING
SAND & STONE","320 3RD AVENUE
KNIGHTS
GERMISTON
TEL; 828 5722
FAX; 828 5788
EMAIL","011-828 5722, 011-828 5788",ntombi.masoado@thedeep.co.za,
MACCAFERRI EDMS BPK FAKS VOLP,"ADDRESS:
NORTHLANDS IND PARK
TEL:
087-742 2479
EMAIL:
michelle.neemal@maccaferri.co.za
TRADE HEADING
GROUND WORK CONTRACTORS","742 2479
EMAIL",087-742 2479,michelle.neemal@maccaferri.co.za,
MACCAFERRI EDMS BPK (RANDBURG),"ADDRESS:
227 TRADE MARKIN
NORTHLANDS IND PARK
RANDBURG
TEL:
087-742 2710
EMAIL:
michelle.neermal@maccaferri.com
TRADE HEADING
GROUND WORK CONTRACTORS","227 TRADE MARKIN
NORTHLANDS IND PARK
RANDBURG
TEL; 742 2710
EMAIL",087-742 2710,michelle.neermal@maccaferri.com,
M W CIVIL EARTH WORKS (PTY) LTD,"ADDRESS:
PLOT 168 INKOOS STREET
RIETFONTEIN
KRUGERSDORP
TEL:
011-795 4029
EMAIL:
peter@mwcivils.co.za
TRADE HEADING
GROUND WORK CONTRACTORS","168 INKOOS STREET
RIETFONTEIN
KRUGERSDORP
TEL; 795 4029
EMAIL",011-795 4029,peter@mwcivils.co.za,
DESMOND EQUIPMENT SA,"ADDRESS:
46 ELECTRON AVENUE
ISANDO
KEMPTON PARK
TEL:
011-974 9003
EMAIL:
dezzi@venturenet.co.za
TRADE HEADING
GROUND WORK CONTRACTORS","46 ELECTRON AVENUE
ISANDO
KEMPTON PARK
TEL; 974 9003
EMAIL",011-974 9003,dezzi@venturenet.co.za,
CORPORATE STRUCTURAL SYSTEM AFRICA,"ADDRESS:
72 VOORTREKKER ROAD
ADENVALE
TEL:
011-609 5875
EMAIL:
david@cssafrica.co.za
TRADE HEADING
GROUND WORK CONTRACTORS","72 VOORTREKKER ROAD
ADENVALE
TEL; 609 5875
EMAIL",011-609 5875,david@cssafrica.co.za,
CATECH TECHNICAL ENGINEERING SERVICES CC,"ADDRESS:
12 ROLLER STREET
SPARTON
KEMPTON PARK
TEL:
011-392 3718
FAX:
011-974 9091
EMAIL:
ace@catech.co.za
TRADE HEADING
GROUND WORK CONTRACTORS","12 ROLLER STREET
SPARTON
KEMPTON PARK
TEL; 392 3718
FAX; 974 9091
EMAIL","011-392 3718, 011-974 9091",ace@catech.co.za,
BMG LOGISTICS,"ADDRESS:
1 VAN DYK ROAD
BOKSBURG EAST
BOKSBURG
TEL:
011-914 3103
EMAIL:
bmglogistics@mweb.co.za
TRADE HEADING
ground work contractors","1 VAN DYK ROAD
BOKSBURG EAST
BOKSBURG
TEL; 914 3103
EMAIL",011-914 3103,bmglogistics@mweb.co.za,
GAPP ARCHITECTS & URBAN DESIGNERS (PTY) LTD,"ADDRESS:
97 2ND AVENUE
MELVILLE
JOHANNESBURG
TEL:
011-482 1648
FAX:
011-482 1216
TRADE HEADING
ARCHITECTS","97 2ND AVENUE
MELVILLE
JOHANNESBURG
TEL; 482 1648
FAX; 482 1216
TRADE HEADING
ARCHITECTS","011-482 1648, 011-482 1216",,
CRUX BUILDING SUPPLIERS (PTY) LTD,"ADDRESS:
12 ASH STREET
NOLDICK
MEYERTON
TEL:
016-362 3417
FAX:
016-362 3437
TRADE HEADING
SAND & STONE","12 ASH STREET
NOLDICK
MEYERTON
TEL; 362 3417
FAX; 362 3437
TRADE HEADING
SAND ","016-362 3417, 016-362 3437",,
FRIENDS ARCHITECTS,"ADDRESS:
36 EHMKE STREET
NELSPRUIT
MBAMBELA
TEL:
013-752 7071
EMAIL:
admin@friendsarchitects.co.za
TRADE HEADING
ARCHITECTS","36 EHMKE STREET
NELSPRUIT
MBAMBELA
TEL; 752 7071
EMAIL",013-752 7071,admin@friendsarchitects.co.za,
MAC MULLEN KEITH,"ADDRESS:
20 GAUNTWG
BRYANSTON
SANDTON
TEL:
011-706 7216
EMAIL:
MACMULL@TELKOMSA.NET
TRADE HEADING
ARCHITECTS","20 GAUNTWG
BRYANSTON
SANDTON
TEL; 706 7216
EMAIL",011-706 7216,MACMULL@TELKOMSA.NET,
KRIGE ARCHITECTS CC,"ADDRESS:
UNIT 10A
CNR GATESIDE SEA ROAD
RANDBURG
TEL:
011-469 4796
EMAIL:
mail@kfta.co.za
TRADE HEADING
architects","469 4796
EMAIL",011-469 4796,mail@kfta.co.za,
IMAGINATION STATION,"ADDRESS:
THE PADDOCK
8 HEIDE AVENUE
KHYBER ROCK
SANDTON
POSTAL ADDRESS:
P O BOX 2078
GALLO MANOR
2052
TEL:
011-804 9512
CELL:
082 456 2985
EMAIL:
laurie@imaginationstation.co.za
TRADE HEADING
GRAPHIC DESIGN
ANNUAL REPORTS
WEB DESIGN","8 HEIDE AVENUE
KHYBER ROCK
SANDTON
POSTAL ADDRESS; 2078
GALLO MANOR
2052
TEL; 804 9512
CELL; 082 456 2985
EMAIL","011-804 9512, 082 456 2985",laurie@imaginationstation.co.za,
Reclamation Group (HEAD OFFICE),"ADDRESS:
Reclam Building
263 Oxford Road
Illovo
Johannesburg
2196
Tel: 
011 880 6410
Fax: 
011 880 6222
Email: 
info@reclam.co.za
Website: 
www.reclam.co.za
TRADE HEADING
SCRAP DEALERS","263 Oxford Road
Illovo
Johannesburg
2196
Tel; 011 880 6410
Fax; 011 880 6222
Email","011 880 6410, 011 880 6222",info@reclam.co.za,
WEDDING EXPO (PTY) LTD,"ADDRESS:
68 B 2ND AVENUE
PARKTOWN NORTH
JOHANNESBURG
TEL:
011-788 3627
EMAIL:
jayne@wedding-expo.co.za
TRADE HEADING
WEDDING DIRECTORS","68 B 2ND AVENUE
PARKTOWN NORTH
JOHANNESBURG
TEL; 788 3627
EMAIL",011-788 3627,jayne@wedding-expo.co.za,
WASTE GIANT,"TEL:
011-493 2441
FAX:
011-499 1407
EMAIL:
jana@wastegiant.co.za
WEBSITE:
www.wastegiant.co.za
TRADE HEADING 
WASTE MANAGEMENT","493 2441
FAX; 499 1407
EMAIL","011-493 2441, 011-499 1407",jana@wastegiant.co.za,
AJM ENGINEERING,"TEL:
011-453 0728
EMAIL:
ajmeng@iafrica.com
TRADE HEADING 
CRANES","453 0728
EMAIL",011-453 0728,ajmeng@iafrica.com,
MAYBUYE TRUST,"ADDRESS:
KHOTSA HOUSE 
62 MARSHALL ST
MARSHALLS TOWN
JOHANNESBURG
TEL:
011-492 2307
EMAIL:
welcomejacobs@telkomsa.net
TRADE HEADING 
INSOLVENCY","62 MARSHALL ST
MARSHALLS TOWN
JOHANNESBURG
TEL; 492 2307
EMAIL",011-492 2307,welcomejacobs@telkomsa.net,
BRICK & GENERAL WORKERS UNION,"ADDRESS:
COMMISION ST
KINE CENTRE
TEL:
011-331 9722
FAX:
011-331 9734
EMAIL:
banggwu@mweb.co.za
TRADE HEADING 
BOILER","331 9722
FAX; 331 9734
EMAIL","011-331 9722, 011-331 9734",banggwu@mweb.co.za,
APPLIED HEAT PTY LTD,"ADDRESS:
204 1ST NYNBERG
TEL:
011-786 4200
FAX:
011-887 7775
EMAIL:
admin@appliedheat.co.za
TRADE HEADING 
APPLIED HEAT","204 1ST NYNBERG
TEL; 786 4200
FAX; 887 7775
EMAIL","011-786 4200, 011-887 7775",admin@appliedheat.co.za,
DRYDEN COMBUSTION CO (PTY) LTD,"ADDRESS:
4 DAN JACOBS STREET
ALRODE
ALBERTON
TEL:
011-864 2984
FAX:
011-864 7471
TRADE HEADING
BOILER SERVICES","4 DAN JACOBS STREET
ALRODE
ALBERTON
TEL; 864 2984
FAX; 864 7471
TRADE HEADING
BOILER SERVICES","011-864 2984, 011-864 7471",,
ALLMECH CC,"ADDRESS:
32 GOLDEN DRIVE
MOREHILL
BENONI
TEL:
011-849 2733
FAX:
011-849 2725
EMAIL:
arethd@allmech.co.za
TRADE HEADING 
BOILER SERVICES","32 GOLDEN DRIVE
MOREHILL
BENONI
TEL; 849 2733
FAX; 849 2725
EMAIL","011-849 2733, 011-849 2725",arethd@allmech.co.za,
C K TRUST,"TEL:
011-486 9900
FAX:
011-486 0521
EMAIL:
cindy@coopertrust.co.za
TRADE HEADING 
INSOLVENCY SERVICES","486 9900
FAX; 486 0521
EMAIL","011-486 9900, 011-486 0521",cindy@coopertrust.co.za,
LIQUOR STORE (DAWN PARK),"ADDRESS:
DAWN PARK S CENTRE
HAASINK HIGHWAY
DAWN PARK
BOKSBURG
TEL:
011-862 2044
FAX:
011-862 4087
EMAIL:
dawnpark@liquorcity.co.za
TRADE HEADING 
BOTTLE STORES","862 2044
FAX; 862 4087
EMAIL","011-862 2044, 011-862 4087",dawnpark@liquorcity.co.za,
LAGAE TRUST (PTY) LTD,"ADDRESS:
310 EASTWOOD STREET
ARCADIA
PRETORIA
TEL:
012-342 0260
FAX:
086-603 7810
EMAIL:
elmarie@dmrlaw.co.za
TRADE HEADING 
INSOLVENCY SERVICES","310 EASTWOOD STREET
ARCADIA
PRETORIA
TEL; 342 0260
FAX; 603 7810
EMAIL","012-342 0260, 086-603 7810",elmarie@dmrlaw.co.za,
D & R LOWE CATERING SUPPLIERS (PTY) LTD,"ADDRESS:
TRIPARK
17 EASTERN SERVICES ROAD
EASTGATE
SANDTON
TEL:
011-804 3663
FAX:
011-804 9670
TRADE HEADING 
CATERING EQUIPMENT","17 EASTERN SERVICES ROAD
EASTGATE
SANDTON
TEL; 804 3663
FAX; 804 9670
TRADE HEADING 
CATERING EQUIPMENT","011-804 3663, 011-804 9670",,
AIR CURE,"ADDRESS:
255 NADINE STREET
ROBERTVILLE
JOHANNESBURG
TEL:
011-472 7420
FAX:
011-472 9820
EMAIL:
aircure@iafrica.com
TRADE HEADING 
AIR FILTERS & PURIFICATION","255 NADINE STREET
ROBERTVILLE
JOHANNESBURG
TEL; 472 7420
FAX; 472 9820
EMAIL","011-472 7420, 011-472 9820",aircure@iafrica.com,
CBK ALL WASTE COLLECTORS,"ADDRESS:
490 TEDSTONE ROAD
WADEVILLE
GERMISTON
TEL:
011-827 2484
FAX:
011-824 0736
TRADE HEADING
WASTE DISPOSAL COMMERCIAL","490 TEDSTONE ROAD
WADEVILLE
GERMISTON
TEL; 827 2484
FAX; 824 0736
TRADE HEADING
WASTE DISPOSAL COMMERCIAL","011-827 2484, 011-824 0736",,
TARRART JHDA ENGINEERING (PTY) LTD,"ADDRESS:
UNIT 1 GEORGIAN CORT
GEORGIAN CRESCENT EAST
BRYANSTON
TEL:
011-463 7448
FAX:
011-463 5247
EMAIL:
jhda@jhda.co.za
TRADE HEADING 
MINING ENGINEERS","1 GEORGIAN CORT
GEORGIAN CRESCENT EAST
BRYANSTON
TEL; 463 7448
FAX; 463 5247
EMAIL","011-463 7448, 011-463 5247",jhda@jhda.co.za,
GROUND ZERO RUBBIE REMOVERS,"ADDRESS:
18 INDIANA ROAD
APEX
BENONI
TEL:
011-421 9370
FAX:
011-421 9371
CELL:
083 272 5275
TRADE HEADING 
WASTE DISPOSAL COMMERCIAL","18 INDIANA ROAD
APEX
BENONI
TEL; 421 9370
FAX; 421 9371
CELL; 083 272 5275
TRADE HEADING 
WASTE DISPOSAL COMMERCIAL","011-421 9370, 011-421 9371, 083 272 5275",,
INTERNATIONAL SLAB SALES BRANCHES,"INTERNATIONAL SLAB SALES
 
JOHANNESBURG (HEAD OFFICE)
 
 69 Serenade Road, Elandsfontein
Johannesburg 1401
P.O Box 14336, Witfield, 1467
Tel: +27 11 822 1350
Fax: +27 11 822 1701
bridgitte@interslab.co.za (sales)
trevor@interslab.co.za (marketing)
 
 
PRETORIA
 176 Vonkprop Street
Samcor Park Ext 1
Pretoria
Tel: +27 12 803 5671
Fax: +27 12 803 7696
 isspta@interslab.co.za
 
 
NELSPRUIT
 19 Bulpin Street, Nelspruit
Tel: +27 13 752 8325
Fax: +27 13 752 5386
 
DURBAN
 133 Rochdale Road
Springfield Park
Durban 4051
Tel: +27 31 577 2828
Fax: +27 31 577 0341
 
issdbn@interslab.co.za
 
PORT ELIZABETH
 
 
Willow Road
Fairview, Port Elizabeth
Tel: +27 41 367 5571
Fax: +27 41 367 4829
 
isspe@interslab.co.za
 
GEORGE
 
 Commercial Close
George
Tel: +27 44 871 1099
Fax: +27 44 871 2625
 issgrg@interslab.co.za
 
 
CAPE TOWN
 Unit 3 Caesarstone
10 Gold Street
Northgate Estate, Cape Town
Tel: +27 21 511 2353
Fax: +27 21 511 2505
 
issctn@interslab.co.za
 
RANDBURG (BRANCH)
 
 
Northriding JHB, Cnr. Witkoppen and Newmarket Road, Northriding, Randburg, Johannesburg
Tel:+27 11 033 2201
Fax:+27 11 033 2202
 
 issnr@interslab.co.za","69 Serenade Road, Elandsfontein
Johannesburg 1401
P.O Box 14336, Witfield, 1467
Tel; 27 11 822 1350
Fax; 27 11 822 1701
bridgitte; 176 Vonkprop Street
Samcor Park Ext 1
Pretoria
Tel; 27 12 803 5671
Fax; 27 12 803 7696
 isspta; 19 Bulpin Street, Nelspruit
Tel; 27 13 752 8325
Fax; 27 13 752 5386
 
DURBAN
 133 Rochdale Road
Springfield Park
Durban 4051
Tel; 27 31 577 2828
Fax; 27 31 577 0341
 
issdbn; 27 41 367 5571
Fax; 27 41 367 4829
 
isspe; 27 44 871 1099
Fax; 27 44 871 2625
 issgrg; 3 Caesarstone
10 Gold Street
Northgate Estate, Cape Town
Tel; 27 21 511 2353
Fax; 27 21 511 2505
 
issctn; 27 11 033 2201
Fax; 27 11 033 2202
 
 issnr","+27 11 822 1350, +27 11 822 1701, +27 12 803 5671, +27 12 803 7696, +27 13 752 8325, +27 13 752 5386, +27 31 577 2828, +27 31 577 0341, +27 41 367 5571, +27 41 367 4829, +27 44 871 1099, +27 44 871 2625, +27 21 511 2353, +27 21 511 2505, +27 11 033 2201, +27 11 033 2202","bridgitte@interslab.co.za, trevor@interslab.co.za, isspta@interslab.co.za, issdbn@interslab.co.za, isspe@interslab.co.za, issgrg@interslab.co.za, issctn@interslab.co.za, issnr@interslab.co.za",
THE METAL BIN,SCRAP METALS,,,,
MPEFELA SECURITY AND CLEANING SERVICES,"Reg No 2008 / 084138 / 23, SIRA NO 1715575

ADDRESS:

 

101 BRAMFISCHER TOWERS

20 ALBERT STREET 

MARSHALLTOWN

GAUTENG

 

PHONE NUMBER

 

011 492 1297

FAX NUMBER

011 492 2255","1715575

ADDRESS; 101 BRAMFISCHER TOWERS

20 ALBERT STREET 

MARSHALLTOWN

GAUTENG

 

PHONE NUMBER

 

011 492 1297

FAX NUMBER

011 492 2255",,,
DR OLIVER,"THE ADRESS OF POLOKWANE IS  ROMANOV STREET EXT 32 HOUSE NO 75 0699 POLOKWANE.

NAMES:MASHAIKO OLIVER

PASSPORT NO B0626641

                  &n","32 HOUSE NO 75 0699 POLOKWANE.

NAMES; 0626641

                  ",,,
HERBALIST LAMA,"""LAMA HERBAL RESEARCH AND SPIRITUAL HEALING""
100%Guaranteed Results With No Side Effects:
LOVE / FAMILY SPELLS;
♦ Fix broken relationships & barrenness.
♦ Bring back lost lover/family.
♦ Make your partner yours al",,,,
ETE DRIVING SCHOOL,"ADDRESS

18 CROWNWOOD ROAD

ORMONDE

JOHANNESBURG



TELEPHONE

073 416 0959



FAX

086 539 4471



EMAIL

THULANIBALOYI@WEBMAIL.CO.ZA



TRADE HEADING



DRIVING SCHOOL","18 CROWNWOOD ROAD

ORMONDE

JOHANNESBURG



TELEPHONE

073 416 0959



FAX

086 539 4471



EMAIL

THULANIBALOYI",,THULANIBALOYI@WEBMAIL.CO.ZA,
LAMA HERBAL SPELLS AND SPIRITUAL HEALING,"""LAMA HERBAL RESEARCH AND SPIRITUAL HEALING""
100%Guaranteed Results With No Side Effects:
LOVE / FAMILY SPELLS;
♦ Fix broken relationships & barrenness.
♦ Bring back lost lover/family.
♦ Make your partner yours alone & marry you.
♦ Is he/she cheating you?Stingy?Want stop it?
♦ Do men use you & dump you? want or stop a divorce?
♦ Stop fights among family members & in-laws.
LADIES' / MEN SPELLS;
♦ Pregnancy problems & miscarriages.
♦ Bums/Hips/Breast enlarge gel & V-gin tighten.
♦ Herbal gel to flatten tummy & lose/gain weight.
♦ Make more rounds & strong elections.
♦ Cure early ejaculation & Manhood enlarge.
LUCKY / PROTECTION SPELLS;
♦ Boost customers in your business.
♦ Be liked & gain promotions at work.
♦ Accumulate & protect your wealth.
♦ Get the job,favor,tenders,loans you desire.
♦ Pass Exams/Interviews with excellent grade.
♦ Gambling spells & winning court cases.
♦ Remove bad spells from home & businesses.
♦ Protect yourself away from car robbers/any risk.
OTHER SPELLS;
♦ Solve financial/domestic difficulties.
♦ Bring back stolen property.
♦ Cure madness/stress/addictions/long illnesses.
♦ Fight evil/curses & bad dreams.
NOTE: The spells I offer are completely customized to your needs &100% guaranteed to work; even if your situation is complex or stubborn.",,,,
Dr David Womens Clinic Germiston,"Address

Cnr Odendaal Germiston Park


Tel

011 075 45 75


Cell

083 491 5627

082 793 2323


Email

Davidwomenclinic@yahoo.com


Website

www.davvidwomenclinic.co.za","011 075 45 75


Cell

083 491 5627

082 793 2323


Email

Davidwomenclinic",,Davidwomenclinic@yahoo.com,
MOTO TYRES (Pty) Ltd,"ADDRESS

122 NORTH RAND ROAD

POWER SPORTS CENTRE

BOKSBURG



GAUTENG

 

TELEPHONE

011 918 3921

FAX

086 773 6308



CELL



079 515 2680

 

EMAIL



AT@MOTOTYRES.CO.ZA



WEBSITE



WWW.MOTOTYRES.CO.ZA



TRADE HEADINGS



TYRES","122 NORTH RAND ROAD

POWER SPORTS CENTRE

BOKSBURG



GAUTENG

 

TELEPHONE

011 918 3921

FAX

086 773 6308



CELL



079 515 2680

 

EMAIL



AT",,AT@MOTOTYRES.CO.ZA,
IMS ENGINEERING (PTY) Ltd,"Business Name		:	IMS ENGINEERING (PTY) Ltd			
						
Physical Add.		:	10 DERRICK ROAD, SPARTAN, KEMPTON PARK, 1620			
			GAUTENG, SOUTH AFRICA			
						
Postal Add.		:				
		 				
						
Telephone No.		:	011 571 6700			
Fax No.		:				
Cellular No.		:				
E-Mail Add.		:	pholl@imsgroup.co.za			
Website Add.		:				
TRADE HEADINGS						
1) 	MECHANICAL ENGINEERS","10 DERRICK ROAD, SPARTAN, KEMPTON PARK, 1620			
			GAUTENG, SOUTH AFRICA			
						
Postal Add.		; 011 571 6700			
Fax No.		",,pholl@imsgroup.co.za,
BETA ENGINEERING,"ADDRESS

DAVIDSON STREET

WADEVILLE

GERMISTON

GAUTENG



TELEPHONE



011 902 3241



EMAIL 

BETA-ENGINEERING@TELKOMSA.NET



TRADE HEADING



PRECISION ENGINEERS","011 902 3241



EMAIL 

BETA-ENGINEERING",,BETA-ENGINEERING@TELKOMSA.NET,
RB AUTOMATIC ENGINEERING,"ADDRESS

4 FOUNDRY STREET

ISANDO

KEMPTON PARK

GAUTENG



TELEPHONE



011 974 1238



FAX

011 974 1005



EMAIL

RBAUTOMATIC@TELKOMSA.NET



TRADE HEADINGS



ENGINEERS","4 FOUNDRY STREET

ISANDO

KEMPTON PARK

GAUTENG



TELEPHONE



011 974 1238



FAX

011 974 1005



EMAIL

RBAUTOMATIC",,RBAUTOMATIC@TELKOMSA.NET,
METRIC AUTOMOTIVE ENGINEERING (PTY) Ltd,"ADDRESS

6 MIKE CROOK STREET

GERMISTON SOUTH

GERMISTON

GAUTENG



TELEPHONE

011 873 1661



EMAIL

RECEPTION@METRICAUTO.CO.ZA



TRADE HEADING



ENGINEERS","6 MIKE CROOK STREET

GERMISTON SOUTH

GERMISTON

GAUTENG



TELEPHONE

011 873 1661



EMAIL

RECEPTION",,RECEPTION@METRICAUTO.CO.ZA,
NEMA ENGINEERING,"ADDRESS

12 MILLER STREET

NEW DORNFONTEIN

GAUTENG



TELEPHONE

011 402 6066

EMAIL

NEMA@GLOBAL.CO.ZA



TRADE HEADINGS

ENGINEERS","12 MILLER STREET

NEW DORNFONTEIN

GAUTENG



TELEPHONE

011 402 6066

EMAIL

NEMA",,NEMA@GLOBAL.CO.ZA,
REMADE RECYCLING,"ADDRESS

18 JAMES BRIGHT AVENUE

GERMISTON

GAUTENG



TELEPHONE

+27 11 873 6545



FAX

+86 626 8710



EMAIL

INFO@REMADE.CO.ZA



WEBSITE

WWW.REMADE.CO.ZA



TRADE HEADINGS


RECYCLING, GLASS, PLASTIC, ECO FRIENDLY, WASTER SERVICES","18 JAMES BRIGHT AVENUE

GERMISTON

GAUTENG



TELEPHONE

; 27 11 873 6545



FAX

; 86 626 8710



EMAIL

INFO",,INFO@REMADE.CO.ZA,
SILVERAY STATIONERY COMPANY,"Postal Address:
Silveray Stationery Company
P.O.Box 40754
Cleveland
2022
South Africa 

Physical Address:
Entrance 6
Pencil Park
Croxley Close, (off lower Main Reef road) Heriotdale
Extension 15
2094 

GPS Co-ordinates:
-26.209249, 28.133292 
Contact Details:
Tel: (011) 677 0000
Fax: (011) 622 9839
infojhb@silveray.co.za","40754
Cleveland
2022
South Africa 

Physical Address; 6
Pencil Park
Croxley Close, ; 15
2094 

GPS Co-ordinates; 133292 
Contact Details; 677 0000
Fax; 622 9839
infojhb",", ",infojhb@silveray.co.za,
W H PIETERS ENGINEERS (PTY) Ltd,"ADDRESS

 

453 FIR AVENUE

FERNDALE

RANDBURG

2194

 

POSTAL ADDRESS

 

P O BOX 68978

BRYANSTON

2021

 

TELEPHONE 

 

011 787 9721

 

 

CELLULAR

083 277 7010

 

EMAIL ADD

WESSEL@WHP.CO.ZA

 

WEBSITE ADDRESS

www.whp.co.za



TRADE HEADINGS



ENGINEERS

PROJECT MANAGERS

GABO at+pm GmbH","453 FIR AVENUE

FERNDALE

RANDBURG

2194

 

POSTAL ADDRESS

 

P O BOX 68978

BRYANSTON

2021

 

TELEPHONE 

 

011 787 9721

 

 

CELLULAR

083 277 7010

 

EMAIL ADD

WESSEL",,WESSEL@WHP.CO.ZA,
MM SMUTS DR,"ADDRESS

8 4th STREET 

LINDEN

2195

 

POSTAL ADDRESS

P O BOX 44076

LINDEN

2104

 

TELEPHONE

011 782 1712

FAX

011 782 1718

 

EMAIL

smuts.consult@gmail.com

 

TRADE HEADING","8 4th STREET 

LINDEN

2195

 

POSTAL ADDRESS

P O BOX 44076

LINDEN

2104

 

TELEPHONE

011 782 1712

FAX

011 782 1718

 

EMAIL

smuts.consult",,smuts.consult@gmail.com,
KAWENA DISTRIBUTORS (PTY) Ltd,"ADDRESS

17 KETTON ROAD

GERMISTON

GAUTENG



TELEPHONE

011 902 2605



FAX

011 902 4112



TRADE HEADINGS

FOOD MNFR SERVICES

DISTRIBUTION SERVICES","17 KETTON ROAD

GERMISTON

GAUTENG



TELEPHONE

011 902 2605



FAX

011 902 4112



TRADE HEADINGS

FOOD MNFR SERVICES

DISTRIBUTION SERVICES",,,
SHILTON ENGINEERING SA cc,"ADDRESS

26 SIMBA STREET

SEBENZA

EDENVALE




TELEPHONE

011 452 5050

EMAIL

SHILTON@WORLDONLINE.CO.ZA

TRADE HEADINGS

ENGINEERING","26 SIMBA STREET

SEBENZA

EDENVALE




TELEPHONE

011 452 5050

EMAIL

SHILTON",,SHILTON@WORLDONLINE.CO.ZA,
ALLIED CATERING EQUIPMENT (PTY) Ltd,"ADDRESS

507 PRETORIA ROAD

FAIRLEADS

BENONI

1501



POSTAL ADDRESS

P O BOX 14011

FARRAMERE

BENONI

1518



TELEPHONE

011 969 3407

FAX

011 969 2701

EMAIL

ALCAT@ALCAT.CO.ZA

WEBSITE

WWW.ALCAT.CO.ZA



TRADE HEADINGS

CATERING EQUIPMENT","507 PRETORIA ROAD

FAIRLEADS

BENONI

1501



POSTAL ADDRESS

P O BOX 14011

FARRAMERE

BENONI

1518



TELEPHONE

011 969 3407

FAX

011 969 2701

EMAIL

ALCAT",,ALCAT@ALCAT.CO.ZA,
PROTEC AUTO - KEMPTON PARK,"ADDRESS

POMONA GARDENS

270 POMONA ROAD

KEMPTON PARK

TELEPHONE

011 396 2960 / 1

EMAIL

LIANDIE@PROTECHAUTO.CO.ZA

PROTEC@IAFRICA.COM



TRADE HEADINGS","270 POMONA ROAD

KEMPTON PARK

TELEPHONE

011 396 2960 ; 1

EMAIL

LIANDIE",,"LIANDIE@PROTECHAUTO.CO.ZA, PROTEC@IAFRICA.COM",
PROTEC AUTO - BENONI,"ADDRESS

ARGUS MOTOR CENTRE

GREAT NORTH ROAD

RIETPAN

BENONI



TELEPHONE 

011 973 2906

011 973 2907



FAX

011 973 2908

EMAIL

LIANDIE@PROTECHAUTO.CO.ZA

TRADE HEADINGS

AUTO ELECTRICIANS","011 973 2906

011 973 2907



FAX

011 973 2908

EMAIL

LIANDIE",,LIANDIE@PROTECHAUTO.CO.ZA,
WARRENS WAY ENGINEERING (PTY) Ltd,"ADDRESS

66 SARDINE ROAD

WADEVILLE

GERMISTON



POSTAL ADDRESS

P O BOX 492

BEDFORDVIEW

2008



TELEPHONE

011 827 1921

FAX

011 827 1902

CELLULAR

082 606 0280

EMAIL

FIONA@WARRENSWAY.COM

WEBSITE

www.warrensway.com

TRADE HEADINGS

GENERAL ENGINEERING

CNC MACHINING","66 SARDINE ROAD

WADEVILLE

GERMISTON



POSTAL ADDRESS

P O BOX 492

BEDFORDVIEW

2008



TELEPHONE

011 827 1921

FAX

011 827 1902

CELLULAR

082 606 0280

EMAIL

FIONA",,FIONA@WARRENSWAY.COM,
OBET SUPPLIES,"ADDRESS

30 BORAX STREET

ALRODE

ALBERTON

GAUTENG

SOUTH AFRICA



TELEPHONE

011 908 9323

011 908 9322



EMAIL

obet@iburst.co.za



TRADE HEADINGS

ABRASIVES

LUBRICANTS

INDUSTRIAL

ENGINEERS","30 BORAX STREET

ALRODE

ALBERTON

GAUTENG

SOUTH AFRICA



TELEPHONE

011 908 9323

011 908 9322



EMAIL

obet",,obet@iburst.co.za,
GLAZECOR cc,"ADDRESS

194 IMMELMAN ROAD

WADEVILLE

GERMISTON

GAUTENG

TELEPHONE

011 827 0280

EMAIL

JPRYDE@VODAMAIL.CO.ZA


TRADE HEADINGS

GLAZING CONTRACTORS","194 IMMELMAN ROAD

WADEVILLE

GERMISTON

GAUTENG

TELEPHONE

011 827 0280

EMAIL

JPRYDE",,JPRYDE@VODAMAIL.CO.ZA,
BAKERBERG BLINDS cc,"ADDRESS

123 CAROLINE STREET

BRIXTON

JOHANNESBURG

2092

TELEPHONE

011 837 1161

FAX

011 837 3915

EMAIL

info@bakebergs.co.za

TRADE HEADING

BAMBOO & WOVEN WOOD BLINDS

VERTICAL BLINDS

ALUMINIUM VENETIAN BLINDS","123 CAROLINE STREET

BRIXTON

JOHANNESBURG

2092

TELEPHONE

011 837 1161

FAX

011 837 3915

EMAIL

info",,info@bakebergs.co.za,
DOMETIC (PTY) Ltd,"ADDRESS

4 SKEEN BOULEVARD

BEDFORDVIEW

GAUTENG

TELEPHONE

011 450 4978

FAX

011 450 4976

TRADE HEADINGS

COMMERCIAL REFREGIRATION EQUIPMENT

INDUSTRIAL EQUIPMENT

REFRIGERATION EQUIPMENT","4 SKEEN BOULEVARD

BEDFORDVIEW

GAUTENG

TELEPHONE

011 450 4978

FAX

011 450 4976

TRADE HEADINGS

COMMERCIAL REFREGIRATION EQUIPMENT

INDUSTRIAL EQUIPMENT

REFRIGERATION EQUIPMENT",,,
CAPITAL OUTSOURCING GROUP PROJECTS,"ADDRESS

GROUND FLOOR

FLOOR B

FOUNTAIN GROVE

5 SECOND ROAD

HYDE PARK

TELEPHONE

011 447 3020

FAX

011 447 2025

WEBSITE

www.cog.co.za","5 SECOND ROAD

HYDE PARK

TELEPHONE

011 447 3020

FAX

011 447 2025

WEBSITE

www.cog.co.za",,,
ROBS GATES & SECURITY,"ADDRESS

24 EDWARD STREET

REGENTS PARK

JOHANNESBURG

GAUTENG

SOUTH AFRICA



TELEPHONE

011 435 1472

EMAIL

willierobgates@yahoo.com

TRADE HEADINGS

GATES","24 EDWARD STREET

REGENTS PARK

JOHANNESBURG

GAUTENG

SOUTH AFRICA



TELEPHONE

011 435 1472

EMAIL

willierobgates",,willierobgates@yahoo.com,
DELI SPICES GAUTENG,"ADDRESS

5 PLATINUM CLOSE

TSESSEBE CRESCENT

SAGE OFFICE PARK SOUTH

MIDRAND

1682

TELEPHONE

012 001  7600

TRADE HEADINGS

SPICES

SPICE MERCHANTS

MEATS

CASINGS","5 PLATINUM CLOSE

TSESSEBE CRESCENT

SAGE OFFICE PARK SOUTH

MIDRAND

1682

TELEPHONE

012 001  7600

TRADE HEADINGS

SPICES

SPICE MERCHANTS

MEATS

CASINGS",,,
LUBRIMAX GAUTENG,"ADDRESS

24 RONBEX ROAD

ACTIVIA PARK

GERMISTON

GAUTENG

SOUTH AFRICA

TELEPHONE

011 822 2210

011 822 6180

011 822 1877

FAX

011 822 1886

CELL

083 312 9873

EMAIL

ikassam@lubrimax.co.za

WEBSITE

http://â€‹www.lubrimax.co.za

TRADE HEADINGS

LUBRICANTS
About Us.

It’s a pleasure introducing, Lubrimax to you, our plant is based in Germiston East of Johannesburg, and “Lubrimax” Is one of South Africa’s leading lubricant companies, which has firmly established itself as a manufacturer of premium quality Lubricants serving a diverse range of industries. We consider ourselves to be a South African Black Empowerment Entity and at Lubrimax we are proud to be part of the transformation process. 
Lubrimax is recognized for cutting-edge technology and high-quality products. Lubrication is the art of reducing friction between rubbing or rolling surfaces. In the recent past two terminologies have gained currency - Iridology, the science of Rubbing; Theology, the study of stream or flow. At Lubrimax we are dedicated in producing Greases and Oil Lubricants that work harder and last longer to meet today's most demanding requirements. As technology progresses, Lubricants are subjected to greater extremes in operating speeds along with wider temperature ranges. This increases the need for Lubricants which can provide long life protection against friction, wear, rust and corrosion. Keeping pace with this technological progress, our Lubricants succeed where conventional products fail. The result is a full line of products that increase productivity, decrease downtime and extend the life of your machinery while providing cost-effective and trouble free maintenance.
Please visit us on.
We proudly introduce our products to you find attached price list and view our website: www.lubrimax.co.za","24 RONBEX ROAD

ACTIVIA PARK

GERMISTON

GAUTENG

SOUTH AFRICA

TELEPHONE

011 822 2210

011 822 6180

011 822 1877

FAX

011 822 1886

CELL

083 312 9873

EMAIL

ikassam",,ikassam@lubrimax.co.za,http://â€‹www.lubrimax.co.za
AMITA FENCE,"ADDRESS

5 AJEX STREET

DALVIEW

BRAKPAN

GAUTENG

SOUTH AFRICA

TELEPHONE

011 740 4220

CELL

083 294 5572

EMAIL

amitaspark@telkomsa.net

WEBSITE

www.amitafence.co.za

TRADE HEADINGS

WAREHOUSE FENCING

PALISADE FENCING

ELECTRIC FENCING

WIRE MESH FENCING","5 AJEX STREET

DALVIEW

BRAKPAN

GAUTENG

SOUTH AFRICA

TELEPHONE

011 740 4220

CELL

083 294 5572

EMAIL

amitaspark",,amitaspark@telkomsa.net,
ANDYS LOCK & KEY LOCKSMITH,"ADDRESS

225 BEYERS NAUDE DRIVE

NORTHCLIFF

JOHANNESBURG

GAUTENG

TELEPHONE

011 888 3344

EMAIL

andy@andyslockandkey.co.za

TRADE HEADINGS

LOCKSMITHS

LOCKS

KEYS","225 BEYERS NAUDE DRIVE

NORTHCLIFF

JOHANNESBURG

GAUTENG

TELEPHONE

011 888 3344

EMAIL

andy",,andy@andyslockandkey.co.za,
DOOSAN INTERNATIONAL SOUTH AFRICA (PTY) Ltd,"ADDRESS

9 LIEBENBERG STREET

ALRODE

ALBERTON

GAUTENG

SOUTH AFRICA

POSTAL ADDRESS

P O BOX 17286

RANDHART

1457

TELEPHONE

011 864 7574

FAX

011 864 1512

CELL

082 377 7509

EMAIL

daphne.seiler@doosan.com

WEBSITE

www.doosansa.co.za

TRADE HEADINGS

COMPRESSOR SALES

COMPRESSOR REPAIRS

COMPRESSOR SPARES

GENERATORS AND ACCESSORIES

HYDRAULIC HAMMERS

DRIFTER SALES, REPAIRS AND SPARE PARTS","9 LIEBENBERG STREET

ALRODE

ALBERTON

GAUTENG

SOUTH AFRICA

POSTAL ADDRESS

P O BOX 17286

RANDHART

1457

TELEPHONE

011 864 7574

FAX

011 864 1512

CELL

082 377 7509

EMAIL

daphne.seiler",,daphne.seiler@doosan.com,
SPACE STEEL cc,"Business Name		:	SPACE STEEL CC			
						
Physical Add.		:	14 Foden St, Aureus, Randfontein, Gauteng			
			South Africa			
						
Postal Add.		:	PO Box 6415, Greenhills, 			
		 	Randfontein, 1767			
						
Telephone No.		:	011 693 2611			
Fax No.		:	011 693 6105			
Cellular No.		:	082 4682170			
E-Mail Add.		:	hdeswardt@lantic.net			
Website Add.		:	www.space-steel.co.za			
TRADE HEADINGS						
1) 	STEEL FABRICATIONS			2) 	A FRAME HOUSES","14 Foden St, Aureus, Randfontein, Gauteng			
			South Africa			
						
Postal Add.		; 1767			
						
Telephone No.		; 011 693 2611			
Fax No.		; 011 693 6105			
Cellular No.		; 082 4682170			
E-Mail Add.		",,hdeswardt@lantic.net,
DXN INTERNATIONAL (SA),"ADDRESS

35 NTEMI PILISO STREET

JOHANNESBURG

2001

POSTAL ADDRESS

P O BOX 62579

MARSHALL TOWN

2107

TELEPHONE

011 838 7992

EMAIL

dxn@icon.co.za

WEBSITE

www.dxn2u.com","35 NTEMI PILISO STREET

JOHANNESBURG

2001

POSTAL ADDRESS

P O BOX 62579

MARSHALL TOWN

2107

TELEPHONE

011 838 7992

EMAIL

dxn",,dxn@icon.co.za,
NIEUWSTAD ROADFREIGHT (PTY) Ltd,"ADDRESS

PRODUCTA INDUSTRY

DRIEMANSKAP

5 ERF

NIGEL

GAUTENG

POSTAL ADDRESS

P O BOX 446

HEIDELBERG

1438

TELEPHONE

011 730 8000

FAX

011 730 8017

EMAIL

nieuwstad@lantic.net","5 ERF

NIGEL

GAUTENG

POSTAL ADDRESS

P O BOX 446

HEIDELBERG

1438

TELEPHONE

011 730 8000

FAX

011 730 8017

EMAIL

nieuwstad",,nieuwstad@lantic.net,
GAYDONS MOTOR SPARES S.A (PTY) Ltd - GAUTENG,"ADDRESS

40 LAUB STREET

NEW CENTRE

ROSETTENVILLE

JOHANNESBURG

2001

TELEPHONE

011 556 0000

EMAIL

GMSADMIN@TELKOMSA.NET","40 LAUB STREET

NEW CENTRE

ROSETTENVILLE

JOHANNESBURG

2001

TELEPHONE

011 556 0000

EMAIL

GMSADMIN",,GMSADMIN@TELKOMSA.NET,
AMM TOWING,"Business Name		:	AMM TOWING			
						
Physical Add.		:	185 Hugo Street, Goodwood, Western Cape, 			
			South Africa			
						
Postal Add.		:				
		 				
						
Telephone No.		:	021 591 2277 / 021 591 2213			
Fax No.		:	021 591 1574			
Cellular No.		:	082 473 8747			
E-Mail Add.		:	ammtowing@gmail.com			
Website Add.		:				
TRADE HEADINGS						
1) 	Towing Services			2) 	breakdown services","185 Hugo Street, Goodwood, Western Cape, 			
			South Africa			
						
Postal Add.		; 021 591 2277 ; 021 591 2213			
Fax No.		; 021 591 1574			
Cellular No.		; 082 473 8747			
E-Mail Add.		",,ammtowing@gmail.com,
VHARANANI PROPERTIES,"Business Name		:	Vharanani Properties 			
						
Physical Add.		:	11 Parkville Plce, Buccleuch, Sandton, Gauteng			
			 South Africa			
						
Postal Add.		:				
		 				
						
Telephone No.		:	""
015 295 6085""			
Fax No.		:	011 656 1417			
Cellular No.		:				
E-Mail Add.		:	 info@vharanani.com			
Website Add.		:				
TRADE HEADINGS						
1) 	Building Properties 			2) 	Housing Development","11 Parkville Plce, Buccleuch, Sandton, Gauteng			
			 South Africa			
						
Postal Add.		; 015 295 6085; 011 656 1417			
Cellular No.		",,info@vharanani.com,
HETTIES TRANSPORT,"Business Name		:	HETTIES TRANSPORT			
						
Physical Add.		:	35 Borax St, Alrode, Alberton, Gauteng,			
			South Africa			
						
Postal Add.		:	PO BOX 123752			
		 	Alrode, 1451			
						
Telephone No.		:	011 908 6641 			
Fax No.		:	086 509 6916			
Cellular No.		:				
E-Mail Add.		:	ulindi@hetties.co.za			
Website Add.		:	www.hetties.co.za			
TRADE HEADINGS						
1) 	logistics			2) 	transport brokers and consultants","35 Borax St, Alrode, Alberton, Gauteng,			
			South Africa			
						
Postal Add.		; 123752			
		 	Alrode, 1451			
						
Telephone No.		; 011 908 6641 			
Fax No.		; 086 509 6916			
Cellular No.		",,ulindi@hetties.co.za,
RIGHT PRICE AIRCONDITIONING ALBERTON GAUTENG SOUTH AFRICA,"Business Name		:	AIR AFRICA AIRCONDITIONING t/a RIGHT PRICE AIRCONDITIONING			
						
Physical Add.		:	53 A 2nd AVENUE, ALBERTON NORTH			
			GAUTENG			
						
Postal Add.		:				
		 				
						
Telephone No.		:	011 907 1687			
Fax No.		:	011 900 2394			
Cellular No.		:	076 432 5817			
E-Mail Add.		:	SALES@RIGHTPRICEAIRCON.CO.ZA","53 A 2nd AVENUE, ALBERTON NORTH			
			GAUTENG			
						
Postal Add.		; 011 907 1687			
Fax No.		; 011 900 2394			
Cellular No.		; 076 432 5817			
E-Mail Add.		",,SALES@RIGHTPRICEAIRCON.CO.ZA,
EMERALD TOWING,"ADDRESS

16 VAN DER WALT STREET

HARMONIESRUS

VEREENIGING

1930

TELEPHONE

016 429 9904

016 429 9905

FAX

016 429 9915

CELL

082 859 2922

EMAIL

reception@emeraldautocraft.co.za

TRADE HEADINGS

TOWING SERVICE

BREAKDOWN SERVICES

PANEL BEATING","16 VAN DER WALT STREET

HARMONIESRUS

VEREENIGING

1930

TELEPHONE

016 429 9904

016 429 9905

FAX

016 429 9915

CELL

082 859 2922

EMAIL

reception",,reception@emeraldautocraft.co.za,
UBUNYE CLEANING SERVICES,"Physical Add.		:	Unit B6, Lanzerac Office Park, Old Pretoria Road, Midrand, Gauteng,			
			South Africa			
						
Postal Add.		:	PO Box 235 			
		 	Halfway House, 1685			
						
Telephone No.		:	011 805 3080			
Fax No.		:	011 805 0554			
Cellular No.		:				
E-Mail Add.		:	helpdesk@ubunye.co.za			
Website Add.		:	www.ubunye.co.za			
TRADE HEADINGS						
1) 	Contractual Cleaning			2) 	Comprehensive Hygiene Service","235 			
		 	Halfway House, 1685			
						
Telephone No.		; 011 805 3080			
Fax No.		; 011 805 0554			
Cellular No.		",,helpdesk@ubunye.co.za,
WILLOW VIEW LODGE & CONFERENCE CENTRE,"Business Name		:	WILLOW VIEW LODGE & CONFERENCE CENTRE			
						
Physical Add.		:	31 1st St, Bredell, Kempton Park, Gauteng,			
			South Africa			
						
Postal Add.		:				
		 				
						
Telephone No.		:	011 565 6600			
Fax No.		:	011 565 6855			
Cellular No.		:				
E-Mail Add.		:	samantha@willow-view.co.za			
Website Add.		:	www.willowviewlodge.co.za			
TRADE HEADINGS						
1) 	Conferencing			2) 	Team building	
3)	Function and events venues			4) 	Accommodation","31 1st St, Bredell, Kempton Park, Gauteng,			
			South Africa			
						
Postal Add.		; 011 565 6600			
Fax No.		; 011 565 6855			
Cellular No.		",,samantha@willow-view.co.za,
TAXI CONER,"Business Name		:	TAXI CONER			
						
Physical Add.		:	46 St Albeans Bldg, 249 Bree St			
						
						
Postal Add.		:				
		 				
						
Telephone No.		:				
Fax No.		:				
Cellular No.		:	082 2901 889			
E-Mail Add.		:	info@taxiconer.co.za			
Website Add.		:				
TRADE HEADINGS						
1) 	SHUTTLE SERVICE			2)","46 St Albeans Bldg, 249 Bree St			
						
						
Postal Add.		; 082 2901 889			
E-Mail Add.		",,info@taxiconer.co.za,
MPC RECRUITMENT GAUTENG,"ADDRESS

21 A PETER PLACE

LYME PARK

SANDTON

GAUTENG

2196

TELEPHONE

011 706 2705

FAX

086 694 3797

EMAIL

recruitment@mpc.co.za

WEBSITE

www.mpc.co.za

TRADE HEADINGS

PERMANENT STAFFING

SHORT TERM STAFFING

CONTRACT STAFFING","21 A PETER PLACE

LYME PARK

SANDTON

GAUTENG

2196

TELEPHONE

011 706 2705

FAX

086 694 3797

EMAIL

recruitment",,recruitment@mpc.co.za,
GLOBAL REACH LOGISTICS - GAUTENG,"ADDRESS:

20 KOSMOS STREET

KEMPTON PARK

GAUTENG

TELEPHONE:

011 975 0870

EMAIL:

JOHN@GLOBALREACH.CO.ZA

TRADE HEADINGS:

CLEARING FORWADING ( IMPORT / EXPORT)","20 KOSMOS STREET

KEMPTON PARK

GAUTENG

TELEPHONE; 011 975 0870

EMAIL",,JOHN@GLOBALREACH.CO.ZA,
EXPERT ELECTRICIANS (PTY) Ltd,"Business Name		:	Expert Electricians			
						
Physical Add.		:				
			South Africa			
						
Postal Add.		:	PO BOX 11553,			
		 	Queenswood, 0121			
						
Telephone No.		:				
Fax No.		:				
Cellular No.		:	072 085 9913			
E-Mail Add.		:	expertelec@live.com			
Website Add.		:	www.expert-electricians.co.za			
TRADE HEADINGS						
1) 	Residential/Industrial services			2) 	Fault Finding Services	
3)	Ligthting Services			4) 	Genaral services","0121			
						
Telephone No.		; 072 085 9913			
E-Mail Add.		",,expertelec@live.com,
PACE DRIVING SCHOOL,"ADDRESS

37 CENTRE POINT

PRETORIA AVENUE

RANDBURG

SOUTH AFRICA

TELEPHONE

011 326 4351

CELL

079 156 1123

EMAIL

INFO@PACEDRIVING.CO.ZA

TRADE HEADINGS

DRIVING TRAINING

DRIVING INSTRUCTIONS

DRIVING SCHOOL

K53 LEARNERS COURSE","37 CENTRE POINT

PRETORIA AVENUE

RANDBURG

SOUTH AFRICA

TELEPHONE

011 326 4351

CELL

079 156 1123

EMAIL

INFO; 53 LEARNERS COURSE",,INFO@PACEDRIVING.CO.ZA,
THE AUTOMATIC SPRINKLER INSPECTION BUREAU,"ADDRESS

1407 IMBALI

CNR LOUIS BOTHA & TUDHOPE AVENUES

BEREA

JOHANNESBURG

POSTAL ADDRESS

P O BOX 3139

HOUGHTON

2041

TELEPHONE

011 642 1703

FAX

011 642 1019

EMAIL

jennifer@asib.co.za

WEBSITE

www.asib.co.za

TRADE HEADINGS

FIRE SAFETY SERVICES","1407 IMBALI

CNR LOUIS BOTHA ; 3139

HOUGHTON

2041

TELEPHONE

011 642 1703

FAX

011 642 1019

EMAIL

jennifer",,jennifer@asib.co.za,
IMBEKO TOURS,"ADDRESS

172 LYNN SREET

KAREN PARK

ACACIA

TELEPHONE

082 516 3279

TELEPHONE

012 392 3175

EMAIL

peter@imbekotours.co.za

TRADE HEADINGS

SHUTTLE SERVICE","172 LYNN SREET

KAREN PARK

ACACIA

TELEPHONE

082 516 3279

TELEPHONE

012 392 3175

EMAIL

peter",,peter@imbekotours.co.za,
GIFT PLUMBERS & MAINTENANCE,"ADDRESS

SUITE 206 

OFFICE NO 6 

2ND FLOOR 

PROTEA PLACE

ORANGE GROVE 

JOHANNESBURG

TELEPHONE

011 025 8979

FAX

086 228 3706

CELL

072 459 8889

082 687 9445

EMAIL

giftplumbers@gmail.com

TRADE HEADINGS

PLUMBING CONTRACTORS

SANITARY ENGINEERS","206 

OFFICE NO 6 

2ND FLOOR 

PROTEA PLACE

ORANGE GROVE 

JOHANNESBURG

TELEPHONE

011 025 8979

FAX

086 228 3706

CELL

072 459 8889

082 687 9445

EMAIL

giftplumbers",,giftplumbers@gmail.com,
STRUCMAC,"ADDRESS

47 ATLAS ROAD

HENVILLE

GERMISTON

1412

POSTAL ADDRESS

P O BOX 6300

HOMESTEAD

1412

TELEPHONE

011 8222 399

FAX

086 668 1780

EMAIL

MAGDA@STRUCMAC.CO.ZA

TRADEHEADINGS

ENGINEERING","47 ATLAS ROAD

HENVILLE

GERMISTON

1412

POSTAL ADDRESS

P O BOX 6300

HOMESTEAD

1412

TELEPHONE

011 8222 399

FAX

086 668 1780

EMAIL

MAGDA",,MAGDA@STRUCMAC.CO.ZA,
ATLAS COPCO TOOLS & ASSEMBLY SYSTEM,"Business Name		:	Atlas Copco Tools & Assembly System			
						
Physical Add.		:	2 Saligna St, Witfield, Boksburg, Gauteng 			
			South Africa			
						
Postal Add.		:				
		 				
						
Telephone No.		:	011 821 9000 			
Fax No.		:				
Cellular No.		:	083 627 7730			
E-Mail Add.		:				
Website Add.		:	www.atlascopco.co.za			
TRADE HEADINGS						
1) 	Tools & Assembly Systems			2) 	Construction Equipment	
3)	Drilling & mining			4) 	Rental service","2 Saligna St, Witfield, Boksburg, Gauteng 			
			South Africa			
						
Postal Add.		; 011 821 9000 			
Fax No.		; 083 627 7730			
E-Mail Add.		",,,
ATLAS COPCO TOOLS & ASSEMBLY SYSTEM BOKSBURG,"Business Name
			:
			Atlas Copco (SA) (Pty) Ltd
			 
		
		
			 
			 
		
		
			Physical Add.
			:
			150 Denne Rd, Witfield, Boksburg, Gauteng,","150 Denne Rd, Witfield, Boksburg, Gauteng,",,,
ATLAS COPCO TOOLS & ASSEMBLY SYSTEM BENONI,"Business Name		:	Atlas Copco (SA) (Pty) Ltd (Benoni)			
						
Physical Add.		:	Kingswood 40, 2 Dawn Rd, Farrarmere, Benoni, Gauteng			
			South Africa			
						
Postal Add.		:				
		 				
						
Telephone No.		:	011 425 1635			
Fax No.		:				
Cellular No.		:				
E-Mail Add.		:				
Website Add.		:	www.atlascopco.co.za			
TRADE HEADINGS						
1) 	Tools & Assembly Systems			2) 	Construction Equipment	
3)	Drilling & mining			4) 	Rental service","2 Dawn Rd, Farrarmere, Benoni, Gauteng			
			South Africa			
						
Postal Add.		; 011 425 1635			
Fax No.		",,,
ATLAS COPCO TOOLS & ASSEMBLY SYSTEM BLACKHEATH,"Business Name		:	Atlas Copco (SA) (Pty) Ltd (Blackheath)			
						
Physical Add.		:	SAXENBURG PARK, 10 MUSANTE RD, SAXENBURG PARK, BLACKHEATH, Western Cape, 			
			South Africa			
						
Postal Add.		:				
		 				
						
Telephone No.		:	021 907 4779			
Fax No.		:				
Cellular No.		:				
E-Mail Add.		:				
Website Add.		:	www.atlascopco.co.za			
TRADE HEADINGS						
1) 	Tools & Assembly Systems			2) 	Construction Equipment	
3)	Drilling & mining			4) 	Rental service","10 MUSANTE RD, SAXENBURG PARK, BLACKHEATH, Western Cape, 			
			South Africa			
						
Postal Add.		; 021 907 4779			
Fax No.		",,,
AUTO GALLERY,"Attention		:	SARAH			
						
Business Name		:	AUTO GALLERY			
						
Physical Add.		:	 11 Five Star Business Park, Juice St, Honeydew, 2040 Honeydew, Gauteng			
						
						
Postal Add.		:				
		 				
						
Telephone No.		:	011-794-3705			
Fax No.		:	011-794-3707			
Cellular No.		:	083-266-6677			
E-Mail Add.		:	info@autogallery.co.za			
Website Add.		:	www.autogallery.co.za			
TRADE HEADINGS						
1) 	PANEL BEATING			2) 	SPRAYPAINTERS","11 Five Star Business Park, Juice St, Honeydew, 2040 Honeydew, Gauteng			
						
						
Postal Add.		; 3705			
Fax No.		; 3707			
Cellular No.		; 6677			
E-Mail Add.		",,info@autogallery.co.za,
SISIMO ENGINEERING,"ADDRESS

45A VAALGATE SHOPPING CENTRE

ATTIE FOURIE STREET

VANDERBIJLPARK

POSTAL ADDRESS

P O BOX 994

VEREENIGING

1930

TELEPHONE

016 931 0355

FAX

086 224 7817

EMAIL

admin@sisimogroup.co.za

WEBSITE

www.sisimogroup.co.za

TRADE HEADINGS

ENGINEERING

CONSTRUCTION

ARCHITECTURE","994

VEREENIGING

1930

TELEPHONE

016 931 0355

FAX

086 224 7817

EMAIL

admin",,admin@sisimogroup.co.za,
WOMEN AT WORK CLEANING SERVICES cc,"Business Name		:	WOMEN AT WORK CLEANING SERVICES CC			
						
Physical Add.		:	15527 POBox, Impala Park, Boksburg, Gauteng, South Africa			
						
						
Postal Add.		:				
		 				
						
Telephone No.		:				
Fax No.		:	086-503-8768			
Cellular No.		:	082-499-4461			
E-Mail Add.		:	woman.work@iburst.co.za			
Website Add.		:				
TRADE HEADINGS						
1) 	CLEANING SERVICES			2)","15527 POBox, Impala Park, Boksburg, Gauteng, South Africa			
						
						
Postal Add.		; 8768			
Cellular No.		; 4461			
E-Mail Add.		",,woman.work@iburst.co.za,
NANDI AUTOBODY & SERVICE,"Business Name		:	NANDI AUTOBODY & SERVICE 			
						
Physical Add.		:	4 Amanda Rd, Johannesburg, Johannesburg, South Africa 			
						
						
Postal Add.		:				
		 				
						
Telephone No.		:	011-435-9001			
Fax No.		:	086-754-7112			
Cellular No.		:				
E-Mail Add.		:	nandiautobody@gmail.com			
Website Add.		:				
TRADE HEADINGS						
1) 	PANEL BEATING			2) 	SPRAYPAINTERS	
3)	MECHANICAL SERVICE CENTRE			4)","4 Amanda Rd, Johannesburg, Johannesburg, South Africa 			
						
						
Postal Add.		; 9001			
Fax No.		; 7112			
Cellular No.		",,nandiautobody@gmail.com,
LEGO SA ( PTY) Ltd,"Business Name		:	LEGO SA (PTY) LTD			
						
Physical Add.		:	Lakeview Hse Constantia Prk, Hendrik Potgieter Rd, Weltevreden Park, Gauteng			
						
						
Postal Add.		:				
		 				
						
Telephone No.		:	011-475-5977			
Fax No.		:	011-475-2245			
Cellular No.		:				
E-Mail Add.		:	carol.hanfon@lego.com/nishkalan.naidoo@lego.com			
Website Add.		:	www.lego.com","5977			
Fax No.		; 2245			
Cellular No.		",,"carol.hanfon@lego.com, nishkalan.naidoo@lego.com",
BMA ELECTRICAL & COMPUTING SERVICES,"Business Name		:	BMA ELECTRICAL & COMPUTING SERVICES			
						
Physical Add.		:	7 Woodpecker, Meyersdal Exts, Alberton, Gauteng,			
			South Africa			
						
Postal Add.		:	PO Box 5911, Meyersdal,			
		 	Alberton, 1447			
						
Telephone No.		:	011 827 9393			
Fax No.		:	086 689 1464			
Cellular No.		:				
E-Mail Add.		:	bmaecomp@worldonline.co.za			
Website Add.		:				
TRADE HEADINGS						
1) 	ELECTRICAL CONTRACTORS			2) 	CERTIFICATE OF COMPLIANCE	
3)	MAINTENANCE & NEW INSTALLATION			4)","7 Woodpecker, Meyersdal Exts, Alberton, Gauteng,			
			South Africa			
						
Postal Add.		; 1447			
						
Telephone No.		; 011 827 9393			
Fax No.		; 086 689 1464			
Cellular No.		",,bmaecomp@worldonline.co.za,
STONEHOUSE GRAPHICS (PTY) Ltd,"Business Name		:	STONEHOUSE GRAPHICS (PTY) LTD			
						
Physical Add.		:	 150, Fleming Rd, Meadowdale, Germiston, Gauteng			
			South Africa			
						
Postal Add.		:				
		 				
						
Telephone No.		:	011 966 9900			
Fax No.		:				
Cellular No.		:				
E-Mail Add.		:	Info@stonehouse.co.za			
Website Add.		:				
TRADE HEADINGS						
1) 	Printers			2) 	Teardrop banners	
3)	Signage			4) 	Branding","011 966 9900			
Fax No.		",,Info@stonehouse.co.za,
CARPORT KING,"Business Name		:	CARPORT KING			
						
Physical Add.		:	10 Bentonite St, Alrode, Alberton, Gauteng,			
			South Africa			
						
Postal Add.		:				
		 				
						
Telephone No.		:	011 864 3451			
Fax No.		:				
Cellular No.		:				
E-Mail Add.		:	ronellb@vodamail.co.za			
Website Add.		:				
TRADE HEADINGS						
1) 	CARPORTS			2) 	AWNINGS	
3)	GALVANISER			4) 	CROMODECK","10 Bentonite St, Alrode, Alberton, Gauteng,			
			South Africa			
						
Postal Add.		; 011 864 3451			
Fax No.		",,ronellb@vodamail.co.za,
KENNYS PRINT,"Business Name		:	KENNY'S PRINT		
					
Physical Add.		:	12 Betty St, New Doornfontein, Johannesburg, Gauteng		
			South Africa		
					
Postal Add.		:			
		 			
					
Telephone No.		:	011 614 7438		
Fax No.		:	011 614 7438		
Cellular No.		:	072 048 3929		
E-Mail Add.		:	kennysprints@yahoo.com		
Website Add.		:			
TRADE HEADINGS					
1) 	Printers			2)","12 Betty St, New Doornfontein, Johannesburg, Gauteng		
			South Africa		
					
Postal Add.		; 011 614 7438		
Fax No.		; 011 614 7438		
Cellular No.		; 072 048 3929		
E-Mail Add.		",,kennysprints@yahoo.com,
,"Business Name		:	Heatwave Fireplaces & Braais			
						
Physical Add.		:	132 Republic Road, Fontainebleau, Randburg, Gauteng,			
			South Africa			
						
Postal Add.		:				
		 				
						
Telephone No.		:	011 791 1150			
Fax No.		:	011 793 2837			
Cellular No.		:	072 371 7178			
E-Mail Add.		:	sales@heatking.co.za			
Website Add.		:	www.heatwave.co.za			
TRADE HEADINGS						
1) 	FIREPLACES / BRAAIS			2) 	GAS FIREPLACES	
3)	BOGEN SERIES			4) 	FERNO CAST-IRON FIREPLACES","132 Republic Road, Fontainebleau, Randburg, Gauteng,			
			South Africa			
						
Postal Add.		; 011 791 1150			
Fax No.		; 011 793 2837			
Cellular No.		; 072 371 7178			
E-Mail Add.		",,sales@heatking.co.za,
HEATWAVE FIREPLACES & BRAAIS,"Business Name		:	Heatwave Fireplaces & Braais			
						
Physical Add.		:	132 Republic Road, Fontainebleau, Randburg, Gauteng,			
			South Africa			
						
Postal Add.		:				
		 				
						
Telephone No.		:	011 791 1150			
Fax No.		:	011 793 2837			
Cellular No.		:	072 371 7178			
E-Mail Add.		:	sales@heatking.co.za			
Website Add.		:	www.heatwave.co.za			
TRADE HEADINGS						
1) 	FIREPLACES / BRAAIS			2) 	GAS FIREPLACES	
3)	BOGEN SERIES			4) 	FERNO CAST-IRON FIREPLACES","132 Republic Road, Fontainebleau, Randburg, Gauteng,			
			South Africa			
						
Postal Add.		; 011 791 1150			
Fax No.		; 011 793 2837			
Cellular No.		; 072 371 7178			
E-Mail Add.		",,sales@heatking.co.za,
REMADE RECYCLE NEWTOWN,"Business Name		:	REMADE RECYCLING			
						
Physical Add.		:	45 CARR STREET, NEWTOWN, JOHANNESBURG			
						
						
Postal Add.		:				
		 				
						
Telephone No.		:	011 834 4548			
Fax No.		:	011 833 5683			
Cellular No.		:				
E-Mail Add.			info@remade.co.za			
Website Add.		:	www.remade.co.za			
TRADE HEADINGS						
1) 	WASTE SERVICES			2)	RECYCLING","45 CARR STREET, NEWTOWN, JOHANNESBURG			
						
						
Postal Add.		; 011 834 4548			
Fax No.		; 011 833 5683			
Cellular No.		",,info@remade.co.za,
REMADE RECYCLE RANDBURG,"Business Name		:	REMADE RECYCLING			
						
Physical Add.		:	12 BERTHA STREET, MOSTYN PARK, KYA SANDS			
						
						
Postal Add.		:				
		 				
						
Telephone No.		:	011 873 6545			
Fax No.		:	086 686 8710			
Cellular No.		:				
E-Mail Add.			info@remade.co.za			
Website Add.		:	www.remade.co.za			
TRADE HEADINGS						
1) 	WASTE SERVICES			2)	RECYCLING","12 BERTHA STREET, MOSTYN PARK, KYA SANDS			
						
						
Postal Add.		; 011 873 6545			
Fax No.		; 086 686 8710			
Cellular No.		",,info@remade.co.za,
REMADE RECYCLE RANDFONTEIN,"Business Name		:	REMADE RECYCLING			
						
Physical Add.		:	4 MAIN REEF ROAD, RANDFONTEIN			
						
						
Postal Add.		:				
		 				
						
Telephone No.		:	011 692 3130			
Fax No.		:	011 412 2092			
Cellular No.		:				
E-Mail Add.			info@remade.co.za			
Website Add.		:	www.remade.co.za			
TRADE HEADINGS						
1) 	WASTE SERVICES			2)	RECYCLING","4 MAIN REEF ROAD, RANDFONTEIN			
						
						
Postal Add.		; 011 692 3130			
Fax No.		; 011 412 2092			
Cellular No.		",,info@remade.co.za,
REMADE RECYCLE SPRINGS,"Business Name		:	REMADE RECYCLING			
						
Physical Add.		:	1ST STREET, SPRINGS,  GAUTENG			
						
						
Postal Add.		:				
		 				
						
Telephone No.		:	011 812 2414			
Fax No.		:	011 812 1067			
Cellular No.		:				
E-Mail Add.			info@remade.co.za			
Website Add.		:	www.remade.co.za			
TRADE HEADINGS						
1) 	WASTE SERVICES			2)	RECYCLING","011 812 2414			
Fax No.		; 011 812 1067			
Cellular No.		",,info@remade.co.za,
REMADE RECYCLE RUSTENBURG,"Business Name		:	REMADE RECYCLING			
						
Physical Add.		:	83 ZENDELING STREET,RUSTENBERG			
						
						
Postal Add.		:				
		 				
						
Telephone No.		:	014 592 4157			
Fax No.		:	014 597 0505			
Cellular No.		:				
E-Mail Add.			info@remade.co.za			
Website Add.		:	www.remade.co.za			
TRADE HEADINGS						
1) 	WASTE SERVICES			2)	RECYCLING","83 ZENDELING STREET,RUSTENBERG			
						
						
Postal Add.		; 014 592 4157			
Fax No.		; 014 597 0505			
Cellular No.		",,info@remade.co.za,
FANCY FLUSH,"Business Name		:	FANCY FLUSH			
						
Physical Add.		:	98 2nd St, Booysens Reserve, Johannesburg, Gauteng			
			South Africa			
						
Postal Add.		:				
		 				
						
Telephone No.		:	011 835 1054			
Fax No.		:				
Cellular No.		:				
E-Mail Add.		:	sales@chillingaffairs.co.za			
Website Add.		:				
TRADE HEADINGS						
1) 	Hiring Services			2) 	Marquees	
3)	Functions			4) 	Prefabricated Buildings","98 2nd St, Booysens Reserve, Johannesburg, Gauteng			
			South Africa			
						
Postal Add.		; 011 835 1054			
Fax No.		",,sales@chillingaffairs.co.za,
VIKA GRAPHICS,"Business Name		:	VIKA GRAPHICS			
						
Physical Add.		:	Old Park Bldg, 352 Oak Av, Ferndale, Randburg, Gauteng,			
			South Africa			
						
Postal Add.		:	PO Box 2125, 			
		 	Randburg, 2125			
						
Telephone No.		:	011 326 4426			
Fax No.		:	011 326 4437			
Cellular No.		:	084 326 1967			
E-Mail Add.		:	design@vikagraphics.co.za			
Website Add.		:	www.vikagraphics.co.za			
TRADE HEADINGS						
1) 	Graphic Designing			2) 	Printing (Litho & Digital)	
3)	Corporate Items			4) 	3D Signage/website designers","352 Oak Av, Ferndale, Randburg, Gauteng,			
			South Africa			
						
Postal Add.		; 2125			
						
Telephone No.		; 011 326 4426			
Fax No.		; 011 326 4437			
Cellular No.		; 084 326 1967			
E-Mail Add.		",,design@vikagraphics.co.za,
TIVONELENI CONSTRUCTION & CLEANING SERVICES,"Business Name		:	TIVONELENI CONSTRUCTION & CLEANING SERVICES			
						
Physical Add.		:	17 LUCEURNE COURT, RALEIGH & GRAFTON , YEOVILLE, 2198			
						
						
Postal Add.		:				
		 				
						
Telephone No.		:	011 0502723			
Fax No.		:	086 2266 918			
Cellular No.		:	072-480-9082			
E-Mail Add.		:	tivonelenibuilding@gmail.com			
Website Add.		:				
TRADE HEADINGS						
1) 	CLEANING SERVICES			2) 	BUILDING CONSTRUCTION","17 LUCEURNE COURT, RALEIGH ; 2198			
						
						
Postal Add.		; 011 0502723			
Fax No.		; 086 2266 918			
Cellular No.		; 9082			
E-Mail Add.		",,tivonelenibuilding@gmail.com,
THREE STAR CONSTRUCTION,"Business Name		:	THREE STAR CONSTRUCTION			
						
Physical Add.		:	Stand 1335, Evaton North, Evaton, Gauteng, 			
			South Africa			
						
Postal Add.		:				
		 				
						
Telephone No.		:	016 583 0576			
Fax No.		:				
Cellular No.		:				
E-Mail Add.		:	jabulanis@ovi.com			
Website Add.		:				
TRADE HEADINGS						
1) 	Building and construction			2) 	plastering/renovations","016 583 0576			
Fax No.		",,jabulanis@ovi.com,
ROCHE PRODUCTS (PTY) Ltd  BIRDHAVEN JOHANNESBURG,"Business Name		:	ROCHE PRODUCTS (PTY) LTD (BIRDHAVEN JHB)			
						
Physical Add.		:	99 TYRWHITT AV, BIRDHAVEN, JOHANNESBURG, GAUTENG, 			
			South Africa			
						
Postal Add.		:				
		 				
						
Telephone No.		:	011 447 5283			
Fax No.		:				
Cellular No.		:				
E-Mail Add.		:				
Website Add.		:				
TRADE HEADINGS						
1) 	Pharmaceutical manufacturers			2) 	Pharmaceutical medicines","99 TYRWHITT AV, BIRDHAVEN, JOHANNESBURG, GAUTENG, 			
			South Africa			
						
Postal Add.		; 011 447 5283			
Fax No.		",,,
ROCHE PRODUCTS (PTY) Ltd FERNDALE,"Business Name		:	ROCHE PRODUCTS (PTY) LTD (FERNDALE RANDBURG)			
						
Physical Add.		:	83 BRAM FISCHER DR, FERNDALE, RANDBURG, GAUTENG,			
			South Africa			
						
Postal Add.		:				
		 				
						
Telephone No.		:	011 781 4809			
Fax No.		:				
Cellular No.		:				
E-Mail Add.		:				
Website Add.		:				
TRADE HEADINGS						
1) 	Pharmaceutical manufacturers			2) 	Pharmaceutical medicines","83 BRAM FISCHER DR, FERNDALE, RANDBURG, GAUTENG,			
			South Africa			
						
Postal Add.		; 011 781 4809			
Fax No.		",,,
ROCHE PRODUCTS (PTY) Ltd JOHANNESBURG,"Business Name		:	ROCHE PRODUCTS (PTY) LTD (JHB)			
						
Physical Add.		:	45 HUME RD, DUNKELD, JOHANNESBURG, Gauteng, 			
			South Africa			
						
Postal Add.		:				
		 				
						
Telephone No.		:	011 447 2307			
Fax No.		:				
Cellular No.		:				
E-Mail Add.		:				
Website Add.		:				
TRADE HEADINGS						
1) 	Pharmaceutical manufacturers			2) 	Pharmaceutical medicines","45 HUME RD, DUNKELD, JOHANNESBURG, Gauteng, 			
			South Africa			
						
Postal Add.		; 011 447 2307			
Fax No.		",,,
ROCHE PRODUCTS (PTY) Ltd KEMPTON PARK 2,"Business Name		:	ROCHE PRODUCTS (PTY) LTD (KEMPTON PARK2)			
						
Physical Add.		:	3 BREWERY ST, ISANDO, KEMPTON PARK, Gauteng,			
			South Africa			
						
Postal Add.		:				
		 				
						
Telephone No.		:	011 974 3983			
Fax No.		:				
Cellular No.		:				
E-Mail Add.		:				
Website Add.		:				
TRADE HEADINGS						
1) 	Pharmaceutical manufacturers			2) 	Pharmaceutical medicines","3 BREWERY ST, ISANDO, KEMPTON PARK, Gauteng,			
			South Africa			
						
Postal Add.		; 011 974 3983			
Fax No.		",,,
ROCHE PRODUCTS (PTY) Ltd  KEMPTON PARK 3,"Business Name		:	ROCHE PRODUCTS (PTY) LTD (KEMPTON PARK3)			
						
Physical Add.		:	38 TUNGSTEN RD, ISANDO, KEMPTON PARK, Gauteng, 			
			South Africa			
						
Postal Add.		:				
		 				
						
Telephone No.		:	011 974 1887			
Fax No.		:				
Cellular No.		:				
E-Mail Add.		:				
Website Add.		:				
TRADE HEADINGS						
1) 	Pharmaceutical manufacturers			2) 	Pharmaceutical medicines","38 TUNGSTEN RD, ISANDO, KEMPTON PARK, Gauteng, 			
			South Africa			
						
Postal Add.		; 011 974 1887			
Fax No.		",,,
ROCHE PRODUCTS (PTY) Ltd  KEMPTON PARK,"Business Name		:	ROCHE PRODUCTS (PTY) LTD (KEMPTON PARK)			
						
Physical Add.		:	16 BREWERY ST, ISANDO, KEMPTON PARK, Gauteng, 			
			South Africa			
						
Postal Add.		:				
		 				
						
Telephone No.		:	011 392 3635			
Fax No.		:				
Cellular No.		:				
E-Mail Add.		:				
Website Add.		:				
TRADE HEADINGS						
1) 	Pharmaceutical manufacturers			2) 	Pharmaceutical medicines","16 BREWERY ST, ISANDO, KEMPTON PARK, Gauteng, 			
			South Africa			
						
Postal Add.		; 011 392 3635			
Fax No.		",,,
ROCHE PRODUCTS (PTY) Ltd PORT ELIZABETH,"Business Name		:	ROCHE PRODUCTS (PTY) LTD (P.E)			
						
Physical Add.		:	William Moffat Express Way, Fairview, Port Elizabeth, Eastern Cape,			
			South Africa			
						
Postal Add.		:				
		 				
						
Telephone No.		:				
Fax No.		:				
Cellular No.		:	082 829 7036			
E-Mail Add.		:				
Website Add.		:				
TRADE HEADINGS						
1) 	Pharmaceutical manufacturers			2) 	Pharmaceutical medicines","082 829 7036			
E-Mail Add.		",,,
ROCHE PRODUCTS (PTY) Ltd RANDBURG,"Business Name		:	ROCHE PRODUCTS (PTY) LTD (RANDBURG)			
						
Physical Add.		:	9 WILL SCARLET RD, FERNDALE, RANDBURG, Gauteng,			
			South Africa			
						
Postal Add.		:				
		 				
						
Telephone No.		:	011 326 0791			
Fax No.		:				
Cellular No.		:				
E-Mail Add.		:				
Website Add.		:				
TRADE HEADINGS						
1) 	Pharmaceutical manufacturers			2) 	Pharmaceutical medicines","9 WILL SCARLET RD, FERNDALE, RANDBURG, Gauteng,			
			South Africa			
						
Postal Add.		; 011 326 0791			
Fax No.		",,,
ROCHE PRODUCTS (PTY) Ltd RIVER PARK,"Business Name		:	ROCHE PRODUCTS (PTY) LTD (RIVER PARK)			
						
Physical Add.		:	River Lane, River Park, Rondebosch, Western cape,			
			South Africa			
						
Postal Add.		:				
		 				
						
Telephone No.		:	021 680 5330			
Fax No.		:				
Cellular No.		:				
E-Mail Add.		:				
Website Add.		:				
TRADE HEADINGS						
1) 	Pharmaceutical manufacturers			2) 	Pharmaceutical medicines","021 680 5330			
Fax No.		",,,
INTERCITY XPRESS GRASMERE,"Business Name		:	Intercity Xpress Grasmere			
						
Physical Add.		:	PLOT 5, 1ST ST BEZUIDENHOUT, GRASMERE			
			South Africa			
						
Postal Add.		:				
		 				
						
Telephone No.		:	087 150 1895			
Fax No.		:	086 625 7394			
Cellular No.		:				
E-Mail Add.		:	 customercare@intercity.co.za			
Website Add.		:				
TRADE HEADINGS						
1) 	Bus Services			2) 	Airport Shuttle","087 150 1895			
Fax No.		; 086 625 7394			
Cellular No.		",,customercare@intercity.co.za,
INTERCITY XPRESS LENASIA SOUTH,"Business Name		:	Intercity Xpress Lenasia South			
						
Physical Add.		:	3345 OSMIUM CR, LENASIA SOUTH, X 7, JOHANNESBURG			
			South Africa			
						
Postal Add.		:				
		 				
						
Telephone No.		:	031 305 9090			
Fax No.		:				
Cellular No.		:				
E-Mail Add.		:	 customercare@intercity.co.za			
Website Add.		:				
TRADE HEADINGS						
1) 	Bus Services			2) 	Airport Shuttle","3345 OSMIUM CR, LENASIA SOUTH, X 7, JOHANNESBURG			
			South Africa			
						
Postal Add.		; 031 305 9090			
Fax No.		",,customercare@intercity.co.za,
INTERCITY XPRESS KEMPTON PARK,"Business Name		:	Intercity Xpress Kempton Park			
						
Physical Add.		:	BUS TERMINAL KEMPTON PARK			
			South Africa			
						
Postal Add.		:				
		 				
						
Telephone No.		:	011 390 3952			
Fax No.		:				
Cellular No.		:				
E-Mail Add.		:	 customercare@intercity.co.za			
Website Add.		:				
TRADE HEADINGS						
1) 	Bus Services			2) 	Airport Shuttle","011 390 3952			
Fax No.		",,customercare@intercity.co.za,
AQUAMECCA (PTY) Ltd,"Business Name		:	AQUAMECCA (PTY) LTD			
						
Physical Add.		:	236 Commissioner St, Burgershoop, Krugersdorp, Gauteng, 			
			South Africa			
						
Postal Add.		:				
		 				
						
Telephone No.		:	011 953 1916	011 953 1917		
Fax No.		:	011 953 4990			
Cellular No.		:	083 564 2788			
E-Mail Add.		:	michelle@aquamecca.co.za			
Website Add.		:				
TRADE HEADINGS						
1) 	Borehole equipment & supplies			2) 	Borehole installations	
3)	Borehole testing			4) 	Borehole pump repairs","236 Commissioner St, Burgershoop, Krugersdorp, Gauteng, 			
			South Africa			
						
Postal Add.		; 011 953 1916	011 953 1917		
Fax No.		; 011 953 4990			
Cellular No.		; 083 564 2788			
E-Mail Add.		",,michelle@aquamecca.co.za,
INTERCITY XPRESS PARK STATION,"Business Name		:	INTERCITY XPRESS Johannesburg Park Station Office			
						
Physical Add.		:	Park Station Upper Level, Park City			
			South Africa			
						
Postal Add.		:				
		 				
						
Telephone No.		:	011 333 1328			
Fax No.		:	086 583 4181			
Cellular No.		:				
E-Mail Add.		:	parkstation@intercity.co.za			
Website Add.		:				
TRADE HEADINGS						
1) 	Bus Services			2) 	Airport Shuttle","011 333 1328			
Fax No.		; 086 583 4181			
Cellular No.		",,parkstation@intercity.co.za,
A2A KOPANO INCORPORATED JOHANNESBURG,"Business Name		:	A2A KOPANO (JHB)			
						
Physical Add.		:	5 Press Avenue, CROWN Mines, Johannesburg, Gauteng,			
			South Africa			
						
Postal Add.		:	P.O.Box 91276, 			
		 	Auckland Park, 2006			
						
Telephone No.		:	087 802 5219			
Fax No.		:	011 837 6294			
Cellular No.		:				
E-Mail Add.		:				
Website Add.		:	www.a2akopano.co.za			
TRADE HEADINGS						
1) 	Auditing / Advisory services			2) 	Corporate services / Taxation	
3)	Financial advisory services			4) 	Forensic accounting services","5 Press Avenue, CROWN Mines, Johannesburg, Gauteng,			
			South Africa			
						
Postal Add.		; 2006			
						
Telephone No.		; 087 802 5219			
Fax No.		; 011 837 6294			
Cellular No.		",,,
MI LIFT cc,"Business Name		:	MI LIFT cc			
						
Physical Add.		:	17 PIKCAIRN ROAD, BLAIRGOWRIE, RANDBURG			
			South Africa			
						
Postal Add.		:				
		 				
						
Telephone No.		:	011 888 3308			
Fax No.		:	011 888 9148			
Cellular No.		:	083 679 1208			
E-Mail Add.		:	info@milifting.co.za			
Website Add.		:				
TRADE HEADINGS						
1) 	LIFT MANFACTURERS			2)","17 PIKCAIRN ROAD, BLAIRGOWRIE, RANDBURG			
			South Africa			
						
Postal Add.		; 011 888 3308			
Fax No.		; 011 888 9148			
Cellular No.		; 083 679 1208			
E-Mail Add.		",,info@milifting.co.za,
AIR AFRICA AIRCONDITIONING t/a RIGHT PRICE AIRCONDITIONING,"SAMSUNG SPECIAL

Stay warm and cold by going Green R410 Gas Units

       





Business Name	:	AIR AFRICA AIRCONDITIONING t/a RIGHT PRICE AIRCONDITIONING	


Physical Add.	:	53 A 2nd AVENUE, ALBERTON NORTH	


GAUTENG	

Postal Add.	:	






Telephone No.	:	011 907 1687	


Fax No.	:	011 900 2394	
Cellular No.	:	076 474 1344	
E-Mail Add.	:	sales@rightpriceaircon.co.za	
ABOUT US

AIR AFRICA AIRCONDITIONING t/a RIGHT PRICE AIRCONDITIONING in ALBERTON, Gauteng is a company with 25 years experience in the supply, installation and service of airconditioning, ventilation and refrigeration equipment. We are proud to offer exceptional service at affordable pricesï»¿.



OUR SERVICES INCLUDE

WE COVER THE GAUTENG AND PRETORIA AREAS  24/7....

Cold rooms

Airconditioning & Refrigeration

Maintenance of Buildings

Major and Minor Services on air conditioning Units

VRV Systems

HVAC Units

Rooftop packaged units

Repair of HVAC units

Repair of HVAC units

Maintenance of HVAC units

Maintenance of Rooftop packaged.

R410 Airconditioning Units

Samsung Airconditioning

Jetair Airconditioning

LG Airconditioning

York Airconditioning

Daikin Airconditioning

Dunham Bush Airconditioning

Quotations

Back to Back Installation

Maintenance of Air Conditioning and Ventilation systems

We do removal and reinstallation of any Aircon or Ventilation Units

We do Temperature control on any units

Remove excess moisture from ventilation air

We make sure of the Correct flow rate for your aircons

Get rid of any contaminants

Multi-storey Unit System

Ducted Airconditioning systems

We install mechanical or forced ventilation systems

Filter Cleaning

Re-Gas services

Flushing services

We provide airconditioning Consumables

We perform Major and Minor Services

We also install and maintain Control Room, Switch Gear rooms, and Server Room ventilation systems

R410 Going Green

Portable Air cons

Cassette Units

Inverter Airconditioning Units

Chillers

Floor Standing Airconditioing Units

Ducted Airconditioning Systems

Midwall Split units



RIGHT PRICE AIRCONDITIONINGRIGHT PRICE AIRCONDITIONINGRIGHT PRICE AIRCONDITIONINGRIGHT PRICE AIRCONDITIONINGRIGHT PRICE AIRCONDITIONINGRIGHT PRICE AIRCONDITIONINGRIGHT PRICE AIRCONDITIONINGRIGHT PRICE AIRCONDITIONINGRIGHT PRICE AIRCONDITIONINGRIGHT PRICE AIRCONDITIONINGRIGHT PRICE AIRCONDITIONINGRIGHT PRICE AIRCONDITIONINGRIGHT PRICE AIRCONDITIONINGRIGHT PRICE AIRCONDITIONINGRIGHT PRICE AIRCONDITIONINGRIGHT PRICE AIRCONDITIONINGRIGHT PRICE AIRCONDITIONINGRIGHT PRICE AIRCONDITIONINGRIGHT PRICE AIRCONDITIONINGRIGHT PRICE AIRCONDITIONINGRIGHT PRICE AIRCONDITIONINGRIGHT PRICE AIRCONDITIONINGRIGHT PRICE AIRCONDITIONINGRIGHT PRICE AIRCONDITIONINGRIGHT PRICE AIRCONDITIONINGRIGHT PRICE AIRCONDITIONINGRIGHT PRICE AIRCONDITIONINGRIGHT PRICE AIRCONDITIONINGRIGHT PRICE AIRCONDITIONINGRIGHT PRICE AIRCONDITIONINGRIGHT PRICE AIRCONDITIONINGRIGHT PRICE AIRCONDITIONINGRIGHT PRICE AIRCONDITIONINGRIGHT PRICE AIRCONDITIONINGRIGHT PRICE AIRCONDITIONINGRIGHT PRICE AIRCONDITIONINGRIGHT PRICE AIRCONDITIONINGRIGHT PRICE AIRCONDITIONINGRIGHT PRICE AIRCONDITIONINGRIGHT PRICE AIRCONDITIONINGRIGHT PRICE AIRCONDITIONINGRIGHT PRICE AIRCONDITIONINGRIGHT PRICE AIRCONDITIONINGRIGHT PRICE AIRCONDITIONINGRIGHT PRICE AIRCONDITIONINGRIGHT PRICE AIRCONDITIONINGRIGHT PRICE AIRCONDITIONINGRIGHT PRICE AIRCONDITIONINGRIGHT PRICE AIRCONDITIONINGRIGHT PRICE AIRCONDITIONINGRIGHT PRICE AIRCONDITIONINGRIGHT PRICE AIRCONDITIONINGRIGHT PRICE AIRCONDITIONINGRIGHT PRICE AIRCONDITIONINGRIGHT PRICE AIRCONDITIONINGRIGHT PRICE AIRCONDITIONINGRIGHT PRICE AIRCONDITIONINGRIGHT PRICE AIRCONDITIONINGRIGHT PRICE AIRCONDITIONINGRIGHT PRICE AIRCONDITIONINGRIGHT PRICE AIRCONDITIONINGRIGHT PRICE AIRCONDITIONINGRIGHT PRICE AIRCONDITIONINGRIGHT PRICE AIRCONDITIONINGRIGHT PRICE AIRCONDITIONINGRIGHT PRICE AIRCONDITIONINGRIGHT PRICE AIRCONDITIONINGRIGHT PRICE AIRCONDITIONINGRIGHT PRICE AIRCONDITIONINGRIGHT PRICE AIRCONDITIONINGRIGHT PRICE AIRCONDITIONING","410 Gas Units

       





Business Name	; 53 A 2nd AVENUE, ALBERTON NORTH	


GAUTENG	

Postal Add.	; 011 907 1687	


Fax No.	; 011 900 2394	
Cellular No.	; 076 474 1344	
E-Mail Add.	; 25 years experience in the supply, installation and service of airconditioning, ventilation and refrigeration equipment. We are proud to offer exceptional service at affordable pricesï; 410 Airconditioning Units

Samsung Airconditioning

Jetair Airconditioning

LG Airconditioning

York Airconditioning

Daikin Airconditioning

Dunham Bush Airconditioning

Quotations

Back to Back Installation

Maintenance of Air Conditioning and Ventilation systems

We do removal and reinstallation of any Aircon or Ventilation Units

We do Temperature control on any units

Remove excess moisture from ventilation air

We make sure of the Correct flow rate for your aircons

Get rid of any contaminants

Multi-storey Unit System

Ducted Airconditioning systems

We install mechanical or forced ventilation systems

Filter Cleaning

Re-Gas services

Flushing services

We provide airconditioning Consumables

We perform Major and Minor Services

We also install and maintain Control Room, Switch Gear rooms, and Server Room ventilation systems

R410 Going Green

Portable Air cons

Cassette Units

Inverter Airconditioning Units

Chillers

Floor Standing Airconditioing Units

Ducted Airconditioning Systems

Midwall Split units



RIGHT PRICE AIRCONDITIONINGRIGHT PRICE AIRCONDITIONINGRIGHT PRICE AIRCONDITIONINGRIGHT PRICE AIRCONDITIONINGRIGHT PRICE AIRCONDITIONINGRIGHT PRICE AIRCONDITIONINGRIGHT PRICE AIRCONDITIONINGRIGHT PRICE AIRCONDITIONINGRIGHT PRICE AIRCONDITIONINGRIGHT PRICE AIRCONDITIONINGRIGHT PRICE AIRCONDITIONINGRIGHT PRICE AIRCONDITIONINGRIGHT PRICE AIRCONDITIONINGRIGHT PRICE AIRCONDITIONINGRIGHT PRICE AIRCONDITIONINGRIGHT PRICE AIRCONDITIONINGRIGHT PRICE AIRCONDITIONINGRIGHT PRICE AIRCONDITIONINGRIGHT PRICE AIRCONDITIONINGRIGHT PRICE AIRCONDITIONINGRIGHT PRICE AIRCONDITIONINGRIGHT PRICE AIRCONDITIONINGRIGHT PRICE AIRCONDITIONINGRIGHT PRICE AIRCONDITIONINGRIGHT PRICE AIRCONDITIONINGRIGHT PRICE AIRCONDITIONINGRIGHT PRICE AIRCONDITIONINGRIGHT PRICE AIRCONDITIONINGRIGHT PRICE AIRCONDITIONINGRIGHT PRICE AIRCONDITIONINGRIGHT PRICE AIRCONDITIONINGRIGHT PRICE AIRCONDITIONINGRIGHT PRICE AIRCONDITIONINGRIGHT PRICE AIRCONDITIONINGRIGHT PRICE AIRCONDITIONINGRIGHT PRICE AIRCONDITIONINGRIGHT PRICE AIRCONDITIONINGRIGHT PRICE AIRCONDITIONINGRIGHT PRICE AIRCONDITIONINGRIGHT PRICE AIRCONDITIONINGRIGHT PRICE AIRCONDITIONINGRIGHT PRICE AIRCONDITIONINGRIGHT PRICE AIRCONDITIONINGRIGHT PRICE AIRCONDITIONINGRIGHT PRICE AIRCONDITIONINGRIGHT PRICE AIRCONDITIONINGRIGHT PRICE AIRCONDITIONINGRIGHT PRICE AIRCONDITIONINGRIGHT PRICE AIRCONDITIONINGRIGHT PRICE AIRCONDITIONINGRIGHT PRICE AIRCONDITIONINGRIGHT PRICE AIRCONDITIONINGRIGHT PRICE AIRCONDITIONINGRIGHT PRICE AIRCONDITIONINGRIGHT PRICE AIRCONDITIONINGRIGHT PRICE AIRCONDITIONINGRIGHT PRICE AIRCONDITIONINGRIGHT PRICE AIRCONDITIONINGRIGHT PRICE AIRCONDITIONINGRIGHT PRICE AIRCONDITIONINGRIGHT PRICE AIRCONDITIONINGRIGHT PRICE AIRCONDITIONINGRIGHT PRICE AIRCONDITIONINGRIGHT PRICE AIRCONDITIONINGRIGHT PRICE AIRCONDITIONINGRIGHT PRICE AIRCONDITIONINGRIGHT PRICE AIRCONDITIONINGRIGHT PRICE AIRCONDITIONINGRIGHT PRICE AIRCONDITIONINGRIGHT PRICE AIRCONDITIONINGRIGHT PRICE AIRCONDITIONING",,sales@rightpriceaircon.co.za,
FENCING MATERIALS cc,"Business Name		:	FENCING MATERIALS CC			
						
Physical Add.		:	39 BanField Rd, Industria North, Roodepoort, Gauteng,			
			South Africa			
						
Postal Add.		:	PO Box 1910,			
		 	Florida hills, 1716			
						
Telephone No.		:	011 673 1130			
Fax No.		:	011 673 1128			
Cellular No.		:				
E-Mail Add.		:	silvia@fencingmaterials.co.za			
Website Add.		:	www.fencingmaterials.co.za			
TRADE HEADINGS						
1) 	Galvanised Palisade Fencing			2) 	Electrified Fencing	
3) 	Mesh Fencing","39 BanField Rd, Industria North, Roodepoort, Gauteng,			
			South Africa			
						
Postal Add.		; 1716			
						
Telephone No.		; 011 673 1130			
Fax No.		; 011 673 1128			
Cellular No.		",,silvia@fencingmaterials.co.za,
HANDYMAN-SA PROFESSIONAL MAINTENANCE SERVICES,"Business Name		:	HANDYMAN-SA PROFESSIONAL MAINTENANCE SERVICES			
						
Physical Add.		:	UNIT 3, NO 18 De BRUIN STREET, WITFIELD , BOKSBURG, GAUTENG			
			South Africa			
						
Postal Add.		:				
		 				
						
Telephone No.		:	079 871 5962			
Fax No.		:	086 606 5789			
Cellular No.		:	079 871 5962			
E-Mail Add.		:	HIRE@HANDYMAN-SA.COM			
Website Add.		:	WWW.HANDYMAN-SA.COM			
TRADE HEADINGS						
1) 	PROFESSIONAL MAINTENANCE SERVICES			2) 	CONSTRUCTION","18 De BRUIN STREET, WITFIELD , BOKSBURG, GAUTENG			
			South Africa			
						
Postal Add.		; 079 871 5962			
Fax No.		; 086 606 5789			
Cellular No.		; 079 871 5962			
E-Mail Add.		",,HIRE@HANDYMAN-SA.COM,
TOOLING & ENGINEERING,"Business Name		:	TOOLING & ENGINEERING			
						
Physical Add.		:	401 ALL BLACK ROAD, UNIT 3, CHANDRE PARK, ANDERBOLT, BOKSBURG			
			South Africa			
						
Postal Add.		:	P O BOX 16257, ATLASVILLE 1465			
		 				
						
Telephone No.		:	011 892 5241  / 011 892 1530 / 011 849 1489 / 011 425 4647			
Fax No.		:				
Cellular No.		:	082 490 6305			
E-Mail Add.		:	TOOLENG@ANANZI.CO.ZA			
Website Add.		:				
TRADE HEADINGS						
1) 	ENGINEERS SUPPLIES			2) 	CNC MACHINING SERVICES","401 ALL BLACK ROAD, UNIT 3, CHANDRE PARK, ANDERBOLT, BOKSBURG			
			South Africa			
						
Postal Add.		; 1465			
		 				
						
Telephone No.		; 011 892 5241  ; 011 892 1530 ; 011 849 1489 ; 011 425 4647			
Fax No.		; 082 490 6305			
E-Mail Add.		",,TOOLENG@ANANZI.CO.ZA,
SIMPLY GORGEOUS,"Business Name		:	SIMPLY GORGEOUS			
						
Physical Add.		:	SHOP G33, SUNNINGHILL VILLAGE SHOPPING CENTRE			
			CNR MAXWELL & EDISON CRESCENT, SUNNINGHILL, GAUTENG			
						
Postal Add.		:				
		 				
						
Telephone No.		:	011 234 7352			
Fax No.		:				
Cellular No.		:	071 129 3450			
E-Mail Add.		:	SALES@SIMPLYGORGEOUS.CO.ZA			
Website Add.		:	WWW.SIMPLYGORGEOUS.CO.ZA			
TRADE HEADINGS","011 234 7352			
Fax No.		; 071 129 3450			
E-Mail Add.		",,SALES@SIMPLYGORGEOUS.CO.ZA,
BUTCHER BLOCK GAUTENG,"Business Name		:	Butcher Block 			
						
Physical Add.		:	Crowne Plaza Johannesburg - The Rosebank, Corner Trywhitt & Sturdee Avenues, Rosebank			
			South Africa			
						
Postal Add.		:				
		 				
						
Telephone No.		:	011 788 3518			
Fax No.		:	011 447 3298			
Cellular No.		:				
E-Mail Add.		:	butcherblock@in-africa.co.za			
Website Add.		:	www.butcherblock.co.za			
TRADE HEADINGS						
1) 	RESTAURANT","011 788 3518			
Fax No.		; 011 447 3298			
Cellular No.		",,butcherblock@in-africa.co.za,
SPAAR ON SPARES & HARDWARE,"Business Name		:	SPAAR ON SPARES & HARDWARE			
						
Physical Add.		:	38 Augusta Rd, Regents Park, Johannesburg, Gauteng,			
			South Africa			
						
Postal Add.		:	PO Box 1139,			
		 	Krugersdorp, 1740			
						
Telephone No.		:	011 435 1220			
Fax No.		:	011 435 9985			
Cellular No.		:				
E-Mail Add.		:	sosgolfrate@mweb.co.za			
Website Add.		:				
TRADE HEADINGS						
1) 	Motor car parts and accessories 			2) 	Car Audio & Accessories","38 Augusta Rd, Regents Park, Johannesburg, Gauteng,			
			South Africa			
						
Postal Add.		; 1740			
						
Telephone No.		; 011 435 1220			
Fax No.		; 011 435 9985			
Cellular No.		",,sosgolfrate@mweb.co.za,
ULLMAN BROS (Pty) Ltd,"Business Name		:	ULLMANN BROS (PTY) LTD			
						
Physical Add.		:	7 Edison Rd, Industria West, Johannesburg, Gauteng, 			
			South Africa			
						
Postal Add.		:	PO Box 43142, 			
		 	Industria, 2042			
						
Telephone No.		:	011 474 2406			
Fax No.		:	011 474 3448			
Cellular No.		:				
E-Mail Add.		:	info@ullmanns.co.za			
Website Add.		:	www.ullmanns.co.za			
TRADE HEADINGS						
1) 	Warehousing and distribution			2) 	Storage	
    3)	Logistics			4) 	Intercity longhaul","7 Edison Rd, Industria West, Johannesburg, Gauteng, 			
			South Africa			
						
Postal Add.		; 2042			
						
Telephone No.		; 011 474 2406			
Fax No.		; 011 474 3448			
Cellular No.		",,info@ullmanns.co.za,
PROFESSIONAL & INDUSTRIAL SERVICES (Pty) Ltd,"Business Name		:	PROFESSIONAL & INDUSTRIAL SERVICES (PTY) Ltd			
						
Physical Add.		:	7 HEIDE AVENUE, KEMPTON PARK			
						
						
Postal Add.		:	P O BOX 10672, ASTON MANOR, 1630			
		 				
						
Telephone No.		:	086 122 8882 / 011 281 2020			
Fax No.		:	086 601 6684			
Cellular No.		:				
E-Mail Add.		:	recruitment@pro-industrial.co.za			
Website Add.		:				
TRADE HEADINGS						
1) 	PERSONNELL CONSULTANTS			2)","7 HEIDE AVENUE, KEMPTON PARK			
						
						
Postal Add.		; 1630			
		 				
						
Telephone No.		; 086 122 8882 ; 011 281 2020			
Fax No.		; 086 601 6684			
Cellular No.		",,recruitment@pro-industrial.co.za,
SPOT ON LOCKSMITHS,"Business Name		:	SPOT ON LOCKSMITH			
						
Physical Add.		:	Shop 19e The Boulevard Of Melville, Ayr Rd, Melville, Johannesburg, Gauteng,			
			South Africa			
						
Postal Add.		:				
		 				
						
Telephone No.		:	011 482 7480			
Fax No.		:				
Cellular No.		:	082 556 7016			
E-Mail Add.		:	spotonlock@gmail.com			
Website Add.		:				
TRADE HEADINGS						
1) 	key cutting			2) 	locksmiths	
3) 	remote control gates","011 482 7480			
Fax No.		; 082 556 7016			
E-Mail Add.		",,spotonlock@gmail.com,
AIR PRODUCTS SA (Pty) Ltd  - SPRINGS,"Business Name		:	AIR PRODUCTS SA (PTY) LTD (SPRINGS)			
						
Physical Add.		:	1/224 EAST GEDULD ROAD, EAST GEDULD, SPRINGS 			
						
						
Postal Add.		:				
		 				
						
Telephone No.		:	011 730 8500			
Fax No.		:				
Cellular No.		:				
E-Mail Add.			taylorg@airproducts.co.za			
Website Add.		:				
TRADE HEADINGS						
1) 	INDUSTRIAL & MEDICAL GASES 			2)","224 EAST GEDULD ROAD, EAST GEDULD, SPRINGS 			
						
						
Postal Add.		; 011 730 8500			
Fax No.		",,taylorg@airproducts.co.za,
AIR PRODUCTS SA (Pty) Ltd  - KEMPTON PARK,"Business Name		:	AIR PRODUCTS SA (PTY) LTD (KEMPTON PARK)			
						
Physical Add.		:	4 SPENCER ROAD, SPARTAN, KEMPTON PARK			
						
						
Postal Add.		:				
		 				
						
Telephone No.		:	011 570 5000			
Fax No.		:	011 570 5284			
Cellular No.		:				
E-Mail Add.			taylorg@airproducts.co.za			
Website Add.		:				
TRADE HEADINGS						
1) 	INDUSTRIAL & MEDICAL GASES 			2)","4 SPENCER ROAD, SPARTAN, KEMPTON PARK			
						
						
Postal Add.		; 011 570 5000			
Fax No.		; 011 570 5284			
Cellular No.		",,taylorg@airproducts.co.za,
AIR PRODUCTS SA (Pty) Ltd  - WITBANK,"Business Name		:	AIR PRODUCTS SA (PTY) LTD (WITBANK)			
						
Physical Add.		:	LANGENHOVEN STREET, WITBANK			
						
						
Postal Add.		:				
		 				
						
Telephone No.		:	013 697 6480			
Fax No.		:	013 692 3498			
Cellular No.		:				
E-Mail Add.			taylorg@airproducts.co.za			
Website Add.		:				
TRADE HEADINGS						
1) 	INDUSTRIAL & MEDICAL GASES 			2)","013 697 6480			
Fax No.		; 013 692 3498			
Cellular No.		",,taylorg@airproducts.co.za,
AIR PRODUCTS SA (Pty) Ltd.,"Business Name		:	AIR PRODUCTS SA (PTY) LTD 			
						
Physical Add.		:	ISCORWORK  BOT ROAD			
			NEWCASTLE 			
						
Postal Add.		:				
		 				
						
Telephone No.		:	034 328 8700			
Fax No.		:	034 318 1415			
Cellular No.		:				
E-Mail Add.			taylorg@airproducts.co.za			
Website Add.		:				
TRADE HEADINGS						
1) 	INDUSTRIAL & MEDICAL GASES 			2)","034 328 8700			
Fax No.		; 034 318 1415			
Cellular No.		",,taylorg@airproducts.co.za,
BADHAM'S FOURWAYS KENNELS,"Business Name		:	BADHAM'S FOURWAYS KENNELS			
						
Physical Add.		:	William Nicol Extension, Fourways, Sandton, Gauteng,			
			South Africa			
						
Postal Add.		:	PO Box 70200, 			
		 	Bryanston, 2021			
						
Telephone No.		:	011 705 1880			
Fax No.		:				
Cellular No.		:	082 372 7500			
E-Mail Add.		:	badhams@4wayskennels.co.za			
Website Add.		:	www.4wayskennels.co.za			
TRADE HEADINGS						
1) 	Kennels & Catteries - Boarding			2) 	Pet Grooming	
3)	Pet Accommodation","2021			
						
Telephone No.		; 011 705 1880			
Fax No.		; 082 372 7500			
E-Mail Add.		",,badhams@4wayskennels.co.za,
GRAPEVINE GAUTENG,"Business Name		:	Grapevine (Johannesburg)			
						
Physical Add.		:	Block A, Wedgefield Office Park, 17 Muswell Road South, Bryanston, Johannesburg			
			South Africa			
						
Postal Add.		:				
		 				
						
Telephone No.		:	011 317 3643			
Fax No.		:				
Cellular No.		:				
E-Mail Add.		:				
Website Add.		:	www.vine.co.z			
TRADE HEADINGS						
1) 	Email Marketing & Automation			2) 	Mobile Messaging APIs	
3)	USSD Applications			4) 	SMS Short Codes","17 Muswell Road South, Bryanston, Johannesburg			
			South Africa			
						
Postal Add.		; 011 317 3643			
Fax No.		",,,
Yates National Lubricants,"Business Name		:	Yates National Lubricants CC			
						
Physical Add.		:	117 Booysens Rd, Johannesburg, Gauteng			
			South Africa			
						
Postal Add.		:				
		 				
						
Telephone No.		:	011 493 7580			
Fax No.		:	011 493 2489			
Cellular No.		:				
E-Mail Add.		:				
Website Add.		:				
TRADE HEADINGS						
1) 	Lubricants			2) 	Chemicals	
3)	Oil			4)","117 Booysens Rd, Johannesburg, Gauteng			
			South Africa			
						
Postal Add.		; 011 493 7580			
Fax No.		; 011 493 2489			
Cellular No.		",,,
GOOSEBUMPS DISTRIBUTORS (Pty) Ltd CITY DEEP,"Business Name		:	Goosebumps Distributors (Pty) Ltd (City Deep)			
						
Physical Add.		:	1 Leer Rd, City Deep, Johannesburg, Gauteng			
			South Africa			
						
Postal Add.		:				
		 				
						
Telephone No.		:	011 613 3993			
Fax No.		:	011 613 5254			
Cellular No.		:				
E-Mail Add.		:				
Website Add.		:	www.goosebumps.co.za			
TRADE HEADINGS						
1) 	Bakers and Confectioners			2) 	Retail	
3)	Bakers and Confectioners Supplies			4) 	Confectioners Supplies","1 Leer Rd, City Deep, Johannesburg, Gauteng			
			South Africa			
						
Postal Add.		; 011 613 3993			
Fax No.		; 011 613 5254			
Cellular No.		",,,
CAPE COOKIES - MIDRAND,"Business Name		:	Cape Cookies (Midrand)			
						
Physical Add.		:	726 Richards drive, Northview Building, Unit 4 & 5, Halfway House, Midrand, Gauteng			
			South Africa			
						
Postal Add.		:				
		 				
						
Telephone No.		:	011 805 1880			
Fax No.		:	011 805 2825			
Cellular No.		:				
E-Mail Add.		:	orders@capecookies.com			
Website Add.		:	www.capecookies.com			
TRADE HEADINGS						
1) 	Bakers and Confectioners			2) 	Biscuit Makers	
3)	Cookies			4) 	Chocolate and Confectionery Association","726 Richards drive, Northview Building, Unit 4 ; 011 805 1880			
Fax No.		; 011 805 2825			
Cellular No.		",,orders@capecookies.com,
NESTLE - LONG MEADOW DISTRIBUTION CENTRE,"Business Name		:	Nestlé (Longmeadow Distribution Centre)			
						
Physical Add.		:	1 Nguni Drive, Longmeadom Bus Est, Edenvale, Gauteng			
			South Africa			
						
Postal Add.		:				
		 				
						
Telephone No.		:	011 574 2000			
Fax No.		:	011 514 4689			
Cellular No.		:				
E-Mail Add.		:				
Website Add.		:	www.nestle.co.za			
TRADE HEADINGS						
1) 	Nutrition Products			2) 	Health  Products	
3)	Food Manufuturers			4) 	Food Suppliers","1 Nguni Drive, Longmeadom Bus Est, Edenvale, Gauteng			
			South Africa			
						
Postal Add.		; 011 574 2000			
Fax No.		; 011 514 4689			
Cellular No.		",,,
NESTLE SOUTH AFRICA,"Business Name		:	NESTLE SOUTH AFRICA			
						
Physical Add.		:	ANSLOW OFFICE PARK, 8 ANSLOW CRESCENT, BRYANSTON, SANDTON			
			South Africa			
						
Postal Add.		:				
		 				
						
Telephone No.		:	0860 096 116			
Fax No.		:				
Cellular No.		:				
E-Mail Add.		:				
Website Add.		:				
TRADE HEADINGS						
1) 	Nutrition Products			2) 	Health  Products	
3)	Food Manufuturers			4) 	Food Suppliers","8 ANSLOW CRESCENT, BRYANSTON, SANDTON			
			South Africa			
						
Postal Add.		; 0860 096 116			
Fax No.		",,,
GRA-TECH (Pty) Ltd,"Business Name		:	GRA-TECH (PTY)LTD			
						
Physical Add.		:	Corner Tuna & Barracuda Roads, Wadeville, Germiston,Gauteng			
			South Africa			
						
Postal Add.		:	P O Box 14452, Wadeville, 1422			
		 				
						
Telephone No.		:	011-8241518			
Fax No.		:	011-8244149			
Cellular No.		:	0824164301			
E-Mail Add.		:	gratec2@mwebbiz.co.za			
Website Add.		:	www.gra-tech.com			
TRADE HEADINGS						
1) 	Chemical Cleaning			2) 	Industrial Cleaning","1422			
		 				
						
Telephone No.		; 8241518			
Fax No.		; 8244149			
Cellular No.		; 0824164301			
E-Mail Add.		",,gratec2@mwebbiz.co.za,
A B N LOGISTICS,"Business Name		:	A B N LOGISTICS ( PTY ) Ltd			
						
Physical Add.		:	9 TOP ROAD, ANDERBOLT, BOKSBURG, GAUTENG			
						
						
Postal Add.		:	P O BOX 6520, DUNSWART, 1505			
		 				
						
Telephone No.		:	011 918 7390			
Fax No.		:	011  918 7433			
Cellular No.		:				
E-Mail Add.		:	ernie@abnlogistics.co.za			
Website Add.		:	www.abnlogistics.co.za			
TRADE HEADINGS						
1) 	Transport			2)	Warehousing / Handling	
3)	Shipping			4) 	Logistics","9 TOP ROAD, ANDERBOLT, BOKSBURG, GAUTENG			
						
						
Postal Add.		; 1505			
		 				
						
Telephone No.		; 011 918 7390			
Fax No.		; 011  918 7433			
Cellular No.		",,ernie@abnlogistics.co.za,
LOADIRA LABOUR HIRE cc,"Business Name		:	LOADIRA LABOUR HIRE cc			
						
Physical Add.		:	21 Faraday Blvd, Vanderbijlpark SW 5, Vanderbijlpark,			
			South Africa			
						
Postal Add.		:				
		 				
						
Telephone No.		:	016 981 9971			
Fax No.		:	016 981 9388			
Cellular No.		:	072 659 9683			
E-Mail Add.		:	nooi.loadira@telkomsa.net			
		:	loadira.trading@telkomsa.net			
TRADE HEADINGS						
1) 	Human Resources			2) 	 Labour Consultants And /or Services","21 Faraday Blvd, Vanderbijlpark SW 5, Vanderbijlpark,			
			South Africa			
						
Postal Add.		; 016 981 9971			
Fax No.		; 016 981 9388			
Cellular No.		; 072 659 9683			
E-Mail Add.		",,"nooi.loadira@telkomsa.net, loadira.trading@telkomsa.net",
PERI - MIDRAND,"Business Name		:	PERI MIDRAND			
						
Physical Add.		:	4 SETTER ROAD, MIDRAND INDUSTRIAL PARK, GAUTENG			
			 SOUTH AFRICA			
						
Postal Add.		:	P O BOX 3935, MIDRAND, 1685			
		 				
						
Telephone No.		:	011 729 2300			
Fax No.		:	011 729 2560			
Cellular No.		:				
E-Mail Add.		:	midrand@peri.co.za			
Website Add.		:	www.peri.co.za			
TRADE HEADINGS						
1) 	SCAFFOLDING			2) 	FORMWORK","4 SETTER ROAD, MIDRAND INDUSTRIAL PARK, GAUTENG			
			 SOUTH AFRICA			
						
Postal Add.		; 1685			
		 				
						
Telephone No.		; 011 729 2300			
Fax No.		; 011 729 2560			
Cellular No.		",,midrand@peri.co.za,
COASTAL COURIERS TRUCK & AIR,"Business Name		:	COASTAL COURIERS TRUCK AIR			
						
Physical Add.		:	48 LOPER Av,SPARTAN,KEMPTON PARK, GAUTENG, SOUTH AFRICA			
						
						
Postal Add.		:				
		 				
						
Telephone No.		:	011-392-2577			
Fax No.		:	011-392-2695			
Cellular No.		:				
E-Mail Add.		:	coastaltruck@telkomsa.net			
Website Add.		:				
TRADE HEADINGS						
1) 	COURIER SERVICES","48 LOPER Av,SPARTAN,KEMPTON PARK, GAUTENG, SOUTH AFRICA			
						
						
Postal Add.		; 2577			
Fax No.		; 2695			
Cellular No.		",,coastaltruck@telkomsa.net,
ADVANTAGE AIR AFRICA,"Business Name		:	ADVANTAGE AIR AFRICA			
						
Physical Add.		:	12 PRESSBURG AVENUE, FOUNDERS VIEW NORTH, MODDERFONTEIN, GAUTENG			
						
						
Postal Add.		:	P O BOX 3573, EDENVALE, 1610			
		 				
						
Telephone No.		:	011 452 0573			
Fax No.		:	011 452 3391			
Cellular No.		:				
E-Mail Add.		:	sales@advantageair.co.za			
Website Add.		:	WWW.ADVANTAGEAIR.CO.ZA			
TRADE HEADINGS						
1) 	AIR CONDITIONING SYSTEMS			2) 	AIR CONDITIONING EQUIPMENT","12 PRESSBURG AVENUE, FOUNDERS VIEW NORTH, MODDERFONTEIN, GAUTENG			
						
						
Postal Add.		; 1610			
		 				
						
Telephone No.		; 011 452 0573			
Fax No.		; 011 452 3391			
Cellular No.		",,sales@advantageair.co.za,
ADVANTAGE AIR (PTY) Ltd,"Business Name		:	ADVANTAGE AIR (PTY) Ltd			
						
Physical Add.		:	UNIT B, ADMIRALTY PARK, 95 KYALAMI AVENUE, KILLARNEY GARDENS, TABLEVIEW			
						
						
Postal Add.		:				
		 				
						
Telephone No.		:	0800 204 462	021 557 6005		
Fax No.		:	021 557 6123			
Cellular No.		:				
E-Mail Add.		:	sales@advantageair.co.za			
Website Add.		:	WWW.ADVANTAGEAIR.CO.ZA			
TRADE HEADINGS						
1) 	AIR CONDITIONING SYSTEMS			2) 	AIR CONDITIONING EQUIPMENT","95 KYALAMI AVENUE, KILLARNEY GARDENS, TABLEVIEW			
						
						
Postal Add.		; 0800 204 462	021 557 6005		
Fax No.		; 021 557 6123			
Cellular No.		",,sales@advantageair.co.za,
AFRICA THERMAL INSULATION - GAUTENG,"Business Name		:	AFRICA THERMAL INSULATION			
						
Physical Add.		:	218 NEWMARKET ROAD, NORTH RIDING, RANDBURG, GAUTENG			
						
						
Postal Add.		:				
		 				
						
Telephone No.		:	011 462 9122			
Fax No.		:				
Cellular No.		:				
E-Mail Add.		:	nolene@ati-insulations.co.za			
Website Add.		:	www.alububble.co.za			
TRADE HEADINGS						
1) 	CEILING MATERIALS			2) 	THERMAL INSULATION	
3)	ACOUSTIC INSULATION			3)	BUBBLE PACKS","218 NEWMARKET ROAD, NORTH RIDING, RANDBURG, GAUTENG			
						
						
Postal Add.		; 011 462 9122			
Fax No.		",,nolene@ati-insulations.co.za,
GERBER GOLDSCHMIDT GROUP SA (PTY) Ltd - GAUTENG,"Business Name		:	GERBER GOLDSCHMIDT GROUP SA (PTY) Ltd			
						
Physical Add.		:	THORNHILL OFFICE PARK, 94 BEKKER STREET, VORNA VALLEY, MIDRAND,			
			GAUTENG, SOUTH AFRICA			
						
Postal Add.		:	P O BOX 7115, JOHANNESBURG, 2000			
		 				
						
Telephone No.		:	011 652 0752			
Fax No.		:	011 652 0820			
Cellular No.		:				
E-Mail Add.		:	charmaine@gerber.co.za			
Website Add.		:	www.gerber.co.za			
TRADE HEADINGS						
1) 	INVESTMENT 			2) 	PHARMACEUTICALS","94 BEKKER STREET, VORNA VALLEY, MIDRAND,			
			GAUTENG, SOUTH AFRICA			
						
Postal Add.		; 2000			
		 				
						
Telephone No.		; 011 652 0752			
Fax No.		; 011 652 0820			
Cellular No.		",,charmaine@gerber.co.za,
AMPA GROUP - GAUTENG,"Business Name		:	AMPA GROUP			
						
Physical Add.		:	NYWERHEID ST, TUNNEY TOWNSHIP, GERMISTON			
			GAUTENG, SOUTH AFRICA			
						
Postal Add.		:				
		 				
						
Telephone No.		:	011 392 4782			
Fax No.		:	011 392 5153			
Cellular No.		:				
E-Mail Add.		:				
Website Add.		:	www.ampaglas.co.za			
TRADE HEADINGS						
1) 	PLASTIC RODS			2) 	POLY PROPYLENE	
3) 	PLASTIC EXTRUDERS			4)	TWINWALL","011 392 4782			
Fax No.		; 011 392 5153			
Cellular No.		",,,
AMPA PLASTICS - GAUTENG,"Business Name		:	AMPA PLASTICS			
						
Physical Add.		:	NYWERHEID ST, TUNNEY TOWNSHIP, GERMISTON			
			GAUTENG, SOUTH AFRICA			
						
Postal Add.		:				
		 				
						
Telephone No.		:	011 398 8000			
Fax No.		:	011 974 2055			
Cellular No.		:				
E-Mail Add.		:	INFO@AMPAGLAS.COM			
Website Add.		:	www.ampaglas.co.za			
TRADE HEADINGS						
1) 	PLASTIC RODS			2) 	POLY PROPYLENE	
3) 	PLASTIC EXTRUDERS			4)	TWINWALL","011 398 8000			
Fax No.		; 011 974 2055			
Cellular No.		",,INFO@AMPAGLAS.COM,
LIFE LINE JOHANNESBURG,"Business Name		:	LIFE LINE (JOHANNESBURG)			
						
Physical Add.		:	Clinix Tshepo Temba,  Soweto, Gauteng, 			
			South Africa			
						
Postal Add.		:				
		 				
						
Telephone No.		:	011 988 0156			
Fax No.		:	011 988 4879			
Cellular No.		:				
E-Mail Add.		:	semoreeng@lifelinejhb.org.za			
Website Add.		:				
TRADE HEADINGS						
1) 	Counselling Services			2) 	Educational Advisers","011 988 0156			
Fax No.		; 011 988 4879			
Cellular No.		",,semoreeng@lifelinejhb.org.za,
LIFE LINE JOHANNESBURG,"Business Name		:	LIFE LINE (JOHANNESBURG)			
						
Physical Add.		:	Clinix Tshepo Temba,  Soweto, Gauteng, 			
			South Africa			
						
Postal Add.		:				
		 				
						
Telephone No.		:	011 988 0156			
Fax No.		:	011 988 4879			
Cellular No.		:				
E-Mail Add.		:	semoreeng@lifelinejhb.org.za			
Website Add.		:				
TRADE HEADINGS						
1) 	Counselling Services			2) 	Educational Advisers","011 988 0156			
Fax No.		; 011 988 4879			
Cellular No.		",,semoreeng@lifelinejhb.org.za,
ESTE REAL ESTATE,"Business Name		:	ESTE REAL ESTATE			
						
Physical Add.		:	2 Macneillie Cres, Libradene, Boksburg, Gauteng,			
			South Africa			
						
Postal Add.		:				
		 				
						
Telephone No.		:	011 913 4425			
Fax No.		:				
Cellular No.		:				
E-Mail Add.		:	admin@esterealestate.co.za			
Website Add.		:	www.esteprop.com			
TRADE HEADINGS						
1) 	Real Estate Agents			2) 	Property Agents","2 Macneillie Cres, Libradene, Boksburg, Gauteng,			
			South Africa			
						
Postal Add.		; 011 913 4425			
Fax No.		",,admin@esterealestate.co.za,
TMS GROUP INDUSTRIAL SERVICES (VAAL TRIANGLE),"Business Name	:	 TMS GROUP INDUSTRIAL SERVICES (VAAL TRIANGLE)	


Physical Add.	:	8 Daimler Street,  Vanderbijlpark  South Africa. 	


South Africa	

Postal Add.	:	PO Box 5055, Vanderbijlpark, 1900.	





Telephone No.	:	016-986-2210	


Fax No.	:	016-986-2210	
Cellular No.	:	

E-Mail Add.	:	scloete@tmsg.co.za	
Website Add.	:	

TRADE HEADINGS
1) 	INDUSTRIAL CLEANING	2) 	SCAFFOLDING SERVICES","8 Daimler Street,  Vanderbijlpark  South Africa. 	


South Africa	

Postal Add.	; 2210	


Fax No.	; 2210	
Cellular No.	",,scloete@tmsg.co.za,
CHECK DRY CLEANERS,"Business Name		:	CHECK DRY CLEANERS			
						
Physical Add.		:	Cnr GEORGE AVE & BRADFORD DRIVE, FAIRMONT, JOHANNESBURG, GAUTENG			
						
						
Postal Add.		:				
		 				
						
Telephone No.		:	011 640 3596			
Fax No.		:	011 640 3596			
Cellular No.		:				
E-Mail Add.		:	mail@checkdrycleaners.co.za			
Website Add.		:	www.checkdrycleaners.co.za			
TRADE HEADINGS						
1) 	DRY CLEANING SERVICES			2) 	DROP OFF LAUNDRY	
3)	ALTERATIONS & SHOE REPAIRS			4) 	PRESSING & CURTAINS","011 640 3596			
Fax No.		; 011 640 3596			
Cellular No.		",,mail@checkdrycleaners.co.za,
EVERSTREAM,"Business Name		:	EVERSTREAM			
						
Physical Add.		:	5 NEW ROAD, ERAND GARDENS, MIDRAND, GAUTENG			
						
						
Postal Add.		:				
		 				
						
Telephone No.		:	079 934 3701			
Fax No.		:	086 293 7460			
Cellular No.		:				
E-Mail Add.		:	info@everstream.co.za			
Website Add.		:	www.everstream.co.za			
TRADE HEADINGS						
1) 	CLEANING SERVICES			2) 	CARPET CLEANING SERVICES	
3)	PLUMBING 			4) 	PLUMBING SERVCES","5 NEW ROAD, ERAND GARDENS, MIDRAND, GAUTENG			
						
						
Postal Add.		; 079 934 3701			
Fax No.		; 086 293 7460			
Cellular No.		",,info@everstream.co.za,
DJ FLORIST,"Business Name		:	DJ FLORIST			
						
Physical Add.		:	 Shop A02, 3 Marjorie St, City Deep, Johannesburg,			
			South Africa			
						
Postal Add.		:				
		 				
						
Telephone No.		:	 011 6138906			
Fax No.		:	 011 6134694			
Cellular No.		:	072 1399016			
E-Mail Add.		:	joaquimdaa@telkomsa.net			
Website Add.		:				
TRADE HEADINGS						
1) 	FRESH FLOWER","3 Marjorie St, City Deep, Johannesburg,			
			South Africa			
						
Postal Add.		; 011 6138906			
Fax No.		; 011 6134694			
Cellular No.		; 072 1399016			
E-Mail Add.		",,joaquimdaa@telkomsa.net,
MIELE GALLERY OF FINE LIVING (Pty) Ltd,"Business Name		:	Miele Gallery Of Fine Living (Pty) Ltd			
						
Physical Add.		:	63 PETER PLACE, BRYANSTON, GAUTENG			
						
						
Postal Add.		:				
		 				
						
Telephone No.		:	011 875 9000			
Fax No.		:	011 875 9035			
Cellular No.		:				
E-Mail Add.		:	marketing@miele.co.za			
Website Add.		:	www.miele.co.za			
TRADE HEADINGS						
1) 	Domestic Appliances			2) 	Laundry Care	
3)	Dishwashers / Vacuum Cleaners			4) 	Coffee Machines /  Refrigeration","63 PETER PLACE, BRYANSTON, GAUTENG			
						
						
Postal Add.		; 011 875 9000			
Fax No.		; 011 875 9035			
Cellular No.		",,marketing@miele.co.za,
BOOST PROPERTY MANAGEMENT,"Business Name		:	BOOST PROPERTY MANAGEMENT			
						
Physical Add.		:	9 St DAVIDS PLACE, St DAVIDS, PARKTOWN			
			SOUTH AFRICA			
						
Postal Add.		:				
		 				
						
Telephone No.		:	011 484 7101			
Fax No.		:	011 484 7114			
Cellular No.		:				
E-Mail Add.		:	alexa.steele@boostproperty.co.za			
Website Add.		:				
TRADE HEADINGS						
1) 	Real Estate Agents			2) 	Property Agency	
3)	Rental Agents			4)","9 St DAVIDS PLACE, St DAVIDS, PARKTOWN			
			SOUTH AFRICA			
						
Postal Add.		; 011 484 7101			
Fax No.		; 011 484 7114			
Cellular No.		",,alexa.steele@boostproperty.co.za,
Spirax Sarco (SA) (Pty) Ltd (Kempton Park),"Business Name		:	Spirax Sarco (SA) (Pty) Ltd (Kempton Park)			
						
Physical Add.		:	Ext 23, Chloorkop, Kempton Park, Gauteng,			
			South Africa			
						
Postal Add.		:				
		 				
						
Telephone No.		:	011 230 1300			
Fax No.		:	011 393 1478			
Cellular No.		:				
E-Mail Add.		:	debbierobbeson@za.spiraxsarco.com			
Website Add.		:	www.spiraxsarco.com			
TRADE HEADINGS						
1) 	Automation & Control			2) 	Steam & Boiler Equipment Suppliers	
3)	Steam Cleaners","011 230 1300			
Fax No.		; 011 393 1478			
Cellular No.		",,debbierobbeson@za.spiraxsarco.com,
ALLIED CONTROL EQUIPMENT CC,"Business Name		:	ALLIED CONTROL EQUIPMENT CC			
						
Physical Add.		:	Unit 2 Vintech Park, 45 4th St, Wynberg, Sandton, Gauteng, 			
			South Africa			
						
Postal Add.		:				
		 				
						
Telephone No.		:	011 887 5731 / 011 887 4131			
Fax No.		:	011 786 5759			
Cellular No.		:				
E-Mail Add.		:	alliedcon@netactive.co.za			
Website Add.		:				
TRADE HEADINGS						
1) 	Boiler Engineers			2) 	Boiler Service	
3)	Heating Boilers			4) 	Steam Engines","2 Vintech Park, 45 4th St, Wynberg, Sandton, Gauteng, 			
			South Africa			
						
Postal Add.		; 011 887 5731 ; 011 887 4131			
Fax No.		; 011 786 5759			
Cellular No.		",,alliedcon@netactive.co.za,
Reef Scaffolding (Pty) Ltd,"Business Name		:	Reef Scaffolding (Pty) Ltd			
						
Physical Add.		:	189 Muldersdrift Rd, Mmahlabane, Roodepoort, Gauteng, South Africa 			
			South Africa			
						
Postal Add.		:				
		 				
						
Telephone No.		:	011-795-2071			
Fax No.		:	011-795-2061			
Cellular No.		:				
E-Mail Add.		:	greg@reefscaffolding.co.za			
Website Add.		:				
TRADE HEADINGS						
1) 	ACCESS PLATFORMS AND EQUIPMENT				SCAFFOLDING SERVICES","189 Muldersdrift Rd, Mmahlabane, Roodepoort, Gauteng, South Africa 			
			South Africa			
						
Postal Add.		; 2071			
Fax No.		; 2061			
Cellular No.		",,greg@reefscaffolding.co.za,
DREYCOR PLUMBING (Pty) Ltd,"Business Name		:	DREYCOR PLUMBING ( Pty ) Ltd			
						
Physical Add.		:	31 Stompneus Rd, Verwoerdpark, Alberton, Gauteng			
			South Africa			
						
Postal Add.		:	P O BOX 9796			
		 	Verwoerdpark, 1453			
						
Telephone No.		:	011 865 4447			
Fax No.		:				
Cellular No.		:	082 292 2178			
E-Mail Add.		:	info@dreycorplumbing.co.za			
Website Add.		:				
TRADE HEADINGS						
1) 	Sanitary Engineers			2) 	Plumbing contractors","31 Stompneus Rd, Verwoerdpark, Alberton, Gauteng			
			South Africa			
						
Postal Add.		; 9796			
		 	Verwoerdpark, 1453			
						
Telephone No.		; 011 865 4447			
Fax No.		; 082 292 2178			
E-Mail Add.		",,info@dreycorplumbing.co.za,
GEYSERFLO PLUMBING cc,"Business Name		:	GEYSERFLO PLUMBING CC			
						
Physical Add.		:	28 3rd St, Krugersdorp North, Krugersdorp, Gauteng			
			South Africa			
						
Postal Add.		:				
		 				
						
Telephone No.		:	011 660 5330			
Fax No.		:	011 660 3331			
Cellular No.		:	082 902 3769			
E-Mail Add.		:	info@geyserflo.co.za			
Website Add.		:				
TRADE HEADINGS						
1) 	Sanitary Engineers			2) 	Plumbing contractors 	
3)	Installations			4) 	Blocked drains","28 3rd St, Krugersdorp North, Krugersdorp, Gauteng			
			South Africa			
						
Postal Add.		; 011 660 5330			
Fax No.		; 011 660 3331			
Cellular No.		; 082 902 3769			
E-Mail Add.		",,info@geyserflo.co.za,
DALWIN CARPET CARETAKERS,"Business Name		:	DALWIN CARPET CARETAKERS			
						
Physical Add.		:	61 Nina St, Oakdene, Johannesburg, Gauteng,			
			South Africa			
						
Postal Add.		:	P.O. BOX 72			
		 	LINMEYER, 2105			
						
Telephone No.		:	011 435 2843			
Fax No.		:	011 435 2843			
Cellular No.		:	082 569 6462			
E-Mail Add.		:	DALWIN@WOL.CO.ZA			
Website Add.		:	www.dalwincarpetcare.co.za			
TRADE HEADINGS						
1) 	Carpet, rugs & upholstery cleaning			2) 	curtain & blinds Cleaning	
3)	Corporate and Domestic			4) 	since 1994","61 Nina St, Oakdene, Johannesburg, Gauteng,			
			South Africa			
						
Postal Add.		; 72			
		 	LINMEYER, 2105			
						
Telephone No.		; 011 435 2843			
Fax No.		; 011 435 2843			
Cellular No.		; 082 569 6462			
E-Mail Add.		",,DALWIN@WOL.CO.ZA,
Abbott Laboratories (SA) (Pty) Ltd (Head Office),"Business Name		:	Abbott Laboratories (SA) (Pty) Ltd (Head Office)			
						
Physical Add.		:	Abbott Place, 219 Golf Club Terace, Constantia Kloof, Roodepoort, Gauteng,			
			South Africa			
						
Postal Add.		:				
		 				
						
Telephone No.		:	011 858 2000			
Fax No.		:	011 858 2070			
Cellular No.		:				
E-Mail Add.		:	fanie.prinsloo@abbott.com			
Website Add.		:	www.abbott.com			
TRADE HEADINGS						
1) 	Pharmaceuticals 			2) 	Nutrition & Health Companies	
3)	Diagnostics			4) 	Diabetes Care","219 Golf Club Terace, Constantia Kloof, Roodepoort, Gauteng,			
			South Africa			
						
Postal Add.		; 011 858 2000			
Fax No.		; 011 858 2070			
Cellular No.		",,fanie.prinsloo@abbott.com,
Abbott Laboratories (SA) (Pty) Ltd (Roodepoort),"Business Name		:	Abbott Laboratories (SA) (Pty) Ltd (Roodepoort)			
						
Physical Add.		:	Constancia Park Shopping Centre 1122 Hendrik Potgieter Rd, Weltevreden Park, Roodepoort, 			
			Gauteng, South Africa			
						
Postal Add.		:				
		 				
						
Telephone No.		:	011 991 3400			
Fax No.		:				
Cellular No.		:				
E-Mail Add.		:				
Website Add.		:	www.abbott.com			
TRADE HEADINGS						
1) 	Pharmaceuticals 			2) 	Nutrition & Health Companies	
3)	Diagnostics			4) 	Diabetes Care","1122 Hendrik Potgieter Rd, Weltevreden Park, Roodepoort, 			
			Gauteng, South Africa			
						
Postal Add.		; 011 991 3400			
Fax No.		",,,
FOSTER MELLIAR- HEAD OFFICE,"Business Name
			:
			FOSTER MELLIAR (Head Office)
			 
		
		
			 
			 
		
		
			Physical Add.
			:
			188 14th Street, Noordwyk, Midrand, Gauteng,","188 14th Street, Noordwyk, Midrand, Gauteng,",,,
Teletubbie Pre-School,"Business Name
			:
			Teletubbie Pre-School
			 
		
		
			 
			 
		
		
			Physical Add.
			:
			12 Heath Street, Arcon Park, Vereeniging, Gauteng, South Africa","12 Heath Street, Arcon Park, Vereeniging, Gauteng, South Africa",,,
SANDVIK MINING SYSTEMS BEDFORDVIEW,"Business Name		:	SANDVIK MINING SYSTEMS			
						
Physical Add.		:	14 HAWLEY Rd, BEDFORDVIEW,GAUTENG, SOUTH AFRICA			
						
						
Postal Add.		:	P O BOX 2648, BEDFORDVIEW, 2008			
		 				
						
Telephone No.		:	011-657-4600			
Fax No.		:	011-455-5512			
Cellular No.		:				
E-Mail Add.		:	kim.pain@sandvik.com			
Website Add.		:				
TRADE HEADINGS						
1) 	ENGINEERING CONTRACTORS			2) 	CONSTRUCTION CONTRACTOR","14 HAWLEY Rd, BEDFORDVIEW,GAUTENG, SOUTH AFRICA			
						
						
Postal Add.		; 2008			
		 				
						
Telephone No.		; 4600			
Fax No.		; 5512			
Cellular No.		",,kim.pain@sandvik.com,
SANDVIK MINING SYSTEM,"Business Name		:	SANDVIK MINING SYSTEMS			
						
Physical Add.		:	10 SKEEN BOULEVARD, BEDFORDVIEW			
						
						
Postal Add.		:	P O BOX 2648, BEDFORDVIEW, 2008			
		 				
						
Telephone No.		:	011 455 55581			
Fax No.		:	011-455-5512			
Cellular No.		:				
E-Mail Add.		:	kim.pain@sandvik.com			
Website Add.		:				
TRADE HEADINGS						
1) 	ENGINEERING CONTRACTORS			2) 	CONSTRUCTION CONTRACTOR","10 SKEEN BOULEVARD, BEDFORDVIEW			
						
						
Postal Add.		; 2008			
		 				
						
Telephone No.		; 011 455 55581			
Fax No.		; 5512			
Cellular No.		",,kim.pain@sandvik.com,
Creative Graphics International (Pty) Ltd (Gauteng),"Business Name		:	Creative Graphics International (Pty) Ltd (Gauteng)			
						
Physical Add.		:	AMR OFFICE PARK 1,2,3, 1/2010 CONCORD RD, BEDFORDVIEW X 282, Gauteng, South Africa			
			South Africa			
						
Postal Add.		:				
		 				
						
Telephone No.		:	011-450-2385			
Fax No.		:				
Cellular No.		:				
E-Mail Add.		:				
Website Add.		:				
TRADE HEADINGS						
1) 	SIGNAGE			2) 	DIGITAL PRINTING	
3)	SIGN MAINTENANCE			4) 	BRANDING","2010 CONCORD RD, BEDFORDVIEW X 282, Gauteng, South Africa			
			South Africa			
						
Postal Add.		; 2385			
Fax No.		",,,
BEYOND DESIGNS,"Business Name		:	Beyond Designs			
						
Physical Add.		:	4 Gerald Kalk St, Minnebron, Brakpan, Gauteng, South Africa 			
			South Africa			
						
Postal Add.		:	P O Box 12109, Brakpan North, Gauteng			
		 				
						
Telephone No.		:	011-743-2590			
Fax No.		:	086-631-8708			
Cellular No.		:	079 230 2321			
E-Mail Add.		:	chanel@beyonddesign.co.za 			
Website Add.		:				
TRADE HEADINGS						
1) 	ARCHITECTURAL WORK			2) 	DESIGNER ARCHITECTS","4 Gerald Kalk St, Minnebron, Brakpan, Gauteng, South Africa 			
			South Africa			
						
Postal Add.		; 2590			
Fax No.		; 8708			
Cellular No.		; 079 230 2321			
E-Mail Add.		",,chanel@beyonddesign.co.za,
MPACT RECYCLING - ALBERTON,"Business Name		:	MPACT RECYCLING - ALBERTON			
						
Physical Add.		:	17 BRUNEL RD, TULISA PARK, ALBERTON, GAUTENG			
						
						
Postal Add.		:				
		 				
						
Telephone No.		:	011 5388600			
Fax No.		:				
Cellular No.		:				
E-Mail Add.		:	Info@mpact.co.za			
Website Add.		:	WWW.MPACT.CO.ZA			
TRADE HEADINGS						
1) 	PAPER RECYCLING			2) 	CARDBOARD","17 BRUNEL RD, TULISA PARK, ALBERTON, GAUTENG			
						
						
Postal Add.		; 011 5388600			
Fax No.		",,Info@mpact.co.za,
MPACT RECYCLING - SPRINGS,"Business Name		:	MPACT RECYCLING - SPRINGS			
						
Physical Add.		:	221 STEEL RD, NEW ERA, SPRINGS, GAUTENG			
						
						
Postal Add.		:				
		 				
						
Telephone No.		:	011 360 4000			
Fax No.		:				
Cellular No.		:				
E-Mail Add.		:	Info@mpact.co.za			
Website Add.		:	WWW.MPACT.CO.ZA			
TRADE HEADINGS						
1) 	PAPER RECYCLING			2) 	CARDBOARD","221 STEEL RD, NEW ERA, SPRINGS, GAUTENG			
						
						
Postal Add.		; 011 360 4000			
Fax No.		",,Info@mpact.co.za,
MPACT RECYCLING - MIDRAND,"Business Name		:	MPACT RECYCLING - SPRINGS			
						
Physical Add.		:	1067 RICHARDS DRIVE, MIDRAND, GAUTENG			
						
						
Postal Add.		:				
		 				
						
Telephone No.		:	011 315 8450			
Fax No.		:				
Cellular No.		:				
E-Mail Add.		:	Info@mpact.co.za			
Website Add.		:	WWW.MPACT.CO.ZA			
TRADE HEADINGS						
1) 	PAPER RECYCLING			2) 	CARDBOARD","1067 RICHARDS DRIVE, MIDRAND, GAUTENG			
						
						
Postal Add.		; 011 315 8450			
Fax No.		",,Info@mpact.co.za,
MPACT RECYCLING - NEW ERA SPRINGS,"Business Name		:	MPACT RECYCLING - SPRINGS 2			
						
Physical Add.		:	80 SOUTH MAIN REEF ROAD, NEW ERA SPRINGS			
						
						
Postal Add.		:				
		 				
						
Telephone No.		:	011 817 2950			
Fax No.		:				
Cellular No.		:				
E-Mail Add.		:	Info@mpact.co.za			
Website Add.		:	WWW.MPACT.CO.ZA			
TRADE HEADINGS						
1) 	PAPER RECYCLING			2) 	CARDBOARD","2			
						
Physical Add.		; 80 SOUTH MAIN REEF ROAD, NEW ERA SPRINGS			
						
						
Postal Add.		; 011 817 2950			
Fax No.		",,Info@mpact.co.za,
MPACT RECYCLING - MELROSE ARCH,"Business Name		:	MPACT RECYCLING -MELROSE ARCH			
						
Physical Add.		:	3 10 STREET, MELROSE ARCH, GAUTENG			
						
						
Postal Add.		:				
		 				
						
Telephone No.		:	011 994 5400			
Fax No.		:				
Cellular No.		:				
E-Mail Add.		:	Info@mpact.co.za			
Website Add.		:	WWW.MPACT.CO.ZA			
TRADE HEADINGS						
1) 	PAPER RECYCLING			2) 	CARDBOARD","3 10 STREET, MELROSE ARCH, GAUTENG			
						
						
Postal Add.		; 011 994 5400			
Fax No.		",,Info@mpact.co.za,
MPACT RECYCLING -WADEVILLE,"Business Name		:	MPACT RECYCLING -WADEVILLE			
						
Physical Add.		:	741/ 742 LANTERN ROAD, WADEVILLE, GERMISTON, GAUTENG			
						
						
Postal Add.		:				
		 				
						
Telephone No.		:	011 383 8400			
Fax No.		:				
Cellular No.		:				
E-Mail Add.		:	Info@mpact.co.za			
Website Add.		:	WWW.MPACT.CO.ZA			
TRADE HEADINGS						
1) 	PAPER RECYCLING			2) 	CARDBOARD","742 LANTERN ROAD, WADEVILLE, GERMISTON, GAUTENG			
						
						
Postal Add.		; 011 383 8400			
Fax No.		",,Info@mpact.co.za,
SHARP EYE SECURITY & CONSTRUCTION SERVICES,"Business Name		:	SHARP EYE SECURITY & CONSTRUCTION SERVICES			
						
Physical Add.		:	6 Rooibok St, Dawnpark, Boksburg, Gauteng, South Africa  			
						
						
Postal Add.		:				
		 				
						
Telephone No.		:	011-862-3426			
Fax No.		:	011-862-3426			
Cellular No.		:	083-417-8151			
E-Mail Add.		:	ndlovu55@telkomsa.net			
Website Add.		:				
TRADE HEADINGS						
1) 	BUILDING CONTRACTOR			2) 	CONSTRUCTION CONTRACTORS	
3)	SECURITY SERVICES","6 Rooibok St, Dawnpark, Boksburg, Gauteng, South Africa  			
						
						
Postal Add.		; 3426			
Fax No.		; 3426			
Cellular No.		; 8151			
E-Mail Add.		",,ndlovu55@telkomsa.net,
HONEY BEE,"Business Name		:	HONEY BEE			
						
Physical Add.		:	10 Concorde Rd , Lenasia, Lenasia, Gauteng			
			South Africa			
						
Postal Add.		:				
		 				
						
Telephone No.		:	011 854 1420			
Fax No.		:	011 852 5414			
Cellular No.		:				
E-Mail Add.		:	honeybee0786@telkomsa.net			
Website Add.		:	www.honeybeelenz.co.za			
TRADE HEADINGS						
1) 	Florists and flowers			2) 	Appliances	
3)	Stationery			4) 	Baking Supplies","10 Concorde Rd , Lenasia, Lenasia, Gauteng			
			South Africa			
						
Postal Add.		; 011 854 1420			
Fax No.		; 011 852 5414			
Cellular No.		",,honeybee0786@telkomsa.net,
IMSIMBI TRAINING (PTY) LTD,"Business Name		:	IMSIMBI TRAINING (PTY) LTD			
						
Physical Add.		:	225 Kessel Street, Fairland, Gauteng,			
			South Africa			
						
Postal Add.		:	P.O. Box 731617, 			
		 	Fairland, 2030			
						
Telephone No.		:	011 678 2443			
Fax No.		:	011 678 6496			
Cellular No.		:				
E-Mail Add.		:	julius@imsimbi.co.za			
Website Add.		:	www.imsimbi.co.za			
TRADE HEADINGS						
1) 	Training Companies And Centres","225 Kessel Street, Fairland, Gauteng,			
			South Africa			
						
Postal Add.		; 2030			
						
Telephone No.		; 011 678 2443			
Fax No.		; 011 678 6496			
Cellular No.		",,julius@imsimbi.co.za,
Travel Set,"Business Name		:	Travel Set			
						
Physical Add.		:	14 Voortrekker St, Heidelberg, Gauteng, South Africa 			
			South Africa			
						
Postal Add.		:				
		 				
						
Telephone No.		:	016-349-2661			
Fax No.		:	016-349-2665			
Cellular No.		:				
E-Mail Add.		:	lizev.tts@galileosa.co.za			
Website Add.		:				
TRADE HEADINGS						
1) 	AIR CHARTER AND RENTAL			2) 	CORPORATE TRAVEL","14 Voortrekker St, Heidelberg, Gauteng, South Africa 			
			South Africa			
						
Postal Add.		; 2661			
Fax No.		; 2665			
Cellular No.		",,lizev.tts@galileosa.co.za,
Pilgrimage Tours,"Business Name		:	Pilgrimage Tours			
						
Physical Add.		:	Bergzicht Office Park Building 1 Block 1, Christiaan De Wet & Rooibok St, Strubens Valley, Roodepoort, Gauteng, South Africa 			
			South Africa			
						
Postal Add.		:				
		 				
						
Telephone No.		:	011-475 7900			
Fax No.		:	086-683-8158			
Cellular No.		:				
E-Mail Add.		:	pilgrimage@makrotravel.co.za			
Website Add.		:				
TRADE HEADINGS						
1) 	TRAVEL AGENCY			2) 	BUS TOURS 	
3)	TRAVEL SERVICES			4) 	SPORT PROMOTIONS","1 Block 1, Christiaan De Wet ; 475 7900			
Fax No.		; 8158			
Cellular No.		",,pilgrimage@makrotravel.co.za,
0861 NUTSMAN.CO.ZA (PTY) LTD,"Business Name		:	0861 NUTSMAN.CO.ZA (PTY) LTD			
						
Physical Add.		:	27 MELLES PLACE, HILTON STREET, CENTURION, GAUTENG			
			South Africa			
						
Postal Add.		:				
		 				
						
Telephone No.		:	082 366 6911			
Fax No.		:				
Cellular No.		:				
E-Mail Add.		:	info@0861nutsman.co.za			
Website Add.		:				
TRADE HEADINGS						
1) 	Plumbers, Building,Carpentry			2) 	Decorating	
3)	Electrical Contractors			4)	Security,Roofing,,Steel Works","0861 NUTSMAN.CO.ZA ; 27 MELLES PLACE, HILTON STREET, CENTURION, GAUTENG			
			South Africa			
						
Postal Add.		; 082 366 6911			
Fax No.		",,info@0861nutsman.co.za,
INVESTOR TRAVEL (Pty) Ltd,"Business Name		:	Investor Travel (Pty) Ltd			
						
Physical Add.		:	39 Bodmin Road, Gauteng, South Africa 			
			South Africa			
						
Postal Add.		:				
		 				
						
Telephone No.		:	011 869 8022			
Fax No.		:	086 571 4269			
Cellular No.		:				
E-Mail Add.		:	res1@i-te.co.za  /  res2@i-te.co.za			
Website Add.		:	www.investortravel.co.za			
TRADE HEADINGS						
1) 	TRAVEL SERVICE			2) HOLIDAY PACKAGES	3)TRAVEL AGENCY	
4)	CRUISE SPECIALISTS			5) CORPORATE TRAVEL	6)TRAVEL CONSULTANT	
nvestor Travel

We offer the BEST rates
Facebook RSS
 
Skip to content
Home
Destinations
Mauritius
Current specials
Fact Sheet
Zanzibar
Current Specials
Fact Sheet
Europe
Current specials
Americas
Current Specials
Africa
Current specials
Factsheet
Local Tours
Current Specials
Far East
Current Specials
Factsheet
Other Indian Ocean Islands
Reunion
Current Specials
Maldives
Current Specials
Seychelles
Current Specials
Red HOT Specials
MSC
Cruise cabin rates
Cruise Information
What travel documents do I need?
Life on board
Activities
Health Requests
Cruises with Kids
Safety on board
Directions to Durban Harbor
Map of Cape Town
MSC Contract of Carriage
MSC Travel Insurance
Services
On Board Pre-paid packages
General Cruise Information
Terms and Conditions
E-brochure Opera
About Us
Corporate Services
Awards
Travel information
New regulations for children traveling
Contact Us
Please view our urgent news menu for current cruise updates

General Cruise Information
General Cruise Information

All passengers must embark at least three hours prior to sailing (times are indicated on the cruise tickets). Check-in closes promptly one and a half hours prior to sailing and any passengers not yet embarked risk missing the ship.
Read more »
Cruises with Kids
Cruises with Kids

At MSC Cruises Kids 17 and younger sail FREE* on Every MSC Cruises sailing! From the pristine beauty of the Southern African coast to the awe-inspiring wonders of Europe, your children can enjoy it all con i nostri complimenti – with our compliments.
Read more »
Life on Board
Life on Board

A vast selection of the best brands is available from the Duty & Tax free shops on board: clothing, beauty and perfume items, jewellery, film and photographic equipment, glasses, suntan lotion, tobacco and spirits, as well as a variety of products with the MSC logo. All ships have hair and beauty salons, a sauna and massage suite, gym, laundry and photographic service.
Read more »
Links

About Us 
Lesiure Travel 
Corporate Travel 
Specials 
Terms and Conditions
Contact Us
Contact Us

Office hours: Weekdays 08:30 - 16:30 
Tel: 011 869 8022

39 Bodmin Road 
New Redruth
Alberton
1449
Affiliates

Binocom 
Flight Specials 
SA Unspoilt
Awards

Starlight Cruises 
Beachcomber Tours 
World Leisure (Kerzner International) 
Thompson’s Tours 
Absolute Tours 
ATO Tour Operator
We will match or better any valid written Quotation for any destination 
Contact US for Departure Dates!
Terms & Conditions","39 Bodmin Road, Gauteng, South Africa 			
			South Africa			
						
Postal Add.		; 011 869 8022			
Fax No.		; 086 571 4269			
Cellular No.		; 17 and younger sail FREE; 30 - 16; 30 
Tel; 011 869 8022

39 Bodmin Road 
New Redruth
Alberton
1449
Affiliates

Binocom 
Flight Specials 
SA Unspoilt
Awards

Starlight Cruises 
Beachcomber Tours 
World Leisure ","011 869 8022

39","res1@i-te.co.za, res2@i-te.co.za",
PRIONTEX (PTY) LTD (Johannesburg),"Business Name		:	PRIONTEX (PTY) LTD (Johannesburg)			
						
Physical Add.		:	R101 Old Pretoria Road, Sage Corporate Park North, Roan Crescent, Randjiesfontein,			
			Johannesburg, Gauteng, South Africa			
						
Postal Add.		:				
		 				
						
Telephone No.		:	011 2375900			
Fax No.		:	011 2375912			
Cellular No.		:				
E-Mail Add.		:	info@priontex.com			
Website Add.		:	www.priontex.com			
TRADE HEADINGS						
1) 	Medical Textiles			2) 	Surgical Drapes And Gowns	
3)	Scrub Suits and Jackets			4) 	Cleanroom Suits","101 Old Pretoria Road, Sage Corporate Park North, Roan Crescent, Randjiesfontein,			
			Johannesburg, Gauteng, South Africa			
						
Postal Add.		; 011 2375900			
Fax No.		; 011 2375912			
Cellular No.		",,info@priontex.com,
Southern Plumbing,"Business Name		:	Southern Plumbers			
						
Physical Add.		:	154 Turf Club, 154 Turf Club, Turffontein, Johannesburg, Gauteng			
			South Africa			
						
Postal Add.		:				
		 				
						
Telephone No.		:	011 683 5434			
Fax No.		:	011 683 5434			
Cellular No.		:	0824470416			
E-Mail Add.		:	splumbing@mweb.co.za			
Website Add.		:				
TRADE HEADINGS						
1) 	Bathroom Repairs			2) 	Plumbers and Sanitary Engineers	
3)	Domestic Plumbing			4) 	Leaking Taps","154 Turf Club, 154 Turf Club, Turffontein, Johannesburg, Gauteng			
			South Africa			
						
Postal Add.		; 011 683 5434			
Fax No.		; 011 683 5434			
Cellular No.		; 0824470416			
E-Mail Add.		",,splumbing@mweb.co.za,
CAHI Norman A Dr,"Business Name		:	""CAHI NormanA Dr
""			
						
Physical Add.		:	""Athol Sq, Wierda Rd East, Sandton
""			
						
						
Postal Add.		:				
		 				
						
Telephone No.		:	011 305 9300			
Fax No.		:	011 305 9333			
Cellular No.		:				
E-Mail Add.		:	styleyoursmile@netactive.co.za 			
Website Add.		:				
TRADE HEADINGS						
1) 	DENTISTS","011 305 9300			
Fax No.		; 011 305 9333			
Cellular No.		",,styleyoursmile@netactive.co.za,
PG DRILLING EQUIPMENT & ACCESSORIES cc,"Business Name		:	P G DRILLING EQUIPMENT & ACCESSORIES CC			
						
Physical Add.		:	4 Simba St, Sebenza, Edenvale, Gauteng, 			
			South Africa			
						
Postal Add.		:	P.O Box 471,			
		 	Edenvale, 1610			
						
Telephone No.		:	011 452 1090			
Fax No.		:	011 452 6439			
Cellular No.		:	082 779 0352			
E-Mail Add.		:	deon@pgdrill.com			
Website Add.		:	www.pgdrill.com			
TRADE HEADINGS						
1) 	Drilling Eqpt and Accessories			2) 	Hydraulic Equipment /Supplies	
3)	Rock Drills			4) 	Accessories","4 Simba St, Sebenza, Edenvale, Gauteng, 			
			South Africa			
						
Postal Add.		; 1610			
						
Telephone No.		; 011 452 1090			
Fax No.		; 011 452 6439			
Cellular No.		; 082 779 0352			
E-Mail Add.		",,deon@pgdrill.com,
IDUBE ELIHLE TOURS,"Business Name		:	IDUBE ELIHLE TOURS			
						
Physical Add.		:	908 Reiger Av, Bloubosrand, Randburg, Gauteng, South Africa 			
			South Africa			
						
Postal Add.		:	Suite 225, Postnet X 10039, Randburg, 2125			
		 				
						
Telephone No.		:	011-704-1499	010 220 5145		
Fax No.		:				
Cellular No.		:				
E-Mail Add.		:	elihle@idubeelihle.co.za			
Website Add.		:				
TRADE HEADINGS						
1) 	SHUTTLE SERVICES			2) 	SAFARIS AND OPERATORS	
3)	TRAVEL AGENCY			4) 	TRAVEL CONSULTANT","908 Reiger Av, Bloubosrand, Randburg, Gauteng, South Africa 			
			South Africa			
						
Postal Add.		; 2125			
		 				
						
Telephone No.		; 1499	010 220 5145		
Fax No.		",,elihle@idubeelihle.co.za,
GEM SWITCHGEAR (PTY) Ltd,"Business Name		:	GEM SWITCHGEAR (PTY) Ltd			
						
Physical Add.		:	18 GRANIET STREET, JET PARK, BOKSBURG			
			South Africa			
						
Postal Add.		:	P O BOX 12291			
		 	ELSPARK			
						
Telephone No.		:	011 397 3354			
Fax No.		:	011 397 3409			
Cellular No.		:				
E-Mail Add.		:	info@gemsq.co.za			
Website Add.		:	www.gemsq.co.za			
TRADE HEADINGS						
1) 	Steel Fabrication			2) 	Voltage Switchgear	
3)	Steel Construction","18 GRANIET STREET, JET PARK, BOKSBURG			
			South Africa			
						
Postal Add.		; 12291			
		 	ELSPARK			
						
Telephone No.		; 011 397 3354			
Fax No.		; 011 397 3409			
Cellular No.		",,info@gemsq.co.za,
CLIROTECH,"Business Name		:	CLIROTECH			
						
Physical Add.		:	51 Maroela Rd, Primrose, Germiston, Gauteng			
			South Africa			
						
Postal Add.		:				
		 				
						
Telephone No.		:	011 822 5479			
Fax No.		:				
Cellular No.		:	082 334 3266			
E-Mail Add.		:	clirotech@telkomsa.net			
Website Add.		:				
TRADE HEADINGS						
1) 	printers			2) 	 office equipment	
3)	digital office automation","51 Maroela Rd, Primrose, Germiston, Gauteng			
			South Africa			
						
Postal Add.		; 011 822 5479			
Fax No.		; 082 334 3266			
E-Mail Add.		",,clirotech@telkomsa.net,
General Profiling (Pty) Ltd,"Business Name		:	General Profiling (Pty) Ltd			
						
Physical Add.		:	31 Industrial Road, Amalgam, Johannesburg, Gauteng,			
			South Africa			
						
Postal Add.		:	P.O Box 471, 			
		 	Crown Mines, 2025			
						
Telephone No.		:	011 062 3200			
Fax No.		:	011 062 3271			
Cellular No.		:				
E-Mail Add.		:	sales@generalprofiling.co.za			
Website Add.		:	www.generalprofiling.co.za			
TRADE HEADINGS						
1) 	Stainless Steel Suppliers			2) 	Metal Cutting / Laser Cutting	
3)	CNC Bending/ CNC Rolling			4) 	Steel Fabrication / CNC Machining","31 Industrial Road, Amalgam, Johannesburg, Gauteng,			
			South Africa			
						
Postal Add.		; 2025			
						
Telephone No.		; 011 062 3200			
Fax No.		; 011 062 3271			
Cellular No.		",,sales@generalprofiling.co.za,
Mangwanani At Indaba,"Business Name		:	Mangwanani At Indaba			
						
Physical Add.		:	120 North Rand Rd, Bardene X 23 Boksburg			
			South Africa			
						
Postal Add.		:				
		 				
						
Telephone No.		:	011 894 1528			
Fax No.		:				
Cellular No.		:				
E-Mail Add.		:	info@mangwanani.co.za			
Website Add.		:				
TRADE HEADINGS						
1) 	beauty products			2) 	body massage	
3)	body therapies			4) 	body treatments","120 North Rand Rd, Bardene X 23 Boksburg			
			South Africa			
						
Postal Add.		; 011 894 1528			
Fax No.		",,info@mangwanani.co.za,
Fluorovizion (Pty) Ltd,"Business Name		:	Fluorovizion (Pty) Ltd			
						
Physical Add.		:	808 Hammets Crossing Office Park, Fourways, JHB			
			South Africa			
						
Postal Add.		:				
		 				
						
Telephone No.		:	011-462-9553			
Fax No.		:	011-462-9298			
Cellular No.		:				
E-Mail Add.		:	Jerryn@fvz.co.za			
Website Add.		:				
TRADE HEADINGS						
1) 	MEDICAL SUPPLIES			2) 	MEDICAL and REMEDIAL EQPT	
3)	SURGICAL SUPPLIES			4) 	DYNAMESH","808 Hammets Crossing Office Park, Fourways, JHB			
			South Africa			
						
Postal Add.		; 9553			
Fax No.		; 9298			
Cellular No.		",,Jerryn@fvz.co.za,
HARRINGTON STEEL ( Pty ) Ltd,"Business Name		:	HARRINGTON STEEL (PTY) LTD			
						
Physical Add.		:	7 Bessemer St, Duncanville, Vereeniging, Gauteng,			
			South Africa			
						
Postal Add.		:	PO Box 1326,			
		 	Vereeniging, 1930			
						
Telephone No.		:	016 421 4653			
Fax No.		:	016 421 1533			
Cellular No.		:				
E-Mail Add.		:	harringtonsteel@telkomsa.net			
Website Add.		:				
TRADE HEADINGS						
1) 	Structural Steel Fabricators","7 Bessemer St, Duncanville, Vereeniging, Gauteng,			
			South Africa			
						
Postal Add.		; 1930			
						
Telephone No.		; 016 421 4653			
Fax No.		; 016 421 1533			
Cellular No.		",,harringtonsteel@telkomsa.net,
HITACHI CONSTRUCTION MACHINERY SOUTHERN AFRICA CO (PTY) LTD - BOKSBURG,"Business Name		:	HITACHI CONSTRUCTION MACHINERY SOUTHERN AFRICA CO (PTY) LTD - BOKSBURG			
						
Physical Add.		:	CNR ATLAS & PAULSMITH STR, BOKSBURG NORTH			
						
						
Postal Add.		:	P O BOX 6331, DUNSWART, 1508			
		 				
						
Telephone No.		:	011 841 7700			
Fax No.		:	011 894 3307			
Cellular No.		:				
E-Mail Add.		:				
Website Add.		:				
TRADE HEADINGS						
1) 	EXCAVATORS			2) 	LOADING SHOVELS	
3)	RIGID DUMP TRUCKS			4) 	WHEELED LOADERS","1508			
		 				
						
Telephone No.		; 011 841 7700			
Fax No.		; 011 894 3307			
Cellular No.		",,,
ACUTECH BUSINESS SOLUTIONS PTY LTD (Head Office),"Business Name		:	ACUTECH BUSINESS SOLUTIONS PTY LTD (Head Office)			
						
Physical Add.		:	245 Nupen Crescent, Halfway House, Midrand, Gauteng, 			
			South Africa			
						
Postal Add.		:	PO Box 11454,			
		 	Vorna Valley, 1618			
						
Telephone No.		:	011 315 7384			
Fax No.		:	011 315 7065			
Cellular No.		:				
E-Mail Add.		:	info@acutech.co.za			
Website Add.		:	www.acutech.co.za			
TRADE HEADINGS						
1) 	Consulting Services 			2) 	Training Services","245 Nupen Crescent, Halfway House, Midrand, Gauteng, 			
			South Africa			
						
Postal Add.		; 1618			
						
Telephone No.		; 011 315 7384			
Fax No.		; 011 315 7065			
Cellular No.		",,info@acutech.co.za,
ACUTECH BUSINESS SOLUTIONS PTY LTD (Head Office,"Business Name		:	ACUTECH BUSINESS SOLUTIONS PTY LTD (Head Office)			
						
Physical Add.		:	245 Nupen Crescent, Halfway House, Midrand, Gauteng, 			
			South Africa			
						
Postal Add.		:	PO Box 11454,			
		 	Vorna Valley, 1618			
						
Telephone No.		:	011 315 7384			
Fax No.		:	011 315 7065			
Cellular No.		:				
E-Mail Add.		:	info@acutech.co.za			
Website Add.		:	www.acutech.co.za			
TRADE HEADINGS						
1) 	Consulting Services 			2) 	Training Services","245 Nupen Crescent, Halfway House, Midrand, Gauteng, 			
			South Africa			
						
Postal Add.		; 1618			
						
Telephone No.		; 011 315 7384			
Fax No.		; 011 315 7065			
Cellular No.		",,info@acutech.co.za,
ROCHE PRODUCTS (PTY) LTD (Illovo JHB),"Business Name		:	ROCHE PRODUCTS (PTY) LTD (Illovo JHB)			
						
Physical Add.		, 	24 Fricker rd, Santon, Johannesburg , Gauteng 			
			South Africa			
						
Postal Add.		:				
		 				
						
Telephone No.		:	0115025000			
Fax No.		:				
Cellular No.		:				
E-Mail Add.		:				
Website Add.		:				
TRADE HEADINGS						
1) 	Pharmaceutical manufacturers			2) 	Pharmaceutical medicines","24 Fricker rd, Santon, Johannesburg , Gauteng 			
			South Africa			
						
Postal Add.		; 0115025000			
Fax No.		",,,
Deli Express,"Business Name		:	Deli Express			
						
Physical Add.		:	 47 Fourth Av, LINDEN, Johannesburg, Gauteng			
			South Africa			
						
Postal Add.		:				
		 				
						
Telephone No.		:	011 782 1350			
Fax No.		:				
Cellular No.		:				
E-Mail Add.		:	info@deliexpress.co.za			
Website Add.		:				
TRADE HEADINGS						
1) 	 catering services			2) 	 industrial contract catering,	
3)	potjiekos catering			4) 	spitbraai specialists","47 Fourth Av, LINDEN, Johannesburg, Gauteng			
			South Africa			
						
Postal Add.		; 011 782 1350			
Fax No.		",,info@deliexpress.co.za,
SAID'S KARATE GYM,"Business Name		:	SAID'S KARATE GYM			
						
Physical Add.		:	3rd Floor, 54 Crown Road, Fordsburg, Johannesburg			
			South Africa			
						
Postal Add.		:				
		 				
						
Telephone No.		:	011 492 0642/5			
Fax No.		:	 011 492 1407 			
Cellular No.		:				
E-Mail Add.		:	hanshi@kenfuderyu.com			
Website Add.		:				
TRADE HEADINGS						
1) 	Gym 			2) 	Fitness Centre	
3)	Karate & Kickboxing			4) 	 Relaxing yoga class","54 Crown Road, Fordsburg, Johannesburg			
			South Africa			
						
Postal Add.		; 011 492 0642; 5			
Fax No.		; 011 492 1407 			
Cellular No.		",,hanshi@kenfuderyu.com,
SECURO WORLD,"Business Name
			:
			SECURO WORLD
			 
		
		
			 
			 
		
		
			Physical Add.
			:
			192 Beyers Naude Dve, Rustenburg, North West, 
			 
		
		
			 
			&nbs","192 Beyers Naude Dve, Rustenburg, North West, 
			 
		
		
			 
			",,,
BABOR COSMETICS,"Business Name		:	BABOR COSMETICS			
						
Physical Add.		:	Unit 70, 5 Concourse Cres, Lone Hill, Sandton, Gauteng,			
			South Africa			
						
Postal Add.		:				
		 				
						
Telephone No.		:	011 467 0110 		
Fax No.		:	011 467 0044			
Cellular No.		:				
E-Mail Add.		:	operations@babor.co.za		
Website Add.		:	https://za.babor.com/			
TRADE HEADINGS						
1) 	Health & Beauty Products			2) 	Cosmetic Distributors	
3)	Skin Care Products","5 Concourse Cres, Lone Hill, Sandton, Gauteng,			
			South Africa			
						
Postal Add.		; 011 467 0110 		
Fax No.		; 011 467 0044			
Cellular No.		",,operations@babor.co.za,https://za.babor.com/
Westrand Fence & Gate Supplies,"Business Name		:	Westrand Fence & Gate Supplies			
						
Physical Add.		:	 180 Viljoen St, Krugersdorp North, Krugersdorp, Gauteng, South Africa			
			South Africa			
						
Postal Add.		:				
		 				
						
Telephone No.		:	011-665-4418			
Fax No.		:	011-665-3378			
Cellular No.		:				
E-Mail Add.		:	westrandfgs@mweb.co.za			
Website Add.		:				
TRADE HEADINGS						
1) 	FENCING CONTRACTORS			2) 	ELECTRICAL EQUIPMENT	
3)	BUILDING MATERIALS			4) 	ELECTRIC FENCING","180 Viljoen St, Krugersdorp North, Krugersdorp, Gauteng, South Africa			
			South Africa			
						
Postal Add.		; 4418			
Fax No.		; 3378			
Cellular No.		",,westrandfgs@mweb.co.za,
PAPERCOR CC (Johannesburg),"Business Name		:	PAPERCOR CC (Johannesburg)			
						
Physical Add.		:	394 Southern Klipriviersberg Rd, Steeldale, Johannesburg, Gauteng, 			
			South Africa			
						
Postal Add.		:	P O Box 1670, 			
		 	Parklands, 2121			
						
Telephone No.		:	011 613 7991			
Fax No.		:				
Cellular No.		:				
E-Mail Add.		:	denise@papercor.co.za			
Website Add.		:	www.papercor.co.za			
TRADE HEADINGS						
1) 	Paper Manufacturing			2) 	Packaging Services","394 Southern Klipriviersberg Rd, Steeldale, Johannesburg, Gauteng, 			
			South Africa			
						
Postal Add.		; 2121			
						
Telephone No.		; 011 613 7991			
Fax No.		",,denise@papercor.co.za,
A N CLOTHING,"Business Name		:	A N CLOTHING			
						
Physical Add.		:	LOUISAR HOUSE, 3rd FLOOR, 149 PRITCHARD STREET, JOHANNESBURG			
			South Africa			
						
Postal Add.		:				
		 				
						
Telephone No.		:	011 402 1395			
Fax No.		:	011 402 1396			
Cellular No.		:	082 419 7585			
E-Mail Add.		:	munshiaziz@yahoo.com			
Website Add.		:				
TRADE HEADINGS						
1) 	CLOTHING MNFR			2) 	CLOTHING RETAILER	
3)	CLOTHING WHOLESALERS","149 PRITCHARD STREET, JOHANNESBURG			
			South Africa			
						
Postal Add.		; 011 402 1395			
Fax No.		; 011 402 1396			
Cellular No.		; 082 419 7585			
E-Mail Add.		",,munshiaziz@yahoo.com,
Amway South Africa (PTY) Ltd - Johannesburg,"Business Name		:	Amway South Africa (PTY) Ltd - Johannesburg			
						
Physical Add.		:	12 Friesland Drive, Longmeadow Business Estate South, Longmeadow, Johannesburg, Gauteng,			
			South Africa			
						
Postal Add.		:				
		 				
						
Telephone No.		:	011 201 4400			
Fax No.		:	011 201 4401			
Toll free No.		:	0800 203 772			
E-Mail Add.		:	infocentre.zaf@amway.com			
Website Add.		:	www.amway.co.za			
TRADE HEADINGS						
1) 	Beauty Products			2) 	Personal Care	
3)	Home Care Products","12 Friesland Drive, Longmeadow Business Estate South, Longmeadow, Johannesburg, Gauteng,			
			South Africa			
						
Postal Add.		; 011 201 4400			
Fax No.		; 011 201 4401			
Toll free No.		; 0800 203 772			
E-Mail Add.		",,infocentre.zaf@amway.com,
Amway South Africa (PTY) Ltd - Sandton,"Business Name		:	Amway South Africa (PTY) Ltd 			
						
Physical Add.		:	1st Floor, The Ambridge, 1219 Vrede Ave, Douglasdale, Sandton			
						
						
Postal Add.		:				
		 				
						
Telephone No.		:	011 463 4545			
Fax No.		:				
Toll free No.		:	0800 203 772			
E-Mail Add.		:	infocentre.zaf@amway.com			
Website Add.		:	www.amway.co.za			
TRADE HEADINGS						
1) 	Beauty Products			2) 	Personal Care	
3)	Home Care Products","1219 Vrede Ave, Douglasdale, Sandton			
						
						
Postal Add.		; 011 463 4545			
Fax No.		; 0800 203 772			
E-Mail Add.		",,infocentre.zaf@amway.com,
Amway South Africa (PTY) Ltd - Mondeor,"Business Name		:	Amway South Africa (PTY) Ltd 			
						
Physical Add.		:	Cnr Columbine Ave & Rifle Range Rd, Mondeor, Johannesburg, 2091			
						
						
Postal Add.		:				
		 				
						
Telephone No.		:	011 941 4420			
Fax No.		:				
Toll free No.		:	0800 203 772			
E-Mail Add.		:	infocentre.zaf@amway.com			
Website Add.		:	www.amway.co.za			
TRADE HEADINGS						
1) 	Beauty Products			2) 	Personal Care	
3)	Home Care Products","2091			
						
						
Postal Add.		; 011 941 4420			
Fax No.		; 0800 203 772			
E-Mail Add.		",,infocentre.zaf@amway.com,
Amway South Africa (PTY) Ltd - Kempton Park,"Business Name		:	Amway South Africa (PTY) Ltd 			
						
Physical Add.		:	107 Loper Ave, Spartan X2, Kempton Park, Gauteng			
						
						
Postal Add.		:				
		 				
						
Telephone No.		:	011 392 5493			
Fax No.		:				
Toll free No.		:	0800 203 772			
E-Mail Add.		:	infocentre.zaf@amway.com			
Website Add.		:	www.amway.co.za			
TRADE HEADINGS						
1) 	Beauty Products			2) 	Personal Care	
3)	Home Care Products","107 Loper Ave, Spartan X2, Kempton Park, Gauteng			
						
						
Postal Add.		; 011 392 5493			
Fax No.		; 0800 203 772			
E-Mail Add.		",,infocentre.zaf@amway.com,
EMERSON INDUSTRIAL AUTOMATION SA (PTY) LTD,"Business Name		:	EMERSON INDUSTRIAL AUTOMATION SA (PTY) LTD			
						
Physical Add.		:	1 Bart Street, Wilbart, Germiston, Gauteng			
			South Africa			
						
Postal Add.		:				
		 				
						
Telephone No.		:	 011 462 1740			
Fax No.		:				
Cellular No.		:				
E-Mail Add.		:	hayleigh.mackay@emerson.com			
Website Add.		:	www.emersonindustrial.com			
TRADE HEADINGS						
1) 	Electric Motors			2) 	Electro Mechanical	
3)	Switchgear			4) 	Variable Speed Drives","1 Bart Street, Wilbart, Germiston, Gauteng			
			South Africa			
						
Postal Add.		; 011 462 1740			
Fax No.		",,hayleigh.mackay@emerson.com,
EMERSON INDUSTRIAL AUTOMATION SOUTHERN AFRICA (GAUTENG),"Business Name		:	EMERSON INDUSTRIAL AUTOMATION SOUTHERN AFRICA (GAUTENG)			
						
Physical Add.		:	24 Precision St, Kyasand, Johannesburg, Gauteng,			
			South Africa			
						
Postal Add.		:	P O Box 3215, Honeydew, 2040			
		 				
						
Telephone No.		:	011 455 6212			
Fax No.		:	011 462 1941			
Cellular No.		:	078 459 2062			
E-Mail Add.		:	hayleigh.mackay@emerson.com			
Website Add.		:	www.emersonindustrial.com			
TRADE HEADINGS						
1) 	Electric motors			2) 	Electro Mechanical	
3)	Switchgear			4) 	Variable Speed Drives","24 Precision St, Kyasand, Johannesburg, Gauteng,			
			South Africa			
						
Postal Add.		; 2040			
		 				
						
Telephone No.		; 011 455 6212			
Fax No.		; 011 462 1941			
Cellular No.		; 078 459 2062			
E-Mail Add.		",,hayleigh.mackay@emerson.com,
SWAGELOK SA - Johannesburg,"Business Name		:	SWAGELOK SA (Johannesburg)			
						
Physical Add.		:	Unit 1, Westlake Park, 38 Avalon Road, Westlake, Johannesburg, Gauteng,			
			South Africa			
						
Postal Add.		:				
		 				
						
Telephone No.		:	011 609 7925			
Fax No.		:	011 452 6329			
Cellular No.		:				
E-Mail Add.		:	info@Johannesburg.swagelok.com			
Website Add.		:	www.swagelok.com			
TRADE HEADINGS						
1) 	Tube Fittings / Filters			2) 	Valves / Ball Valves	
3)	Hoses & Flexible Tubing			4) 	Leak Detectors Lubricants","38 Avalon Road, Westlake, Johannesburg, Gauteng,			
			South Africa			
						
Postal Add.		; 011 609 7925			
Fax No.		; 011 452 6329			
Cellular No.		",,info@Johannesburg.swagelok.com,
MOTHEO GROUP - HEAD OFFICE,"Business Name		:	MOTHEO GROUP			
						
Physical Add.		:	280 KENT AVENUE			
			RANDBURG, JOHANNESBURG			
						
Postal Add.		:	P.O BOX 4717			
		 	RANDBURG, 2125			
						
Telephone No.		:	011 789 8440			
Fax No.		:	011 886 5939			
Cellular No.		:				
E-Mail Add.		:	orapiloe@motheogroup.co.za			
Website Add.		:	www.motheogroup.co.za			
TRADE HEADINGS						
1) 	Construction Companies","280 KENT AVENUE			
			RANDBURG, JOHANNESBURG			
						
Postal Add.		; 4717			
		 	RANDBURG, 2125			
						
Telephone No.		; 011 789 8440			
Fax No.		; 011 886 5939			
Cellular No.		",,orapiloe@motheogroup.co.za,
ENERTEC BATTERIES (Johannesburg),"Business Name		:	ENERTEC BATTERIES (Johannesburg)			
						
Physical Add.		:	Unit H-J Henville, 30 North Reef Rd, Elandsfontein, Johannesburg, Gauteng,			
			South Africa			
						
Postal Add.		:				
		 				
						
Telephone No.		:	011 440 8788			
Fax No.		:	011 822 6346			
Cellular No.		:				
E-Mail Add.		:	sales@enertec.co.za			
Website Add.		:	www.enertec.co.za			
TRADE HEADINGS						
1) 	Battery Dealers			2) 	Automotive Batteries","30 North Reef Rd, Elandsfontein, Johannesburg, Gauteng,			
			South Africa			
						
Postal Add.		; 011 440 8788			
Fax No.		; 011 822 6346			
Cellular No.		",,sales@enertec.co.za,
MAHAMOTSA TRADING ENTERPRISE,"Business Name		:	MAHAMOTSA TRADING ENTERPRISE			
						
Physical Add.		:	 21 Brindley St, Vanderbijlpark Ce, Vanderbijlpark, Gauteng			
			South Africa			
						
Postal Add.		:	 21 Brindley St, Vanderbijlpark Ce, Vanderbijlpark, Gauteng			
		 	South Africa			
						
Telephone No.		:	016 981 1446			
Fax No.		:	016 981 1446			
Cellular No.		:	072 430 2552			
E-Mail Add.		:	mahamotsatradingcc@telkomsa.net			
Website Add.		:				
TRADE HEADINGS						
1) 	Catering & Hiring Service			2) 	Security Services	
3)	Construction			4) 	Set Up & Décor","21 Brindley St, Vanderbijlpark Ce, Vanderbijlpark, Gauteng			
			South Africa			
						
Postal Add.		; 21 Brindley St, Vanderbijlpark Ce, Vanderbijlpark, Gauteng			
		 	South Africa			
						
Telephone No.		; 016 981 1446			
Fax No.		; 016 981 1446			
Cellular No.		; 072 430 2552			
E-Mail Add.		",,mahamotsatradingcc@telkomsa.net,
Green Office (Johannesburg),"Business Name		:	Green Office (Johannesburg)			
						
Physical Add.		:	11 Spartan Crescent, Eastgate Ext 3, Sandton, 2090			
			South Africa			
						
Postal Add.		:				
		 				
						
Telephone No.		:	011  444 2550			
Fax No.		:	011  444 2559			
Cellular No.		:				
E-Mail Add.		:				
Website Add.		:				
TRADE HEADINGS						
1) 	Computer Accessories			2) 	Computer Supplies	
3)	Office Automation Systems			4) 	Office Automation Equipment","11 Spartan Crescent, Eastgate Ext 3, Sandton, 2090			
			South Africa			
						
Postal Add.		; 011  444 2550			
Fax No.		; 011  444 2559			
Cellular No.		",,,
NETCARE CLINTON HOSPITAL,"Business Name		:	NETCARE CLINTON HOSPITAL			
						
Physical Add.		:	62 CLINTON ROAD, NEW REDRUTH, ALBERTON, 1448			
						
						
Postal Add.		:	P O BOX 1059, ALBERTON, 1450			
		 				
						
Telephone No.		:	011 724 2300			
Fax No.		:	011 724 2002			
Cellular No.		:				
E-Mail Add.		:				
Website Add.		:				
TRADE HEADINGS						
1) 	HOSPITAL			2) 	HEALTH CARE HOSPITAL","62 CLINTON ROAD, NEW REDRUTH, ALBERTON, 1448			
						
						
Postal Add.		; 1450			
		 				
						
Telephone No.		; 011 724 2300			
Fax No.		; 011 724 2002			
Cellular No.		",,,
NETCARE UNION HOSPITAL,"Business Name		:	NETCARE UNION HOSPITAL			
						
Physical Add.		:	47 CLINTON ROAD, NEW REDRUTH, ALBERTON, 1448			
						
						
Postal Add.		:	P O BOX 1059, ALBERTON, 1450			
		 				
						
Telephone No.		:	011 724 2000			
Fax No.		:	011 724 2002			
Cellular No.		:				
E-Mail Add.		:				
Website Add.		:				
TRADE HEADINGS						
1) 	HOSPITAL			2) 	HEALTH CARE HOSPITAL","47 CLINTON ROAD, NEW REDRUTH, ALBERTON, 1448			
						
						
Postal Add.		; 1450			
		 				
						
Telephone No.		; 011 724 2000			
Fax No.		; 011 724 2002			
Cellular No.		",,,
NETCARE LINKSFIELD HOSPITAL,"Business Name		:	NETCARE LINKSFIELD HOSPITAL			
						
Physical Add.		:	24 12th AVENUE, LINKSFIELD WEST, JOHANNESBURG, 2192			
						
						
Postal Add.		:	P O BOX 46337, ORANGE GROVE, 2119			
		 				
						
Telephone No.		:	011 647 3400			
Fax No.		:	011 640 3576			
Cellular No.		:				
E-Mail Add.		:				
Website Add.		:				
TRADE HEADINGS						
1) 	HOSPITAL			2) 	HEALTH CARE HOSPITAL","24 12th AVENUE, LINKSFIELD WEST, JOHANNESBURG, 2192			
						
						
Postal Add.		; 2119			
		 				
						
Telephone No.		; 011 647 3400			
Fax No.		; 011 640 3576			
Cellular No.		",,,
MEGA FREIGHT JOHANNESBURG,"Business Name		:	MEGA FREIGHT JOHANNESBURG			
						
Physical Add.		:	25 JONES RD, JET PARK, GAUTENG, 1469			
						
						
Postal Add.		:				
		 				
						
Telephone No.		:	0861 006 342			
Fax No.		:				
Cellular No.		:				
E-Mail Add.		:	info@megafreight.co.za			
Website Add.		:	www.megafreight.co.za			
TRADE HEADINGS						
1) 	AIR FREIGHT			2) 	OCEAN FREIGHT	
3)	ROAD FREIGHT			4) 	CUSTOMS","25 JONES RD, JET PARK, GAUTENG, 1469			
						
						
Postal Add.		; 0861 006 342			
Fax No.		",,info@megafreight.co.za,
Randfontein Private Hospital,"Business Name		:	Randfontein Privtate Hospital			
						
Physical Add.		:	Lister Road, Lower Ward Street Extension, Randfontein, 1759			
			South Africa			
						
Postal Add.		:				
		 				
						
Telephone No.		:	011 411 3000	087 310 2306		
Fax No.		:	011 411 3143			
Cellular No.		:				
E-Mail Add.		:	info@lenmed.co.za			
Website Add.		:				
TRADE HEADINGS						
1) 	Day Hospitals			2) 	Private Hospitals	
3)	Health Care Centres","1759			
			South Africa			
						
Postal Add.		; 011 411 3000	087 310 2306		
Fax No.		; 011 411 3143			
Cellular No.		",,info@lenmed.co.za,
ROHLIG GRINDROD (PTY) Ltd,"Business Name		:	ROHLIG GRINDROD (PTY) Ltd 			
						
Physical Add.		:	23 NGUNI DRIVE, LONG MEADOWS WEST, BUSINESS PARK, EXT 2,			
			MODDERFONTEIN, JOHANNESBURG			
						
Postal Add.		:	P O BOX 2987, JOHANNESBURG, 2000			
		 				
						
Telephone No.		:	011 409 0300			
Fax No.		:	011 409 0400			
Cellular No.		:				
E-Mail Add.		:	lial@rohlig.co.za			
Website Add.		:	www.rohlig.co.za			
TRADE HEADINGS						
1) 	SEA FREIGHT			2) 	AIR FREIGHT	
3)	SHIPPING & FORWARDING			4) 	CONTAINERS","23 NGUNI DRIVE, LONG MEADOWS WEST, BUSINESS PARK, EXT 2,			
			MODDERFONTEIN, JOHANNESBURG			
						
Postal Add.		; 2000			
		 				
						
Telephone No.		; 011 409 0300			
Fax No.		; 011 409 0400			
Cellular No.		",,lial@rohlig.co.za,
ROHLIG GRINDROD (PTY) Ltd - HEAD OFFICE AIRFREIGHT,"Business Name		:	ROHLIG GRINDROD (PTY) Ltd - HEAD OFFICE AIRFRIEGHT			
						
Physical Add.		:	23 NGUNI DRIVE, LONG MEADOWS WEST, BUSINESS PARK, EXT 2,			
			MODDERFONTEIN, JOHANNESBURG			
						
Postal Add.		:	P O BOX 2987, JOHANNESBURG, 2000			
		 				
						
Telephone No.		:	011 409 0300			
Fax No.		:	011 409 0400			
Cellular No.		:				
E-Mail Add.		:	lial@rohlig.co.za			
Website Add.		:	www.rohlig.co.za			
TRADE HEADINGS						
1) 	SEA FREIGHT			2) 	AIR FREIGHT	
3)	SHIPPING & FORWARDING			4) 	CONTAINERS","23 NGUNI DRIVE, LONG MEADOWS WEST, BUSINESS PARK, EXT 2,			
			MODDERFONTEIN, JOHANNESBURG			
						
Postal Add.		; 2000			
		 				
						
Telephone No.		; 011 409 0300			
Fax No.		; 011 409 0400			
Cellular No.		",,lial@rohlig.co.za,
KIA MOTORS (NORTHCLIFF) (PTY) LTD,"Business Name		:	KIA MOTORS (NORTHCLIFF) (PTY) LTD			
						
Physical Add.		:	Cnr. Moncor & Beyers Naude Dve, Northcliff, Johannesburg, Gauteng,			
			South Africa			
						
Postal Add.		:	PO Box 3192, Cresta,			
		 	Randburg, 2118			
						
Telephone No.		:	011 731 9700			
Fax No.		:	011 731 9701			
Cellular No.		:				
E-Mail Add.		:	kiasalesmanager@multifranchise.co.za			
Website Add.		:	www.kia.co.za			
TRADE HEADINGS						
1) 	New & Used Car Dealers			2) 	Specialist In Kia And Daihatsu Cars","2118			
						
Telephone No.		; 011 731 9700			
Fax No.		; 011 731 9701			
Cellular No.		",,kiasalesmanager@multifranchise.co.za,
ROHLIG GRINDROD (PTY) Ltd - JOHANNESBURG,"Business Name		:	ROHLIG GRINDROD (PTY) Ltd - JOHANNESBURG			
						
Physical Add.		:	571 DEODAR ST, MAROELADAL, X 11, RANDBURG, GUUTENG			
						
						
Postal Add.		:				
		 				
						
Telephone No.		:	011 469 1138			
Fax No.		:				
Cellular No.		:				
E-Mail Add.		:				
Website Add.		:	www.rohlig.co.za			
TRADE HEADINGS						
1) 	SEA FREIGHT			2) 	AIR FREIGHT	
3)	SHIPPING & FORWARDING			4) 	CONTAINERS","571 DEODAR ST, MAROELADAL, X 11, RANDBURG, GUUTENG			
						
						
Postal Add.		; 011 469 1138			
Fax No.		",,,
ROMOTAS 2000 (Pty) Ltd,"Business Name		:	ROMOTAS 2000 PTY LTD			
						
Physical Add.		:	1380 Sharland St, Germiston Ext. 20, Gauteng,			
			South Africa			
						
Postal Add.		:	PO Box 75971,			
		 	Gardenview, 2047			
						
Telephone No.		:	011 873 2282			
Fax No.		:	011 873 2285			
Cellular No.		:	082 872 4821			
E-Mail Add.		:	admin@romotas.co.za			
Website Add.		:				
TRADE HEADINGS						
1) 	Metal Spraying			2) 	Manufacturing	
3)	Hardfacin Solutions			4) 	General Engineers","2000 PTY LTD			
						
Physical Add.		; 1380 Sharland St, Germiston Ext. 20, Gauteng,			
			South Africa			
						
Postal Add.		; 2047			
						
Telephone No.		; 011 873 2282			
Fax No.		; 011 873 2285			
Cellular No.		; 082 872 4821			
E-Mail Add.		",,admin@romotas.co.za,
NAMPAK RECYCLING JOHANNESBURG,"Business Name		:	NAMPAK RECYCLING JOHANNESBURG			
						
Physical Add.		:	29 PERIET RD, AMALGAM, CROWN MINES, JOHANNESBURG			
						
						
Postal Add.		:				
		 				
						
Telephone No.		:	011 799 7111			
Fax No.		:	011 719 6783			
Cellular No.		:				
E-Mail Add.		:				
Website Add.		:				
TRADE HEADINGS						
1) 	RECYCLERS","29 PERIET RD, AMALGAM, CROWN MINES, JOHANNESBURG			
						
						
Postal Add.		; 011 799 7111			
Fax No.		; 011 719 6783			
Cellular No.		",,,
ECONAMIC RECYCLING HEAD OFFICE,"Business Name		:	ECONAMIC RECYCLING HEAD OFFICE 			
						
Physical Add.		:	BLOCK 4E, BRYANSTON GATE, 170 CURZON ROAD			
			South Africa			
						
Postal Add.		:				
		 				
						
Telephone No.		:	010 133 0208/5			
Fax No.		:	086 584 3532			
Cellular No.		:	080 001 8818			
E-Mail Add.		:				
Website Add.		:	WWW.ECONAMIC.CO.ZA			
TRADE HEADINGS						
1) 	Recyclers			2)","170 CURZON ROAD			
			South Africa			
						
Postal Add.		; 010 133 0208; 5			
Fax No.		; 086 584 3532			
Cellular No.		; 080 001 8818			
E-Mail Add.		",,,
POWER MEASUREMENT & DISTRIBUTION CC (Johannesburg,"Business Name		:	POWER MEASUREMENT & DISTRIBUTION CC (Johannesburg)			
						
Physical Add.		:	 19 Coventry Park, 675 Pretoria Main Road, Halfway House, Midrand, Johannesburg, Gauteng, 			
			South Africa			
						
Postal Add.		:				
		 				
						
Telephone No.		:	011 026 9514			
Fax No.		:	087 941 7412 			
Cellular No.		:				
E-Mail Add.		:	info@powermeasurement.co.za			
Website Add.		:	www.powermeasurement.co.za			
TRADE HEADINGS						
1) 	Electricity Distribution Services			2) 	Submetering & Electricity Reselling	
3)	Remote Metering			4) 	Meter Products","19 Coventry Park, 675 Pretoria Main Road, Halfway House, Midrand, Johannesburg, Gauteng, 			
			South Africa			
						
Postal Add.		; 011 026 9514			
Fax No.		; 087 941 7412 			
Cellular No.		",,info@powermeasurement.co.za,
Gega-Lotz (Pty) Ltd,"Business Name		:	Gega-Lotz (Pty) Ltd			
						
Physical Add.		:	53 Deodar St, Noldick, Meyerton, Gauteng			
			South Africa			
						
Postal Add.		:				
		 				
						
Telephone No.		:	016 362 1070			
Fax No.		:	016 362 1051			
Cellular No.		:				
E-Mail Add.		:	gega@tiscali.co.za			
Website Add.		:				
TRADE HEADINGS						
1) 	Gas Appliances			2) 	Gas Burners	
3)	Gases  Industrial and Medical 			4) 	Gas Equipment","53 Deodar St, Noldick, Meyerton, Gauteng			
			South Africa			
						
Postal Add.		; 016 362 1070			
Fax No.		; 016 362 1051			
Cellular No.		",,gega@tiscali.co.za,
M U R INDUSTRIES CC,"Business Name		:	M U R INDUSTRIES CC			
						
Physical Add.		:	21 PROFAB CRESCENT, DELVILLE, GERMISTON, GAUTENG			
			South Africa			
						
Postal Add.		:	P.O. Box 4661			
		 	Germiston South, 1411			
						
Telephone No.		:	011 824 1385	011 824 6159		
Fax No.		:	011 824 2493			
Cellular No.		:				
E-Mail Add.		:	mur@lantic.net			
Website Add.		:				
TRADE HEADINGS						
1) 	Foundry Equipment And Supplies			2) 	Foundry And Casting","21 PROFAB CRESCENT, DELVILLE, GERMISTON, GAUTENG			
			South Africa			
						
Postal Add.		; 4661			
		 	Germiston South, 1411			
						
Telephone No.		; 011 824 1385	011 824 6159		
Fax No.		; 011 824 2493			
Cellular No.		",,mur@lantic.net,
TOCO LIFTING (PTY) LTD (Germiston),"Business Name		:	TOCO LIFTING (PTY) LTD (Germiston)			
						
Physical Add.		:	19 Harriet Avenue, Germiston, Gauteng			
			South Africa			
						
Postal Add.		:				
		 				
						
Telephone No.		:	011 345 8800			
Fax No.		:	086 673 6102			
Cellular No.		:	082 454 2002			
E-Mail Add.		:	toco@toco.co.za			
Website Add.		:	www.tocolifting.co.za			
TRADE HEADINGS						
1) 	Lifting Equipment			2) 	Lashing Equipment	
3)	Rigging Services			4) 	Riggers Equipment And Supplies","19 Harriet Avenue, Germiston, Gauteng			
			South Africa			
						
Postal Add.		; 011 345 8800			
Fax No.		; 086 673 6102			
Cellular No.		; 082 454 2002			
E-Mail Add.		",,toco@toco.co.za,
ASTRAPAK,"Business Name		:	ASTRAPAK			
						
Physical Add.		:	5 Kruger Street Denver Johannesburg 2094			
			South Africa			
						
Postal Add.		:	P.O.Box 75769 Gardenview 2047			
		 				
						
Telephone No.		:	087 742 0710			
Fax No.		:	086 205 7417			
Cellular No.		:				
E-Mail Add.		:	sales@astrapak.com			
Website Add.		:				
TRADE HEADINGS						
1) 	Manufacture			2) 	Supplier","5 Kruger Street Denver Johannesburg 2094			
			South Africa			
						
Postal Add.		; 75769 Gardenview 2047			
		 				
						
Telephone No.		; 087 742 0710			
Fax No.		; 086 205 7417			
Cellular No.		",,sales@astrapak.com,
MTN STORE -ALBERTON,"Business Name		:	MTN STORE -ALBERTON			
						
Physical Add.		:	30 Alberton Boulevard Shop L40, Alberton City Mall , 1449			
			South Africa			
						
Postal Add.		:				
		 				
						
Telephone No.		:				
Fax No.		:				
Cellular No.		:	083 869 6615			
E-Mail Add.		:	alberton.city40@mtn.co.za			
Website Add.		:	www.mtn.co.za			
TRADE HEADINGS						
1) 	Cell Phone Store			2) 	Repair Services","30 Alberton Boulevard Shop L40, Alberton City Mall , 1449			
			South Africa			
						
Postal Add.		; 083 869 6615			
E-Mail Add.		",,alberton.city40@mtn.co.za,
CLARENDON HARDWARE (PTY) LTD,"Business Name		:	CLARENDON HARDWARE (PTY) LTD			
						
Physical Add.		:	53 Claredon Drive, Discovery, Roodepoort, Gauteng,			
			South Africa			
						
Postal Add.		:				
		 				
						
Telephone No.		:	011 672 0456 / 011 672 3312			
Fax No.		:	011 672 3128			
Cellular No.		:				
E-Mail Add.		:	clarendon@netline.co.za			
Website Add.		:				
TRADE HEADINGS						
1) 	Hardware Retailers			2) 	Hardware","53 Claredon Drive, Discovery, Roodepoort, Gauteng,			
			South Africa			
						
Postal Add.		; 011 672 0456 ; 011 672 3312			
Fax No.		; 011 672 3128			
Cellular No.		",,clarendon@netline.co.za,
CLOROX AFRICA (PTY) LTD,"Business Name		:	CLOROX AFRICA (PTY) LTD			
						
Physical Add.		:	20 Hampton Park, Georgian Cres, Bryanston, Sandton, Gauteng,			
			South Africa			
						
Postal Add.		:				
		 				
						
Telephone No.		:	0861 452 372			
Fax No.		:				
Cellular No.		:				
E-Mail Add.		:	elizabetha.louw@clorox.com			
Website Add.		:				
TRADE HEADINGS						
1) 	Chemicals Suppliers","20 Hampton Park, Georgian Cres, Bryanston, Sandton, Gauteng,			
			South Africa			
						
Postal Add.		; 0861 452 372			
Fax No.		",,elizabetha.louw@clorox.com,
DESLEEMATTEX (Johannesburg),"Business Name
			:
			DESLEEMATTEX (Johannesburg)
			 
		
		
			 
			 
		
		
			Physical Add.
			:
			Unit 2, Citrus Industrial Park, Citrus Road, Laser Park, Honeydew, Johannes",,,,
H C HEAT EXCHANGERS (PTY) LTD,"Business Name		:	H C HEAT EXCHANGERS (PTY) LTD			
						
Physical Add.		:	Corner Amber & Serenade Road, Elandsfontein, Alberton, Gauteng,			
			South Africa			
						
Postal Add.		:				
		 				
						
Telephone No.		:	011 674 1237			
Fax No.		:	011 674 1268			
Cellular No.		:				
E-Mail Add.		:	sales@hcaircon.com			
Website Add.		:	www.hcaircon.com			
TRADE HEADINGS						
1) 	Air Cooled Condesers			2) 	Dry-Coolers	
3)	Dual discharge unit coolers			4) 	Unit Coolers","011 674 1237			
Fax No.		; 011 674 1268			
Cellular No.		",,sales@hcaircon.com,
CITIWOOD (PTY) LTD JOHANNESBURG,"Business Name		:	CITIWOOD (PTY) LTD (Johannesburg)			
						
Physical Add.		:	339 Main Reef Rd, Denver, Johannesburg, Gauteng, 			
			South Africa			
						
Postal Add.		:	PO Box 34126, Jeppestown,			
		 	Sandton, 2146			
						
Telephone No.		:	011 622 9360			
Fax No.		:	011 622 7938			
Cellular No.		:				
E-Mail Add.		:	coenie.adams@citiwood.co.za			
Website Add.		:	www.citiwood.co.za			
TRADE HEADINGS						
1) 	Timber Merchants			2) 	Timber Suppliers","339 Main Reef Rd, Denver, Johannesburg, Gauteng, 			
			South Africa			
						
Postal Add.		; 2146			
						
Telephone No.		; 011 622 9360			
Fax No.		; 011 622 7938			
Cellular No.		",,coenie.adams@citiwood.co.za,
CITIWOOD (PTY) LTD (Vereeniging),"Business Name		:	CITIWOOD (PTY) LTD (Vereeniging)			
						
Physical Add.		:	Cnr. Telford & Van Riebeeck Streets, Duncanville, Vereeniging, Gauteng,			
			South Africa			
						
Postal Add.		:				
		 				
						
Telephone No.		:	016 421 1683/4			
Fax No.		:	016 421 1337			
Cellular No.		:				
E-Mail Add.		:	marius.lems@citiwood.co.za			
Website Add.		:	www.citiwood.co.za			
TRADE HEADINGS						
1) 	Timber Merchants			2) 	Timber Suppliers","016 421 1683; 4			
Fax No.		; 016 421 1337			
Cellular No.		",,marius.lems@citiwood.co.za,
KHOTSO DISTRIBUTORS CC,"Business Name		:	KHOTSO DISTRIBUTORS CC			
						
Physical Add.		:	286 Main Reef Rd, Germiston, Germiston,			
			South Africa			
						
Postal Add.		:	P O Box 206, Isando, 1600			
		 				
						
Telephone No.		:	011 822 8466			
Fax No.		:	011 822 8449			
Cellular No.		:	076 194 9387			
E-Mail Add.		:	info.khotso@gmail.com			
Website Add.		:	www.khotsodistributors.co.za			
TRADE HEADINGS						
1) 	WATER TANKS			2) 	RESERVOIRS & DAMS	
3)	REPLACEMENT LINERS			4) 	EARTH DAM LINERS","286 Main Reef Rd, Germiston, Germiston,			
			South Africa			
						
Postal Add.		; 1600			
		 				
						
Telephone No.		; 011 822 8466			
Fax No.		; 011 822 8449			
Cellular No.		; 076 194 9387			
E-Mail Add.		",,info.khotso@gmail.com,
KANSAI PLASCON SOUTH AFRICA (PTY) LTD (Head Office),"Business Name
			:
			KANSAI PLASCON SOUTH AFRICA (PTY) LTD (Head Office)
			 
		
		
			 
			 
		
		
			Physical Add.
			:
			10 Frederick Cooper, Factoria, Krugersdorp, Gauteng","10 Frederick Cooper, Factoria, Krugersdorp, Gauteng",,,
KANSAI PLASCON SOUTH AFRICA (PTY) LTD (Alberton),"Business Name		:	KANSAI PLASCON SOUTH AFRICA (PTY) LTD (Alberton)			
						
Physical Add.		:	14 Union St, Alberton North, Alberton, Gauteng, 			
			South Africa			
						
Postal Add.		:				
		 				
						
Telephone No.		:	011 861 0300			
Fax No.		:				
Cellular No.		:				
E-Mail Add.		:	advice@kansaiplascon.co.za			
Website Add.		:	www.kansaiplascon.co.za			
TRADE HEADINGS						
1) 	Paint Manufacturers & Distributors			2) 	Paint Wholesalers	
3)	Paint Advisory Service","14 Union St, Alberton North, Alberton, Gauteng, 			
			South Africa			
						
Postal Add.		; 011 861 0300			
Fax No.		",,advice@kansaiplascon.co.za,
KANSAI PLASCON SOUTH AFRICA (PTY) LTD (Linbro Park),"Business Name		:	KANSAI PLASCON SOUTH AFRICA (PTY) LTD (Linbro Park)			
						
Physical Add.		:	6 Milkyway Avenue, Linbro Park, Sandton, Gauteng,			
			South Africa			
						
Postal Add.		:				
		 				
						
Telephone No.		:	011 608 0773 / 011 608 0790			
Fax No.		:	011 608 0790			
Cellular No.		:				
E-Mail Add.		:	advice@kansaiplascon.co.za			
Website Add.		:	www.kansaiplascon.co.za			
TRADE HEADINGS						
1) 	Paint Manufacturers & Distributors			2) 	Paint Wholesalers	
3)	Paint Advisory Service","6 Milkyway Avenue, Linbro Park, Sandton, Gauteng,			
			South Africa			
						
Postal Add.		; 011 608 0773 ; 011 608 0790			
Fax No.		; 011 608 0790			
Cellular No.		",,advice@kansaiplascon.co.za,
COOPERS ENVIRONMENTAL SCIENCE (Head Office),"Business Name		:	COOPERS ENVIRONMENTAL SCIENCE (Head Office)			
						
Physical Add.		:	91 Maple St, Pomona, Kempton Park, Gauteng,			
			South Africa			
						
Postal Add.		:	P O Box 14374, Bredell, 1623			
		 				
						
Telephone No.		:	011 979 4246 / 011 979 4247			
Fax No.		:	011 979 4248			
Cellular No.		:				
E-Mail Add.		:	info@cooperses.co.za			
Website Add.		:	www.cooperses.com			
TRADE HEADINGS						
1) 	Fungicides And Weedkillers			2) 	Insecticides	
3)	Rodenticides","91 Maple St, Pomona, Kempton Park, Gauteng,			
			South Africa			
						
Postal Add.		; 1623			
		 				
						
Telephone No.		; 011 979 4246 ; 011 979 4247			
Fax No.		; 011 979 4248			
Cellular No.		",,info@cooperses.co.za,
EPCOR PROJECTS (PTY) LTD,"Business Name		:	EPCOR PROJECTS (PTY) LTD			
						
Physical Add.		:	SHAMROC COMPLEX, SHAMROC AVENUE, VORNA VALLEY, MIDRAND			
			South Africa			
						
Postal Add.		:				
		 				
						
Telephone No.		:	072 276 9083			
Fax No.		:	086 267 0808			
Cellular No.		:	082 056 6023			
E-Mail Add.		:				
Website Add.		:				
TRADE HEADINGS						
1) 	Mining Equipment & Suppliers","072 276 9083			
Fax No.		; 086 267 0808			
Cellular No.		; 082 056 6023			
E-Mail Add.		",,,
EXPO NON FERROUS FOUNDRY,"Business Name		:	EXPO NON FERROUS FOUNDRY			
						
Physical Add.		:	50 Galloway St, Meyerton, Gauteng, 			
			South Africa			
						
Postal Add.		:				
		 				
						
Telephone No.		:	016 362 4735			
Fax No.		:				
Cellular No.		:				
E-Mail Add.		:	dup@omarketing.co.za			
Website Add.		:				
TRADE HEADINGS						
1) 	Foundry And Casting			2) 	Foundries","50 Galloway St, Meyerton, Gauteng, 			
			South Africa			
						
Postal Add.		; 016 362 4735			
Fax No.		",,dup@omarketing.co.za,
ELECTRO BIZZ INTERNATIONAL TRADING,"Business Name		:	ELECTRO BIZZ INTERNATIONAL TRADING			
						
Physical Add.		:	Unit 10, Cedex Aviation Park, 6 Log Road, Roodekop, Germiston, Gauteng,			
			South Africa			
						
Postal Add.		:	P.O. Box 17563,			
		 	Randhart, 1457			
						
Telephone No.		:	011 865 2254			
Fax No.		:	086 517 4872			
Cellular No.		:				
E-Mail Add.		:	sales@planmakers.co.za			
Website Add.		:	www.electrobizz.co.za			
TRADE HEADINGS						
1) 	Pest Control			2) 	Electronic Insect Killers	
3)	Rodent Bait Stations","6 Log Road, Roodekop, Germiston, Gauteng,			
			South Africa			
						
Postal Add.		; 1457			
						
Telephone No.		; 011 865 2254			
Fax No.		; 086 517 4872			
Cellular No.		",,sales@planmakers.co.za,
CAMI EDUCATION (PTY) LTD (Johannesburg Head Office),"Business Name
			:
			CAMI EDUCATION (PTY) LTD (Johannesburg Head Office)
			 
		
		
			 
			 
		
		
			Physical Add.
			:
			Cami House, Fir Drive, Northcliff, Johannesburg, Ga",,,,
DUXBURY NETWORKING (Johannesburg Head Office),"Business Name		:	DUXBURY NETWORKING (Johannesburg Head Office)			
						
Physical Add.		:	Block2 Riviera Office Park, 66 Oxford Rd, Riviera, Johannesburg, Gauteng, 			
			South Africa			
						
Postal Add.		:	PO Box 275,			
		 	Johannesburg, 2000			
						
Telephone No.		:	011 351 9800 			
Fax No.		:	011 646 3079			
Cellular No.		:				
E-Mail Add.		:	info@duxnet.co.za			
Website Add.		:	www.duxbury.co.za			
TRADE HEADINGS						
1) 	Computer Software Solutions			2) 	IT Solutions & Services	
3)	Networking Solutions","2 Riviera Office Park, 66 Oxford Rd, Riviera, Johannesburg, Gauteng, 			
			South Africa			
						
Postal Add.		; 2000			
						
Telephone No.		; 011 351 9800 			
Fax No.		; 011 646 3079			
Cellular No.		",,info@duxnet.co.za,
GLEN AUSTIN HIGH SCHOOL,"Business Name		:	GLEN AUSTIN HIGH SCHOOL			
						
Physical Add.		:	38 Hampton Road, Glen Austin, Midrand, Gauteng,			
			South Africa			
						
Postal Add.		:	P O Box 3868, Halfway House, 1685			
		 				
						
Telephone No.		:	011 023 7340 / 1 / 2			
Fax No.		:	086 732 0516			
Cellular No.		:				
E-Mail Add.		:	admin@glenaustinhigh.co.za			
Website Add.		:	www.glenaustinhigh.co.za			
TRADE HEADINGS						
1) 	Schools			2) 	High Schools	
3)	Quality Private Tuition			4) 	Education","38 Hampton Road, Glen Austin, Midrand, Gauteng,			
			South Africa			
						
Postal Add.		; 1685			
		 				
						
Telephone No.		; 011 023 7340 ; 2			
Fax No.		; 086 732 0516			
Cellular No.		",,admin@glenaustinhigh.co.za,
DA VINCI INSTITUTE FOR TECHNOLOGY MANAGEMENT,"Business Name		:	DA VINCI INSTITUTE FOR TECHNOLOGY MANAGEMENT			
						
Physical Add.		:	Da Vinci Hse, 16 Park Avenue, Modderfontein, Edenvale, Gauteng,			
			South Africa			
						
Postal Add.		:	PO Box 1045, 			
		 	Rivonia, 2128			
						
Telephone No.		:	011 608 1331			
Fax No.		:	011 608 1332			
Cellular No.		:				
E-Mail Add.		:	martin@davinci.ac.za			
Website Add.		:	www.davinci.ac.za			
TRADE HEADINGS						
1) 	Management Consultants			2) 	Training Institutions	
3)	Technology Infrastructure","16 Park Avenue, Modderfontein, Edenvale, Gauteng,			
			South Africa			
						
Postal Add.		; 2128			
						
Telephone No.		; 011 608 1331			
Fax No.		; 011 608 1332			
Cellular No.		",,martin@davinci.ac.za,
SONQOBA ELEVATORS SERVICES,"Business Name		:	SONQOBA ELEVATORS SERVICES			
						
Physical Add.		:	New Centre, 28 Hulbert St, Selby, Johannesburg, Gauteng, 			
			South Africa			
						
Postal Add.		:				
		 				
						
Telephone No.		:	011 056 7032			
Fax No.		:	086 609 3846			
Cellular No.		:				
E-Mail Add.		:	sonqoba@hotmail.com			
Website Add.		:				
TRADE HEADINGS						
1) 	Lift Installation & Modernisation			2) 	Lift Maintenance & Repairs	
3)	Elevators, Hoist and escalators			4) 	Lift Technicians and  Engineers","28 Hulbert St, Selby, Johannesburg, Gauteng, 			
			South Africa			
						
Postal Add.		; 011 056 7032			
Fax No.		; 086 609 3846			
Cellular No.		",,sonqoba@hotmail.com,
MDLIKIZA ELEVATORS & LIFT SERVICES,"Business Name		:	MDLIKIZA LIFTS			
						
Physical Add.		:	41 MENDIP ROAD, THE HILL, JOHANNESBURG, 2197			
						
						
Postal Add.		:	41 MENDIP ROAD, THE HILL, JOHANNESBURG, 2197			
		 				
						
Telephone No.		:	011 056 7032			
Fax No.		:	086 609 3846			
Cellular No.		:	074 849 5186			
E-Mail Add.		:	admin@mdlikiza.co.za			
Website Add.		:				
TRADE HEADINGS						
1) 	LIFT INSTALLATION & MODERNISATION			2) 	LIFT MAINTENANCE & REPAIRS	
3)	ELEVATORS, HOISTS AND ESCALATORS			4) 	LIFT TECHNICIANS & ENGINEERS","41 MENDIP ROAD, THE HILL, JOHANNESBURG, 2197			
						
						
Postal Add.		; 41 MENDIP ROAD, THE HILL, JOHANNESBURG, 2197			
		 				
						
Telephone No.		; 011 056 7032			
Fax No.		; 086 609 3846			
Cellular No.		; 074 849 5186			
E-Mail Add.		",,admin@mdlikiza.co.za,
KILOTON (Vereeniging),"Business Name		:	KILOTON (Vereeniging)			
						
Physical Add.		:	64 General Smuts Rd, Duncanville, Vereeniging, Gauteng, 			
			South Africa			
						
Postal Add.		:	PO Box 773,			
		 	Vereeniging, 1930			
						
Telephone No.		:	0861 707 707 / 016 100 4150			
Fax No.		:	016 100 5001			
Cellular No.		:				
E-Mail Add.		:	sales@kiloton.co.za			
Website Add.		:	www.kiloton.co.za			
TRADE HEADINGS						
1) 	Hydraulic Equipment & Supplies			2) 	Pneumatics	
3)	Abrasives			4) 	Power & Hand Tools","64 General Smuts Rd, Duncanville, Vereeniging, Gauteng, 			
			South Africa			
						
Postal Add.		; 1930			
						
Telephone No.		; 0861 707 707 ; 016 100 4150			
Fax No.		; 016 100 5001			
Cellular No.		",,sales@kiloton.co.za,
NATIONAL URETHANE INDUSTRIES (PTY) LTD,"Business Name		:	NATIONAL URETHANE INDUSTRIES (PTY) LTD			
						
Physical Add.		:	18 Skietlood Street, Isando, Kempton Park, Gauteng, 			
			South Africa			
						
Postal Add.		:	PO Box 323,			
		 	Edenvale, 1610			
						
Telephone No.		:	011 974 9300			
Fax No.		:	011 392 5560			
Cellular No.		:				
E-Mail Add.		:	nui@urethanes.co.za			
Website Add.		:	www.urethanes.co.za			
TRADE HEADINGS						
1) 	Polyurethane Products			2) 	Resins	
3)	Adhesives			4) 	Polyurethane Pipe Linings","18 Skietlood Street, Isando, Kempton Park, Gauteng, 			
			South Africa			
						
Postal Add.		; 1610			
						
Telephone No.		; 011 974 9300			
Fax No.		; 011 392 5560			
Cellular No.		",,nui@urethanes.co.za,
B BRAUN MEDICAL (PTY) LTD,"Business Name		:	B BRAUN MEDICAL (PTY) LTD			
						
Physical Add.		:	253 Aintree Rd, Hoogland Ext 41, North Riding, Gauteng, 			
			South Africa			
						
Postal Add.		:	P.O.  Box 1787,			
		 	Randburg 2125			
						
Telephone No.		:	010 222 3000			
Fax No.		:	010 222 3066			
Cellular No.		:				
E-Mail Add.		:	info.za@bbraun.com			
Website Add.		:	www.bbraun.com			
TRADE HEADINGS						
1) 	Medical Care Systems 			2) 	Medical & Remedial Eqpt & supplies	
3)	Surgical Dentistry & Instruments			4) 	Disposables","253 Aintree Rd, Hoogland Ext 41, North Riding, Gauteng, 			
			South Africa			
						
Postal Add.		; 2125			
						
Telephone No.		; 010 222 3000			
Fax No.		; 010 222 3066			
Cellular No.		",,info.za@bbraun.com,
A PLUS GROUP,"Business Name		:	A PLUS GROUP			
						
Physical Add.		:	Savoy Estate, 170 Corlett Dve, Bramley Manor, Johannesburg, Gauteng, 			
			South Africa			
						
Postal Add.		:				
		 				
						
Telephone No.		:	011 021 4492			
Fax No.		:				
Cellular No.		:				
E-Mail Add.		:	info@aplusgroup.co.za			
Website Add.		:				
TRADE HEADINGS						
1) 	Household Maintenance			2) 	Electrical Services	
3)	Plumbing Services","170 Corlett Dve, Bramley Manor, Johannesburg, Gauteng, 			
			South Africa			
						
Postal Add.		; 011 021 4492			
Fax No.		",,info@aplusgroup.co.za,
AZAURA JEWELLERY ( Pty ) Ltd NICOLWAY CENTRE,"Business Name		:	AZAURA JEWELLERY (PTY) Ltd			
						
Physical Add.		:	SHOP L 11, NICOLWAY CENTRE, WILLIAM NICOL DRIVE, SANDTON, GAUTENG			
						
						
Postal Add.		:	P O BOX 68568, BRYANSTON, 2021			
		 				
						
Telephone No.		:	011 465 9286			
Fax No.		:				
Cellular No.		:				
E-Mail Add.		:	info@azaura.co.za			
Website Add.		:	www.azaura.co.za			
TRADE HEADINGS						
1) 	JEWELLERY RETAIL STORE","2021			
		 				
						
Telephone No.		; 011 465 9286			
Fax No.		",,info@azaura.co.za,
AZAURA JEWELLERY (PTY) Ltd -  DAINFERN SQUARE,"Business Name		:	AZAURA JEWELLERY (PTY) Ltd -  DAINFERN SQUARE			
						
Physical Add.		:	SHOP 59, DAINFERN SQUARE, WILLIAM NICOL DRIVE, SANDTON, GAUTENG			
						
						
Postal Add.		:	P O BOX 68568, BRYANSTON, 2021			
		 				
						
Telephone No.		:	011 469 0770			
Fax No.		:				
Cellular No.		:				
E-Mail Add.		:	info@azaura.co.za			
Website Add.		:	www.azaura.co.za			
TRADE HEADINGS						
1) 	JEWELLERY RETAIL STORE","2021			
		 				
						
Telephone No.		; 011 469 0770			
Fax No.		",,info@azaura.co.za,
Wynand Nel Appliances,"Business Name		:	Wynand Nel Appliances			
						
Physical Add.		:	1355 Joy Av, Bergbron, Johannesburg, Gauteng, South Africa 			
			South Africa			
						
Postal Add.		:				
		 				
						
Telephone No.		:	011-477-0223			
Fax No.		:	011-477-0223			
Cellular No.		:				
E-Mail Add.		:	wnelappliances@vodamail.co.za			
Website Add.		:				
TRADE HEADINGS						
1) 	ELECTRICAL APPLIANCES INSTALLATIONS			2) 	APPLIANCES REPAIRS","1355 Joy Av, Bergbron, Johannesburg, Gauteng, South Africa 			
			South Africa			
						
Postal Add.		; 0223			
Fax No.		; 0223			
Cellular No.		",,wnelappliances@vodamail.co.za,
Pump Repair Services,"Business Name		:	PUMP REPAIR SERVICES			
						
Physical Add.		:	432 Greenhills Industrial Estate, Martin Crescent, tunney Ext 6, Elandsfontein			
			Germiston, Gauteng, South Africa			
						
Postal Add.		:	P O Box 6713, Homestead, 1412			
		 				
						
Telephone No.		:	011 842 5980			
Fax No.		:	011 822 1492   			
Cellular No.		:	082 449 0388      JOSE DE SOUSA			
E-Mail Add.		:	info@prs.za.com			
Website Add.		:	www.pumprepairservices.co.za			
TRADE HEADINGS						
1) 	Repairs and Pump Spares			2) 	Boilers	
3)	Borehole Services			4) 	Site Maintenance","432 Greenhills Industrial Estate, Martin Crescent, tunney Ext 6, Elandsfontein			
			Germiston, Gauteng, South Africa			
						
Postal Add.		; 1412			
		 				
						
Telephone No.		; 011 842 5980			
Fax No.		; 011 822 1492   			
Cellular No.		; 082 449 0388      JOSE DE SOUSA			
E-Mail Add.		",,info@prs.za.com,
Little Bambinos Nursery School,"Business Name		:	Little Bambinos Nursery School			
						
Physical Add.		:	12 Penzance St, New Redruth, Alberton, Gauteng, South Africa 			
			South Africa			
						
Postal Add.		:				
		 				
						
Telephone No.		:	011-869-9732			
Fax No.		:	086-692-9285			
Cellular No.		:				
E-Mail Add.		:	info@littlebambinos.co.za			
Website Add.		:				
TRADE HEADINGS						
1) 	DAYCARE NURSRY","12 Penzance St, New Redruth, Alberton, Gauteng, South Africa 			
			South Africa			
						
Postal Add.		; 9732			
Fax No.		; 9285			
Cellular No.		",,info@littlebambinos.co.za,
Little Bambinos Nursery Schools,"Business Name
			:
			Little Bambinos Nursery School
			 
		
		
			 
			 
		
		
			Physical Add.
			:
			12 Penzance St, New Redruth, Alberton, Gauteng, South Africa 
			&","12 Penzance St, New Redruth, Alberton, Gauteng, South Africa 
			",,,
TRIKAM M & P,"Business Name		:	TRIKAM M & P			
						
Physical Add.		:	24 Mint Rd, Fordsburg, Johannesburg, Gauteng,			
			South Africa			
						
Postal Add.		:				
		 				
						
Telephone No.		:	011 838 3523			
Fax No.		:	011 836 0330 			
Cellular No.		:				
E-Mail Add.		:	info@mptrikam.co.za			
Website Add.		:	www.mptrikam.co.za			
TRADE HEADINGS						
1) 	Textile Merchants			2) 	Textile Wholesale & Retail	
3)	Textile Manufacturer's 			4) 	Textile Agents And Consultants","24 Mint Rd, Fordsburg, Johannesburg, Gauteng,			
			South Africa			
						
Postal Add.		; 011 838 3523			
Fax No.		; 011 836 0330 			
Cellular No.		",,info@mptrikam.co.za,
MOTLANTHE ATTORNEYS,"Business Name		:	MOTLANTHE ATTORNEYS			
						
Physical Add.		:	4 Pheasant Street, Horison View, Roodepoort, Gauteng,			
			South Africa			
						
Postal Add.		:	PO Box 1012,			
		 	Roodepoort, 1725			
						
Telephone No.		:	011 760 3724			
Fax No.		:	087 809 5847			
Cellular No.		:				
E-Mail Add.		:	admin@motlantheinc.co.za			
Website Add.		:				
TRADE HEADINGS						
1) 	Attorneys			2) 	Notaries 	
3)	Conveyancers","4 Pheasant Street, Horison View, Roodepoort, Gauteng,			
			South Africa			
						
Postal Add.		; 1725			
						
Telephone No.		; 011 760 3724			
Fax No.		; 087 809 5847			
Cellular No.		",,admin@motlantheinc.co.za,
DIVERSE URETHANES,"Business Name		:	DIVERSE URETHANES			
						
Physical Add.		:	2a High St, Modderfontein, Gauteng,			
			South Africa			
						
Postal Add.		:	P.O.Box 328,			
		 	Modderfontein, 1645			
						
Telephone No.		:	011 608 2584			
Fax No.		:	011 608 2593			
Cellular No.		:				
E-Mail Add.		:	info@divure.co.za			
Website Add.		:				
TRADE HEADINGS						
1) 	Polyurethane Products","1645			
						
Telephone No.		; 011 608 2584			
Fax No.		; 011 608 2593			
Cellular No.		",,info@divure.co.za,
MARIE VAN COLLER ATTORNEY & CONVEYANCER,"Business Name		:	MARIE VAN COLLER ATTORNEY & CONVEYANCER			
						
Physical Add.		:	Carlsward Decor Centre Office Block Nr 5, 1 Harry Galaun Street, Midrand, Gauteng, 			
			South Africa			
						
Postal Add.		:	P O Box 50013, Halfway House, 1685			
		 				
						
Telephone No.		:	011 318 1921			
Fax No.		:				
Cellular No.		:	083 456 7444			
E-Mail Add.		:	marie@mvclaw.co.za			
Website Add.		:				
TRADE HEADINGS						
1) 	Attorneys			2) 	Conveyancers	
3)	Notaries","1 Harry Galaun Street, Midrand, Gauteng, 			
			South Africa			
						
Postal Add.		; 1685			
		 				
						
Telephone No.		; 011 318 1921			
Fax No.		; 083 456 7444			
E-Mail Add.		",,marie@mvclaw.co.za,
VOMS INDUSTRIAL,"Business Name		:	VOMS INDUSTRIAL			
						
Physical Add.		:	Cnr Minerva and Amanda Avenue Lea Glen Roodepoort			
			South Africa			
						
Postal Add.		:				
		 				
						
Telephone No.		:	011-472-4020			
Fax No.		:	011-672-2631			
Cellular No.		:				
E-Mail Add.		:	mariusj@voms.co.za/info@voms.co.za			
Website Add.		:				
TRADE HEADINGS						
1) 	GENERAL ENGINEERING			2) 	TYRE RETREADING	
3)	BRAKE RELINE PLANT","4020			
Fax No.		; 2631			
Cellular No.		",,"mariusj@voms.co.za, info@voms.co.za",
ESHETTI SAFETY CC,"Business Name		:	ESHETTI SAFETY CC			
						
Physical Add.		:	44 Elizabeth Eybers St, Ext 11 Dalpark, Brakpan, Gauteng,			
			South Africa			
						
Postal Add.		:	P.O. Box 8873,			
		 	Cinda Park 1460			
						
Telephone No.		:	011 915 0090			
Fax No.		:	086 625 4504			
Cellular No.		:	084 526 7822			
E-Mail Add.		:	support@eshetti.co.za			
Website Add.		:				
TRADE HEADINGS						
1) 	Training Centres / First Aid Training			2) 	Fire Fighting & Safety Training	
3)	Forklift Training 			4) 	Overhead Crane Training","44 Elizabeth Eybers St, Ext 11 Dalpark, Brakpan, Gauteng,			
			South Africa			
						
Postal Add.		; 1460			
						
Telephone No.		; 011 915 0090			
Fax No.		; 086 625 4504			
Cellular No.		; 084 526 7822			
E-Mail Add.		",,support@eshetti.co.za,
IMM GRADUATE SCHOOL OF MARKETING (PTY) LTD - HEAD OFFICE,"Business Name		:	IMM GRADUATE SCHOOL OF MARKETING (PTY) LTD - HEAD OFFICE			
						
Physical Add.		:	33 FROST AVENUE, CNR OWL ST, BRAAMFONTEIN WERF, BORDERING MILPARK			
			South Africa			
						
Postal Add.		:	P O BOX 91820, AUCKLAND PARK, 2006			
		 				
						
Telephone No.		:	011 628 2000			
Fax No.		:				
Cellular No.		:				
E-Mail Add.		:	info@immgsm.ac.za			
Website Add.		:	www.imm.co.za			
TRADE HEADINGS						
1) 	Academic Colleges			2) 	Advertising Consultancy	
3)	Business Training Colleges","33 FROST AVENUE, CNR OWL ST, BRAAMFONTEIN WERF, BORDERING MILPARK			
			South Africa			
						
Postal Add.		; 2006			
		 				
						
Telephone No.		; 011 628 2000			
Fax No.		",,info@immgsm.ac.za,
BAMBOO WAREHOUSE (Johannesburg),"Business Name		:	BAMBOO WAREHOUSE (Johannesburg)			
						
Physical Add.		:	182 Republic Rd, Fontainebleau, Randburg, Johannesburg, Gauteng, 			
			South Africa			
						
Postal Add.		:				
		 				
						
Telephone No.		:	011 792 7388			
Fax No.		:				
Cellular No.		:				
E-Mail Add.		:	pierre@bamboowarehouse.co.za 			
Website Add.		:	www.bamboowarehouse.co.za			
TRADE HEADINGS						
1) 	Bamboo Flooring			2) 	Bamboo Countertops	
3)	Bamboo Decking			4) 	Bamboo Fencing","182 Republic Rd, Fontainebleau, Randburg, Johannesburg, Gauteng, 			
			South Africa			
						
Postal Add.		; 011 792 7388			
Fax No.		",,pierre@bamboowarehouse.co.za,
BARKER DELIA PHYSIOTHERAPISTS,"Business Name		:	BARKER DELIA PHYSIOTHERAPISTS			
						
Physical Add.		:	23 Mondeor Place,  Canford Av, Mondeor, Johannesburg, Gauteng,			
			South Africa			
						
Postal Add.		:				
		 				
						
Telephone No.		:	011 680 2505			
Fax No.		:	086 512 1953			
Cellular No.		:	083 259 4224			
E-Mail Add.		:	deliabarker@icon.co.za			
Website Add.		:				
TRADE HEADINGS						
1) 	Physiotherapists","23 Mondeor Place,  Canford Av, Mondeor, Johannesburg, Gauteng,			
			South Africa			
						
Postal Add.		; 011 680 2505			
Fax No.		; 086 512 1953			
Cellular No.		; 083 259 4224			
E-Mail Add.		",,deliabarker@icon.co.za,
LJ TRADING & PROJECTS,"Business Name		:	LJ TRADING & PROJECTS			
						
Physical Add.		:	Shop No.2 141 Webber Road,Lambton,Germiston. 1401			
			South Africa			
						
Postal Add.		:				
		 				
						
Telephone No.		:	011 824 1943			
Fax No.		:				
Cellular No.		:	 082 054 0238			
E-Mail Add.		:	jabulani.sibanda@ljtrading.co.za			
Website Add.		:	www.ljtrading.co.za			
TRADE HEADINGS						
1) 	Electrical Supplies and Equipment			2) 	Fuse boards/upgrades or replacements	
3)	New machinery installations			4) 	Generator installations and repairs etc	
5) 	New Building Installations			6) 	Substation Construction & Maintenance","2 141 Webber Road,Lambton,Germiston. 1401			
			South Africa			
						
Postal Add.		; 011 824 1943			
Fax No.		; 082 054 0238			
E-Mail Add.		",,jabulani.sibanda@ljtrading.co.za,
LIVEWIRE POWER PROJECTS,"Business Name		:	LIVEWIRE POWER PROJECTS			
						
Physical Add.		:	30 Baksteen Road, Clayville, Midrand, Gauteng 			
			South Africa			
						
Postal Add.		:	PO Box 8683 			
		 	Centurion, 0046 			
						
Telephone No.		:	011 316 7873 			
Fax No.		:	011 316 7860… 086 556 7476			
Cellular No.		:				
E-Mail Add.		:	portia@hvtco.za			
Website Add.		:	www.llp.co.za			
TRADE HEADINGS						
1) 	electrical engineers			2) 	civil and earthworks	
3)	overhead lineworks			4) 	high voltage testing","30 Baksteen Road, Clayville, Midrand, Gauteng 			
			South Africa			
						
Postal Add.		; 8683 			
		 	Centurion, 0046 			
						
Telephone No.		; 011 316 7873 			
Fax No.		; 011 316 7860; 086 556 7476			
Cellular No.		",,portia@hvtco.za,
PHYSIOTHERAPIST 4 YOU,"Business Name		:	PHYSIOTHERAPIST 4 YOU			
						
Physical Add.		:	Lenmed Private Hospital Suite C15, K43 Highway, Lenasia, Gauteng,			
			South Africa			
						
Postal Add.		:				
		 				
						
Telephone No.		:	011 852 8690			
Fax No.		:				
Cellular No.		:				
E-Mail Add.		:	dm.physio4you@gmail.com			
Website Add.		:				
TRADE HEADINGS						
1) 	Physiotherapists","4 YOU			
						
Physical Add.		; 43 Highway, Lenasia, Gauteng,			
			South Africa			
						
Postal Add.		; 011 852 8690			
Fax No.		",,dm.physio4you@gmail.com,
IMPACT CLEANING cc - GAUTENG,"Business Name		:	IMPACT CLEANING			
						
Physical Add.		:	401 Cork Ave, Ferndale, Randburg, Gauteng, South Africa			
			South Africa			
						
Postal Add.		:	PO Box 890 Ferndale Randburg 2160			
		 				
						
Telephone No.		:	011-793-1126			
Fax No.		:	011-793-1405			
Cellular No.		:				
E-Mail Add.		:	trevor@impactcleaning.co.za/accounts@impactcleaning.co.za			
Website Add.		:	 www.impactcleaning.co.za			
TRADE HEADINGS						
1) 	CLEANING SERVICES			2) 	ONCE OFF CLEANING	
3)	CARPET CLEANING			4) 	WINDOW CLEANING","401 Cork Ave, Ferndale, Randburg, Gauteng, South Africa			
			South Africa			
						
Postal Add.		; 890 Ferndale Randburg 2160			
		 				
						
Telephone No.		; 1126			
Fax No.		; 1405			
Cellular No.		",,"trevor@impactcleaning.co.za, accounts@impactcleaning.co.za",
J.P.MULLER PLUMBERS,"Business Name		:	J.P.MULLER PLUMBERS			
						
Physical Add.		:	29 HENDRIK STREET, SUNFAIR PARK, BRAKPAN			
			South Africa			
						
Postal Add.		:				
		 				
						
Telephone No.		:	011 743 2067			
Fax No.		:	086 667 5721			
Cellular No.		:	083 961 5721			
E-Mail Add.		:	anita@jpmullerplumbers.co.za			
Website Add.		:				
TRADE HEADINGS						
1) 	PLUMBING CONTRACTORS			2) 	SANITARY ENGINEERS","29 HENDRIK STREET, SUNFAIR PARK, BRAKPAN			
			South Africa			
						
Postal Add.		; 011 743 2067			
Fax No.		; 086 667 5721			
Cellular No.		; 083 961 5721			
E-Mail Add.		",,anita@jpmullerplumbers.co.za,
FASTRAK TRADING 134C,"Business Name		:	FASTRAK TRADING 134C			
						
Physical Add.		:	10 Motorcity, 4/393 langwa str, strijdom park, randburg, gauteng			
			South Africa			
						
Postal Add.		:				
		 				
						
Telephone No.		:	011 791 3485			
Fax No.		:	086 550 5564			
Cellular No.		:				
E-Mail Add.		:	bailey@wardgroup.co.za			
Website Add.		:	www.supaquick.co.za			
TRADE HEADINGS						
1) 	Tyres","10 Motorcity, 4; 393 langwa str, strijdom park, randburg, gauteng			
			South Africa			
						
Postal Add.		; 011 791 3485			
Fax No.		; 086 550 5564			
Cellular No.		",,bailey@wardgroup.co.za,
Nicol Plumbers CC,"Business Name		:	Nicol Plumbers CC			
						
Physical Add.		:	Section, 13a Nicol Road, Gauteng, Bedfordview, Gauteng			
			South Africa			
						
Postal Add.		:				
		 				
						
Telephone No.		:	0116226021			
Fax No.		:	0116226157			
Cellular No.		:	0832259426			
E-Mail Add.		:	matthews@wol.co.za			
Website Add.		:				
TRADE HEADINGS						
1) 	24 hour plumbers			2) 	24 hour plumber	
3)	24 hour plumbers			4) 	24 hour plumbers","0116226021			
Fax No.		; 0116226157			
Cellular No.		; 0832259426			
E-Mail Add.		; 24 hour plumbers			2; 24 hour plumber	
3; 24 hour plumbers			4; 24 hour plumbers",,matthews@wol.co.za,
WEZI FINANCIAL ADVISORS,"Business Name		:	WEZI FINANCIAL ADVISORS			
						
Physical Add.		:	1724 Galahad Str, Dawn Park, Boksburg, Gauteng,			
			Gauteng, South Africa			
						
Postal Add.		:				
		 				
						
Telephone No.		:	011 041 0199			
Fax No.		:				
Cellular No.		:	073 006 8932			
E-Mail Add.		:	info@wezifin.co.za			
Website Add.		:	www.wezifin.co.za			
TRADELISTING						
1) 	PERSONAL & BUSINESS INSURANCE 			2) 	PENSION, RETIREMENT 	
3)	LIFE COVER			4) 	MEDICAL AID","1724 Galahad Str, Dawn Park, Boksburg, Gauteng,			
			Gauteng, South Africa			
						
Postal Add.		; 011 041 0199			
Fax No.		; 073 006 8932			
E-Mail Add.		",,info@wezifin.co.za,
AA SOLWANDLE ATTORNEYS,"Business Name		:	AA SOLWANDLE ATTORNEYS			
						
Physical Add.		:	3B Anthony Ave, Buccleuch, Sandton, Gauteng,			
			South Africa			
						
Postal Add.		:	PO Box 110, 			
		 	Kelvin, 2054			
						
Telephone No.		:	011 656 4740			
Fax No.		:	011 656 4741			
Cellular No.		:	073 500 1219			
E-Mail Add.		:	aasolwandle@me.com			
Website Add.		:				
TRADE HEADINGS						
1) 	Attorneys			2) 	Conveyancers	
3)	Notaries","2054			
						
Telephone No.		; 011 656 4740			
Fax No.		; 011 656 4741			
Cellular No.		; 073 500 1219			
E-Mail Add.		",,aasolwandle@me.com,
SAVERITE  ELLIS PARK,"Business Name		:	SAVERITE ELLIS PARK			
						
Physical Add.		:	 25 Romsey Grve, Athlone, Durban			
						
						
Postal Add.		:				
		 				
						
Telephone No.		:	031 564 1111			
Fax No.		:				
Cellular No.		:	073 332 5096			
E-Mail Add.		:	ellispark1111@telkomsa.net			
Website Add.		:				
TRADE HEADINGS						
1) 	RETAIL SUPERMARKET","25 Romsey Grve, Athlone, Durban			
						
						
Postal Add.		; 031 564 1111			
Fax No.		; 073 332 5096			
E-Mail Add.		",,ellispark1111@telkomsa.net,
QUICKSURE (PTY) LTD (Head Office),"Business Name		:	QUICKSURE (PTY) LTD (Head Office)			
						
Physical Add.		:	324 Prince George Av, Brakpan, Gauteng,			
			South Africa			
						
Postal Add.		:	PO Box 4060,			
		 	Dalpark, 1543			
						
Telephone No.		:	011 748 4700			
Fax No.		:	011 740 6020			
Cellular No.		:				
E-Mail Add.		:	info@quicksure.co.za			
Website Add.		:	www.quicksure.co.za			
TRADE HEADINGS						
1) 	Financial Brokers			2) 	Insurance Brokers","324 Prince George Av, Brakpan, Gauteng,			
			South Africa			
						
Postal Add.		; 1543			
						
Telephone No.		; 011 748 4700			
Fax No.		; 011 740 6020			
Cellular No.		",,info@quicksure.co.za,
SUPA QUICK STRIJDOM PARK,"Business Name		:	SUPA QUICK STRIJDOM PARK			
						
Physical Add.		:	10 MOTORCITY 4/393 LANGWA STREET, STRIJDOM PARK, RANDBURG, GAUTENG			
						
						
Postal Add.		:	P O BOX 668, FERNDALE, 2160			
		 				
						
Telephone No.		:	011 792 4455			
Fax No.		:	086 550 5564			
Cellular No.		:				
E-Mail Add.		:	bailey@wardgroup.co.za     / accs2@wardgroup.co.za			
Website Add.		:	www.supaquick.co.za			
TRADE HEADINGS						
1) 	TYRES			2) 	SHOCKS	
3)	BATTERIES			4) 	EXHAUSTS","10 MOTORCITY 4; 393 LANGWA STREET, STRIJDOM PARK, RANDBURG, GAUTENG			
						
						
Postal Add.		; 2160			
		 				
						
Telephone No.		; 011 792 4455			
Fax No.		; 086 550 5564			
Cellular No.		",,"bailey@wardgroup.co.za, accs2@wardgroup.co.za",
FEDEX EXPRESS,"Business Name		:	FEDEX EXPRESS			
						
Physical Add.		:	 1 Fleming Rd, Meadowdale, Germiston			
						
						
Postal Add.		:				
		 				
						
Telephone No.		:	087 742 8001			
Fax No.		:				
Cellular No.		:				
E-Mail Add.		:	lerato.moeletsi-banda@fedex.com			
Website Add.		:				
TRADE HEADINGS						
1) 	LOCAL DELIVERY			2) 	TRANSPORT BROKERS 	
3)	COURIER SERVICE			4) 	AIRFREIGHT","1 Fleming Rd, Meadowdale, Germiston			
						
						
Postal Add.		; 087 742 8001			
Fax No.		",,lerato.moeletsi-banda@fedex.com,
MOTORITE INSURANCE ADMINISTRATORS (PTY) LTD (Johannesburg),"Business Name		:	MOTORITE INSURANCE ADMINISTRATORS (PTY) LTD (Johannesburg)			
						
Physical Add.		:	Nanyuki Office Park, 69 Nanyuki Rd, Sunninghill, Sandton, Johannesburg, Gauteng, 			
			South Africa			
						
Postal Add.		:				
		 				
						
Telephone No.		:	011 259 4800 			
Fax No.		:	011 259 4855			
Cellular No.		:				
E-Mail Add.		:				
Website Add.		:				
TRADE HEADINGS						
1) 	Insurance Brokers","69 Nanyuki Rd, Sunninghill, Sandton, Johannesburg, Gauteng, 			
			South Africa			
						
Postal Add.		; 011 259 4800 			
Fax No.		; 011 259 4855			
Cellular No.		",,,
LMC EXPRESS - GAUTENG,"Business Name		:	LMC EXPRESS			
						
Physical Add.		:	E10 ROUTE 24 (SANLAM BUILDING), 50 HERMAN ST, MEADOWDALE, GERMISTON,			
						
						
Postal Add.		:				
		 				
						
Telephone No.		:	011 974 6428			
Fax No.		:				
Cellular No.		:				
E-Mail Add.		:	lizette@Imcexpress.co.za			
Website Add.		:				
TRADE HEADINGS						
1) 	LOCAL DELIVERY			2) 	TRANSPORT BROKERS 	
3)	COURIER SERVICE			4) 	AIRFREIGHT","10 ROUTE 24 ; 50 HERMAN ST, MEADOWDALE, GERMISTON,			
						
						
Postal Add.		; 011 974 6428			
Fax No.		",,lizette@Imcexpress.co.za,
MORGAN CARGO - GAUTENG,"Business Name		:	MORGAN CARGO			
						
Physical Add.		:	Warehouse 1 Perishable Cargo Triangle Northern Perimeter Road OR Tambo Airport Kempton Park Johannesburg 1627			
						
						
Postal Add.		:				
		 				
						
Telephone No.		:	011 90 9200			
Fax No.		:				
Cellular No.		:				
E-Mail Add.		:	schalk@morgancargo.com			
Website Add.		:				
TRADE HEADINGS						
1) 	LOCAL DELIVERY			2) 	TRANSPORT BROKERS 	
3)	COURIER SERVICE			4) 	AIRFREIGHT","1 Perishable Cargo Triangle Northern Perimeter Road OR Tambo Airport Kempton Park Johannesburg 1627			
						
						
Postal Add.		; 011 90 9200			
Fax No.		",,schalk@morgancargo.com,
Harvey World Travel Head Office - Centurion,"Business Name		:	Harvey World Travel			
						
Physical Add.		:	Harvey House, 354 Hippo Avenue, Zwartkp Ext 7, Centurion, Gauteng, South Africa 			
			South Africa			
						
Postal Add.		:				
		 				
						
Telephone No.		:	012-346-6404			
Fax No.		:	012-346-6420			
Cellular No.		:				
E-Mail Add.		:	management@harveyworld.co.za			
Website Add.		:				
TRADE HEADINGS						
1) 	TRAVEL SERVICE			2) 	TRAVEL AGENCY	
3)	TRAVEL BROKERS			4) 	ACCOMMODATION","354 Hippo Avenue, Zwartkp Ext 7, Centurion, Gauteng, South Africa 			
			South Africa			
						
Postal Add.		; 6404			
Fax No.		; 6420			
Cellular No.		",,management@harveyworld.co.za,
Weltevreden Fencing,"Business Name		:	Weltevreden Fencing			
						
Physical Add.		:	173 Hebel Rd, Roodepoort West, Roodepoort, Gauteng, South Africa 			
			South Africa			
						
Postal Add.		:				
		 				
						
Telephone No.		:	011-763-4014			
Fax No.		:				
Cellular No.		:				
E-Mail Add.		:	admin@weltfence.co.za			
Website Add.		:				
TRADE HEADINGS						
1) 	SECURITY FENCING			2) 	RAZOR WIRE	
3)	ELECTRIC FENCING			4) 	 FENCING CONTRACTORS","173 Hebel Rd, Roodepoort West, Roodepoort, Gauteng, South Africa 			
			South Africa			
						
Postal Add.		; 4014			
Fax No.		",,admin@weltfence.co.za,
Vanlect Electrical Systems CC,"Business Name		:	Vanlect Electrical Systems CC			
						
Physical Add.		:	No 3, 5th street, Booysens Reserve			
			South Africa			
						
Postal Add.		:	P O Box 39690, Booysens, 2016			
		 				
						
Telephone No.		:	0114961475 /  011 835 3053			
Fax No.		:	011 496 1476			
Cellular No.		:	0836009905			
E-Mail Add.		:	vanlect@iafrica.com			
Website Add.		:				
TRADE HEADINGS						
1) 	design installation,electrical appliance			2) 	electrical components 	
3)	electrical contractor			4) 	electrical contractor services","2016			
		 				
						
Telephone No.		; 011 835 3053			
Fax No.		; 011 496 1476			
Cellular No.		; 0836009905			
E-Mail Add.		",,vanlect@iafrica.com,
NESS CONSULTING (PTY) LTD (Head Office Johannesburg),"Business Name		:	NESS CONSULTING (PTY) LTD (Head Office Johannesburg)			
						
Physical Add.		:	19th Floor, 222 Smit Street, Braamfontein, Johannesburg, Gauteng,			
			South Africa 2001			
						
Postal Add.		:	P O Box 61647			
		 	Marshalltown			
						
Telephone No.		:	011 715 9700			
Fax No.		:	086 683 1414			
Cellular No.		:				
E-Mail Add.		:	info@nessgroup.co.za			
Website Add.		:	www.nessgroup.co.za			
TRADE HEADINGS						
1) 	Financial Consultants			2) 	Insurance Brokers	
3)	Financial Advisors","222 Smit Street, Braamfontein, Johannesburg, Gauteng,			
			South Africa 2001			
						
Postal Add.		; 61647			
		 	Marshalltown			
						
Telephone No.		; 011 715 9700			
Fax No.		; 086 683 1414			
Cellular No.		",,info@nessgroup.co.za,
MUSA CAPITAL ADVISORS (PTY) LTD,"Business Name		:	MUSA CAPITAL ADVISORS (PTY) LTD			
						
Physical Add.		:	Block 3, Commerce Square, 3rd Floor, 39 Rivonia Road, Sandhurst, Johannesburg, Gauteng,			
			South Africa			
						
Postal Add.		:				
		 				
						
Telephone No.		:	011 771 6300			
Fax No.		:	011 771 6333			
Cellular No.		:				
E-Mail Add.		:	Info@musacapital.com			
Website Add.		:	www.musacapital.com			
TRADE HEADINGS						
1) 	Financial Brokers			2) 	Financial Advisers	
3)	Investment Solutions					
Business Name		:	MUSA CAPITAL ADVISORS (PTY) LTD			
						
Physical Add.		:	Block 3, Commerce Square, 3rd Floor, 39 Rivonia Road, Sandhurst, Johannesburg, Gauteng,			
			South Africa			
						
Postal Add.		:				
		 				
						
Telephone No.		:	011 771 6300			
Fax No.		:	011 771 6333			
Cellular No.		:				
E-Mail Add.		:	Info@musacapital.com			
Website Add.		:	www.musacapital.com			
TRADE HEADINGS						
1) 	Financial Brokers			2) 	Financial Advisers	
3)	Investment Solutions","39 Rivonia Road, Sandhurst, Johannesburg, Gauteng,			
			South Africa			
						
Postal Add.		; 011 771 6300			
Fax No.		; 011 771 6333			
Cellular No.		; 39 Rivonia Road, Sandhurst, Johannesburg, Gauteng,			
			South Africa			
						
Postal Add.		; 011 771 6300			
Fax No.		; 011 771 6333			
Cellular No.		",,"Info@musacapital.com, Info@musacapital.com",
HATCH AFRICA (PTY) LTD - JOHANNESBURG,"Business Name
			:
			HATCH AFRICA (PTY) LTD  - JOHANNESBURG
			 
		
		
			 
			 
		
		
			Physical Add.
			:
			58 EMERALD PARKWAY ROAD, GREENSTONE HILL, JOHANNESBURG","58 EMERALD PARKWAY ROAD, GREENSTONE HILL, JOHANNESBURG",,,
ROWLIN NATIONAL BROKERS (PTY) LTD,"Business Name		:	ROWLIN NATIONAL BROKERS (PTY) LTD			
						
Physical Add.		:	37 Lakefield Av, Lakefield, Benoni, Gauteng,			
			South Africa			
						
Postal Add.		:	P.O. Box 14656, Farrarmere,			
		 	Benoni, 1518			
						
Telephone No.		:	011 306 3700 / 0861 769 546			
Fax No.		:	011 918 5777			
Cellular No.		:				
E-Mail Add.		:	info@rowlin.co.za			
Website Add.		:	www.rowlin.co.za			
TRADE HEADINGS						
1) 	Insurance Brokers			2) 	Risk Advisory Services	
3)	Financial Consultants","37 Lakefield Av, Lakefield, Benoni, Gauteng,			
			South Africa			
						
Postal Add.		; 1518			
						
Telephone No.		; 011 306 3700 ; 0861 769 546			
Fax No.		; 011 918 5777			
Cellular No.		",,info@rowlin.co.za,
MZULI PROJECTS,"Business Name		:	MZULI PROJECTS			
						
Physical Add.		:	4 2nd STREET, ORANGE GROVE, JHB			
			South Africa			
						
Postal Add.		:				
		 				
						
Telephone No.		:	011 025 7647			
Fax No.		:	086 548 2846			
Cellular No.		:	071 792 2256			
E-Mail Add.		:	curtis@mzuli.co.za			
Website Add.		:	www.gautengbuilds.co.za			
TRADE HEADINGS						
1) 	building contractors			2) 	Building Renovations/ Alterations	
3)	Waterproofing / Damp Proofing			4) 	Floors, Painting, Plumbing","4 2nd STREET, ORANGE GROVE, JHB			
			South Africa			
						
Postal Add.		; 011 025 7647			
Fax No.		; 086 548 2846			
Cellular No.		; 071 792 2256			
E-Mail Add.		",,curtis@mzuli.co.za,
YAKHANI ENTERPRISES (PTY) LTD,"Business Name		:	YAKHANI ENTERPRISES (PTY) LTD			
						
Physical Add.		:	1389-4 Mazel Ave, Leachville, Brakpan, Gauteng			
			South Africa			
						
Postal Add.		:				
		 				
						
Telephone No.		:				
Fax No.		:				
Cellular No.		:	072 863 4586			
E-Mail Add.		:	boy.mash.bm@gmail.com			
Website Add.		:				
TRADE HEADINGS						
1) 	cleaners			2) 	office cleaning	
3)	deep cleaning			4) 	cleaning services","4 Mazel Ave, Leachville, Brakpan, Gauteng			
			South Africa			
						
Postal Add.		; 072 863 4586			
E-Mail Add.		",,boy.mash.bm@gmail.com,
Monde Lekoma Trading,"Business Name		:	Monde Lekoma Trading			
						
Physical Add.		:	2044 Motha St, Orlando East, Soweto, Gauteng			
			South Africa			
						
Postal Add.		:				
		 				
						
Telephone No.		:				
Fax No.		:				
Cellular No.		:	072 328 4742 / 073 515 5552 / 073 515 5552			
E-Mail Add.		:	mondelekomatrading@gmail.com			
Website Add.		:				
TRADE HEADINGS						
1) 	welding, paving, boiler making			2) 	building services	
3)	plumbing and electrical services			4) 	aluminium and glazing","2044 Motha St, Orlando East, Soweto, Gauteng			
			South Africa			
						
Postal Add.		; 072 328 4742 ; 073 515 5552 ; 073 515 5552			
E-Mail Add.		",,mondelekomatrading@gmail.com,
ANALT CONSTRUCTION,"Business Name		:	ANALT CONSTRUCTION			
						
Physical Add.		:	Office 1002, 6 Bruce Street, Parktown, Johannesburg, Gauteng			
			South Africa			
						
Postal Add.		:	6 Bruce Street, Parktown, Johannesburg, Gauteng			
		 				
						
Telephone No.		:	011 484 0463			
Fax No.		:				
Cellular No.		:	081 585 0225 / 073 258 6616			
E-Mail Add.		:	analtconstruction@mailbox.co.za , anplumbelectric68@gmail.com			
Website Add.		:				
TRADE HEADINGS						
1) 	burst pipes, geysers,solar geysers			2) 	plumbers and sanitary engineers	
3)	drain repairs, geysers, installations			4) 	roofing, maintenance & renovations","6 Bruce Street, Parktown, Johannesburg, Gauteng			
			South Africa			
						
Postal Add.		; 6 Bruce Street, Parktown, Johannesburg, Gauteng			
		 				
						
Telephone No.		; 011 484 0463			
Fax No.		; 081 585 0225 ; 073 258 6616			
E-Mail Add.		",,"analtconstruction@mailbox.co.za, anplumbelectric68@gmail.com",
JURGENS GROUP,"Business Name		:	JURGENS GROUP			
						
Physical Add.		:	Jurgens Finance Hse, 15 Bradford Rd, Bedfordview,  Gauteng,			
			South Africa			
						
Postal Add.		:	PO Box 75470, Gardenview			
		 	Johannesburg, 2047			
						
Telephone No.		:	011 622 2061			
Fax No.		:	011 616 6673			
Cellular No.		:				
E-Mail Add.		:	info@jg.co.za			
Website Add.		:	www.jurgensgroup.co.za			
TRADE HEADINGS						
1) 	Financial Brokers			2) 	Financial Advisers	
3)	Insurance Brokers			4) 	Risk Management Consultants","15 Bradford Rd, Bedfordview,  Gauteng,			
			South Africa			
						
Postal Add.		; 2047			
						
Telephone No.		; 011 622 2061			
Fax No.		; 011 616 6673			
Cellular No.		",,info@jg.co.za,
JURGENS GROUP GAUTENG,"Business Name		:	JURGENS GROUP			
						
Physical Add.		:	Jurgens Finance Hse, 15 Bradford Rd, Bedfordview,  Gauteng,			
			South Africa			
						
Postal Add.		:	PO Box 75470, Gardenview			
		 	Johannesburg, 2047			
						
Telephone No.		:	011 622 2061			
Fax No.		:	011 616 6673			
Cellular No.		:				
E-Mail Add.		:	info@jg.co.za			
Website Add.		:	www.jurgensgroup.co.za			
TRADE HEADINGS						
1) 	Financial Brokers			2) 	Financial Advisers	
3)	Insurance Brokers			4) 	Risk Management Consultants","15 Bradford Rd, Bedfordview,  Gauteng,			
			South Africa			
						
Postal Add.		; 2047			
						
Telephone No.		; 011 622 2061			
Fax No.		; 011 616 6673			
Cellular No.		",,info@jg.co.za,
ETHOS PRIVATE EQUITY (PTY) LTD,"Business Name		:	ETHOS PRIVATE EQUITY (PTY) LTD			
						
Physical Add.		:	35 Fricker Rd, Illovo, Sandton, Gauteng,			
			South Africa			
						
Postal Add.		:	PO Box 9773,			
		 	Johannesburg, 2000			
						
Telephone No.		:	011 328 7400			
Fax No.		:	011 328 7410			
Cellular No.		:				
E-Mail Add.		:	cwilkinson@ethos.co.za			
Website Add.		:	www.ethos.co.za			
TRADE HEADINGS						
1) 	Financial Consultants			2) 	Financial Services	
3)	Investments","35 Fricker Rd, Illovo, Sandton, Gauteng,			
			South Africa			
						
Postal Add.		; 2000			
						
Telephone No.		; 011 328 7400			
Fax No.		; 011 328 7410			
Cellular No.		",,cwilkinson@ethos.co.za,
IMMANUEL MAKELAARS,"Business Name		:	IMMANUEL MAKELAARS			
						
Physical Add.		:	220 Burger Street, Pretoria North, Pretoria, Gauteng, 			
			South Africa			
						
Postal Add.		:	PO Box 17962, Pretoria North,			
		 	Pretoria, 0116			
						
Telephone No.		:	012 546 8384			
Fax No.		:	012 546 8387			
Cellular No.		:				
E-Mail Add.		:	annelize@imman.co.za			
Website Add.		:				
TRADE HEADINGS						
1) 	Insurance Brokers			2)","220 Burger Street, Pretoria North, Pretoria, Gauteng, 			
			South Africa			
						
Postal Add.		; 0116			
						
Telephone No.		; 012 546 8384			
Fax No.		; 012 546 8387			
Cellular No.		",,annelize@imman.co.za,
XL Michelle's Travel (Pty) Ltd,"Business Name		:	XL Michelle's Travel (Pty) Ltd			
						
Physical Add.		:	243 Rondebult Rd, Farrar Park, Boksburg, Gauteng, South Africa 			
			South Africa			
						
Postal Add.		:				
		 				
						
Telephone No.		:	011-913-3290			
Fax No.		:	011-913-1293			
Cellular No.		:				
E-Mail Add.		:	dalep@michellestravelb.co.za			
Website Add.		:				
TRADE HEADINGS						
1) 	TRAVEL SERVICES			2) 	TRAVEL BROKERS	
3)	TRAVEL CONSULTANTS			4) 	ACCOMODATION","243 Rondebult Rd, Farrar Park, Boksburg, Gauteng, South Africa 			
			South Africa			
						
Postal Add.		; 3290			
Fax No.		; 1293			
Cellular No.		",,dalep@michellestravelb.co.za,
SOUTHSURE BROKERS (PTY) LTD (Johannesburg),"Business Name		:	SOUTHSURE BROKERS (PTY) LTD (Johannesburg)			
						
Physical Add.		:	Woodlands Office Park, 20 Woodlands Drive, Woodmead, Johannesburg, Gauteng,			
			South Africa			
						
Postal Add.		:				
		 				
						
Telephone No.		:	011 806 5916			
Fax No.		:	011 806 5518			
Cellular No.		:				
E-Mail Add.		:	nick@southsure.co.za			
Website Add.		:				
TRADE HEADINGS						
1) 	Insurance Brokers","20 Woodlands Drive, Woodmead, Johannesburg, Gauteng,			
			South Africa			
						
Postal Add.		; 011 806 5916			
Fax No.		; 011 806 5518			
Cellular No.		",,nick@southsure.co.za,
CONSTANTIA INSURANCE CO LTD (Head Office),"Business Name		:	CONSTANTIA INSURANCE CO LTD (Head Office)			
						
Physical Add.		:	2 Bruton Road, Bryanston, Johannesburg, Gauteng,			
			South Africa			
						
Postal Add.		:	PO Box 3518,			
		 	Cramerview, 2060			
						
Telephone No.		:	011 686 4200			
Fax No.		:	011 789 8828			
Cellular No.		:				
E-Mail Add.		:	facilities@constantiagroup.co.za			
Website Add.		:	www.constantiagroup.co.za			
TRADE HEADINGS						
1) 	Insurance Brokers			2) 	Financial Services	
3)	Risk Management","2 Bruton Road, Bryanston, Johannesburg, Gauteng,			
			South Africa			
						
Postal Add.		; 2060			
						
Telephone No.		; 011 686 4200			
Fax No.		; 011 789 8828			
Cellular No.		",,facilities@constantiagroup.co.za,
ACE INSURANCE LIMITED,"Business Name		:	ACE INSURANCE LIMITED			
						
Physical Add.		:	Hunts End Office Park, 38 Wierda Road West, Wierda Valley, Sandton, Gauteng,			
			South Africa			
						
Postal Add.		:	P.O. Box 1192,			
		 	Saxonwold, 2132			
						
Telephone No.		:	011 722 5700			
Fax No.		:	011 783 0812			
Cellular No.		:				
E-Mail Add.		:	charmaine.moreira@acegroup.com			
Website Add.		:				
TRADE HEADINGS						
1) 	Insurance Brokers","38 Wierda Road West, Wierda Valley, Sandton, Gauteng,			
			South Africa			
						
Postal Add.		; 2132			
						
Telephone No.		; 011 722 5700			
Fax No.		; 011 783 0812			
Cellular No.		",,charmaine.moreira@acegroup.com,
LSF BROKERS (PTY) LTD,"Business Name		:	LSF BROKERS (PTY)LTD			
						
Physical Add.		:	Telscef Dara House, 5 Conrad Drive , Blairgowrie, Gauteng,			
			South Africa			
						
Postal Add.		:	PO Box 3223, 			
		 	Cresta, 2118			
						
Telephone No.		:	011 789 6799			
Fax No.		:	011 789 5199			
Cellular No.		:				
E-Mail Add.		:	lsf@wol.co.za			
Website Add.		:				
TRADE HEADINGS						
1) 	Insurance Brokers","5 Conrad Drive , Blairgowrie, Gauteng,			
			South Africa			
						
Postal Add.		; 2118			
						
Telephone No.		; 011 789 6799			
Fax No.		; 011 789 5199			
Cellular No.		",,lsf@wol.co.za,
PAN SOLUTIONS (Johannesburg Head Office),"Business Name		:	PAN SOLUTIONS (Johannesburg Head Office)			
						
Physical Add.		:	Unit 12A, Growthpoint Business Park,  Tonnetti Street, Halfway House, Midrand, Johannesburg,			
			Gauteng, South Africa			
						
Postal Add.		:	PO Box 1198, Halfway House,			
		 	Midrand, 1685			
						
Telephone No.		:	0861 177 777 / 011 313 1400			
Fax No.		:	011 313 1609			
Cellular No.		:				
E-Mail Add.		:	info@pansolutions.co.za			
Website Add.		:	www.pansolutions.co.za			
TRADE HEADINGS						
1) 	Audio Visual Aids			2) 	Communication Equipment/Systems	
3)	Printing Solutions			4) 	Software Solutions","1685			
						
Telephone No.		; 0861 177 777 ; 011 313 1400			
Fax No.		; 011 313 1609			
Cellular No.		",,info@pansolutions.co.za,
CHEMETRIX (PTY) LTD (Johannesburg),"Business Name		:	CHEMETRIX (PTY) LTD (Johannesburg)			
						
Physical Add.		:	Central Park, 400 16th Rd, Midrand, Johannesburg, Gauteng, 			
			South Africa			
						
Postal Add.		:	P O Box 5226,			
		 	Halfway House, 1685			
						
Telephone No.		:	011 541 9801			
Fax No.		:	011 541 9802			
Cellular No.		:				
E-Mail Add.		:	lynnettel@chemetrix.co.za			
Website Add.		:	www.chemetrix.co.za			
TRADE HEADINGS						
1) 	Chemistry Laboratory Testing 			2) 	Chemical Analysis	
3)	Chromatography			4) 	Chemistry Laboratory Consulting","400 16th Rd, Midrand, Johannesburg, Gauteng, 			
			South Africa			
						
Postal Add.		; 1685			
						
Telephone No.		; 011 541 9801			
Fax No.		; 011 541 9802			
Cellular No.		",,lynnettel@chemetrix.co.za,
AEC-AMERSHAM SOC LTD,"Business Name		:	AEC-AMERSHAM SOC LTD			
						
Physical Add.		:	No 6 Indianapolis Street, Kyalami Business Park, Midrand, Gauteng,			
			South Africa			
						
Postal Add.		:	Postnet 219 , Private Bag X11, Halfway House 1685			
		 				
						
Telephone No.		:	011 691 6500			
Fax No.		:	011 691 6511			
Cellular No.		:				
E-Mail Add.		:	support@aecam.co.za			
Website Add.		:	www.aecam.co.za			
TRADE HEADINGS						
1) 	Laboratory Equipment & Supplies			2) 	Scientific Equipment & Supplies","6 Indianapolis Street, Kyalami Business Park, Midrand, Gauteng,			
			South Africa			
						
Postal Add.		; 219 , Private Bag X11, Halfway House 1685			
		 				
						
Telephone No.		; 011 691 6500			
Fax No.		; 011 691 6511			
Cellular No.		",,support@aecam.co.za,
P E CORPORATE SERVICES SA (PTY) LTD (Johannesburg),"Business Name		:	P E CORPORATE SERVICES SA (PTY) LTD (Johannesburg)			
						
Physical Add.		:	77 Bristol Rd, Parkwood, Johannesburg, Gauteng, 			
			South Africa			
						
Postal Add.		:				
		 				
						
Telephone No.		:	011 442 4336			
Fax No.		:	011 442 4758			
Cellular No.		:				
E-Mail Add.		:	martinw@pecs.co.za			
Website Add.		:				
TRADE HEADINGS						
1) 	Business Management Consultants","77 Bristol Rd, Parkwood, Johannesburg, Gauteng, 			
			South Africa			
						
Postal Add.		; 011 442 4336			
Fax No.		; 011 442 4758			
Cellular No.		",,martinw@pecs.co.za,
TECMED AFRICA (PTY) LTD (Head Office),"Business Name		:	TECMED AFRICA (PTY) LTD (Head Office)			
						
Physical Add.		:	Tecmed Centre, Erand Gardens, Midrand, Gauteng,			
			South Africa			
						
Postal Add.		:	PO Box: 4229,			
		 	Halfway House, 1685			
						
Telephone No.		:	011 653 2000			
Fax No.		:	011 653 2100			
Cellular No.		:				
E-Mail Add.		:	info@tecmed.co.za			
Website Add.		:	www.tecmedafrica.com			
TRADE HEADINGS						
1) 	Medical Equipment & Supplies			2) 	Medical Products & Equipment	
3)	Medical And Diagnostic Equipment			4) 	Electro Medical Equipment","1685			
						
Telephone No.		; 011 653 2000			
Fax No.		; 011 653 2100			
Cellular No.		",,info@tecmed.co.za,
LECO AFRICA (PTY) LTD,"Business Name		:	LECO AFRICA (PTY) LTD			
						
Physical Add.		:	3 Vuurslag Av, Spartan, Kempton Park, Gauteng, 			
			South Africa			
						
Postal Add.		:				
		 				
						
Telephone No.		:	011 974 1681			
Fax No.		:	011 974 1848			
Cellular No.		:				
E-Mail Add.		:	africa@leco.com			
Website Add.		:				
TRADE HEADINGS						
1) 	Laboratory And Scientific Equipment			2) 	Analytical Services	
3)	Instrumentation Services			4) 	Chromatography Products","3 Vuurslag Av, Spartan, Kempton Park, Gauteng, 			
			South Africa			
						
Postal Add.		; 011 974 1681			
Fax No.		; 011 974 1848			
Cellular No.		",,africa@leco.com,
MEDICOLAB CC,"Business Name		:	MEDICOLAB CC			
						
Physical Add.		:	5 Bessemer Rd, Amalgam, Randburg, Gauteng,			
			South Africa			
						
Postal Add.		:	PO Box 42103, Fordsburg,			
		 	Johannesburg, 2033			
						
Telephone No.		:	011 839 3142			
Fax No.		:	011 839 4183			
Cellular No.		:				
E-Mail Add.		:	medicolab@telkomsa.net			
Website Add.		:				
TRADE HEADINGS						
1) 	Pharmaceuticals			2) 	Laboratories - Research & Testing","5 Bessemer Rd, Amalgam, Randburg, Gauteng,			
			South Africa			
						
Postal Add.		; 2033			
						
Telephone No.		; 011 839 3142			
Fax No.		; 011 839 4183			
Cellular No.		",,medicolab@telkomsa.net,
SANJMED MEDICAL DISTRIBUTORS CC,"Business Name		:	SANJMED MEDICAL DISTRIBUTORS CC			
						
Physical Add.		:	768 Old Pretoria Rd, Halfway House, Midrand, Gauteng, 			
			South Africa			
						
Postal Add.		:	PO Box 934,			
		 	Sunninghill, 2157			
						
Telephone No.		:	011 805 6257			
Fax No.		:	011 315 5473			
Cellular No.		:				
E-Mail Add.		:	sanjmed@iburst.co.za			
Website Add.		:				
TRADE HEADINGS						
1) 	Medical Equipment & Supplies			2) 	Medical Services","768 Old Pretoria Rd, Halfway House, Midrand, Gauteng, 			
			South Africa			
						
Postal Add.		; 2157			
						
Telephone No.		; 011 805 6257			
Fax No.		; 011 315 5473			
Cellular No.		",,sanjmed@iburst.co.za,
DISCOVERY WORLD FREIGHT FORWARDING,"Business Name		:	DISCOVERY WORLD FREIGHT FORWARDING			
						
Physical Add.		:	Office 8 Flamingo Bus Prk, 531 Malcolm Moodie Cres, Boksburg North			
			South Africa			
						
Postal Add.		:				
		 				
						
Telephone No.		:	011 397 3764			
Fax No.		:				
Cellular No.		:				
E-Mail Add.		:	adin@discoveryworldfreight.co.za			
Website Add.		:				
TRADE HEADINGS						
1) 	Export Advisers			2) 	Freight Agents	
3)	Import and Export Traders			4)","8 Flamingo Bus Prk, 531 Malcolm Moodie Cres, Boksburg North			
			South Africa			
						
Postal Add.		; 011 397 3764			
Fax No.		",,adin@discoveryworldfreight.co.za,
Curro Serengeti,"Business Name		:	Curro Serengeti			
						
Physical Add.		:	R21 & R23, Kempton Park			
			South Africa			
						
Postal Add.		:	P O Box 3, Serengeti 1642			
		 				
						
Telephone No.		:	011 552 7080 	011 552 7081		
Fax No.		:	011 552 7084			
Cellular No.		:				
E-Mail Add.		:	adminserengeti@curro.co.za			
Website Add.		:	www.curro.co.za			
TRADE HEADINGS						
1) 	Independent Schools			2) 	Schools","1642			
		 				
						
Telephone No.		; 011 552 7080 	011 552 7081		
Fax No.		; 011 552 7084			
Cellular No.		",,adminserengeti@curro.co.za,
PETSURE (PTY) LTD,"Business Name		:	PETSURE (PTY) LTD			
						
Physical Add.		:	24 Wellington Rd, Parktown, Johannesburg, Gauteng, 			
			South Africa			
						
Postal Add.		:				
		 				
						
Telephone No.		:	0860 738 787		
Fax No.		:	086 661 0992			
Cellular No.		:				
E-Mail Add.		:	info@petsure.co.za			
Website Add.		:				
TRADE HEADINGS						
1) 	Pet Medical Insurance Products 			2) 	Medical Aid Schemes","24 Wellington Rd, Parktown, Johannesburg, Gauteng, 			
			South Africa			
						
Postal Add.		; 0860 738 787		
Fax No.		; 086 661 0992			
Cellular No.		",,info@petsure.co.za,
FOSHIZI MASS MARKET RESEARCH & STRATEGY GAUTENG,"Business Name
			:
			FOSHIZI MASS MARKET RESEARCH & STRATEGY
			 
		
		
			 
			 
		
		
			Physical Add.
			:
			1410 Eglin Office Park, 14 Eglin Road, Sunninghill, Sandton","1410 Eglin Office Park, 14 Eglin Road, Sunninghill, Sandton",,,
LINK MARKET SERVICES SOUTH AFRICA (PTY) LTD,"Business Name		:	LINK MARKET SERVICES SOUTH AFRICA (PTY) LTD			
						
Physical Add.		:	19 Ameshoff St, Braamfontein, Johannesburg, Gauteng, 			
			South Africa			
						
Postal Add.		:	PO Box 4844,			
		 	Johannesburg 2000			
						
Telephone No.		:	0861 546 572			
Fax No.		:	086 674 4381			
Cellular No.		:				
E-Mail Add.		:	info@linkmarketservices.co.za			
Website Add.		:				
TRADE HEADINGS						
1) 	Investor Services			2) 	Financial Institutions	
3)	Asset Administration","19 Ameshoff St, Braamfontein, Johannesburg, Gauteng, 			
			South Africa			
						
Postal Add.		; 2000			
						
Telephone No.		; 0861 546 572			
Fax No.		; 086 674 4381			
Cellular No.		",,info@linkmarketservices.co.za,
MAITLAND GROUP (Johannesburg),"Business Name		:	MAITLAND GROUP (Johannesburg)			
						
Physical Add.		:	 18 Fricker Road, Illovo, Johannesburg, Gauteng, 			
			South Africa			
						
Postal Add.		:				
		 				
						
Telephone No.		:	011 530 8400			
Fax No.		:	011 530 8410			
Cellular No.		:				
E-Mail Add.		:	info@maitlandgroup.com			
Website Add.		:				
TRADE HEADINGS						
1) 	Fund Administration			2) 	Investment Advisory 	
3)	Tax Services			4) 	Financial Services","18 Fricker Road, Illovo, Johannesburg, Gauteng, 			
			South Africa			
						
Postal Add.		; 011 530 8400			
Fax No.		; 011 530 8410			
Cellular No.		",,info@maitlandgroup.com,
TOMLINSON MNGUNI JAMES SANDTON,"Business Name		:	TOMLINSON MNGUNI JAMES			
						
Physical Add.		:	Suite 22, 2nd Floor, Daisy Street Office Park, 135 Daisy Street, Sandton, 2196			
			South Africa			
						
Postal Add.		:	P O Box 4745			
		 	Rivonia, 2128			
						
Telephone No.		:	011 784 2634/5			
Fax No.		:	011 784 2636			
Cellular No.		:				
E-Mail Add.		:	jhb@tmj.co.za			
Website Add.		:	www.tmj.co.za			
TRADE HEADINGS						
1) 	commercial			2) 	trust, estate and tax	
3)	matrimonial			4) 	litigation","135 Daisy Street, Sandton, 2196			
			South Africa			
						
Postal Add.		; 4745			
		 	Rivonia, 2128			
						
Telephone No.		; 011 784 2634; 5			
Fax No.		; 011 784 2636			
Cellular No.		",,jhb@tmj.co.za,
GLOBAL MOUSE (PTY) LTD,"Business Name		:	GLOBAL MOUSE (PTY) LTD			
						
Physical Add.		:	1 Brian St, Sandton, Gauteng, 			
			South Africa			
						
Postal Add.		:				
		 				
						
Telephone No.		:	011 513 7700			
Fax No.		:	011 513 7710			
Cellular No.		:				
E-Mail Add.		:	info@globalmouse.co.za			
Website Add.		:				
TRADE HEADINGS						
1) 	Communications Consultants			2) 	Digital Media	
3)	Relationship Marketing			4) 	Brand Activation","1 Brian St, Sandton, Gauteng, 			
			South Africa			
						
Postal Add.		; 011 513 7700			
Fax No.		; 011 513 7710			
Cellular No.		",,info@globalmouse.co.za,
UBUCULE ACCOUNTANTS & BUSINESS ADVISORS INC - GAUTENG,"Business Name		:	UBUCULE ACCOUNTANTS & BUSINESS ADVISORS INC			
						
Physical Add.		:	1st Floor, Unit 6 Sunninghill Office Park, 4 Peltier Drive, Sunninghill			
			South Africa			
						
Postal Add.		:	PO Box 1150			
		 	Sunninghill West, 2157			
						
Telephone No.		:	011 807 8942			
Fax No.		:	086 515 7992			
Cellular No.		:				
E-Mail Add.		:	info@ubuculeinc.co.za 			
Website Add.		:	www.ubuculeinc.co.za 			
TRADE HEADINGS						
1) 	Accounting Services			2) 	Taxation, Training Services	
3)	Attest Audit, B-BBEE Services			4) 	Assurance and Risk Management Services","6 Sunninghill Office Park, 4 Peltier Drive, Sunninghill			
			South Africa			
						
Postal Add.		; 1150			
		 	Sunninghill West, 2157			
						
Telephone No.		; 011 807 8942			
Fax No.		; 086 515 7992			
Cellular No.		",,info@ubuculeinc.co.za,
TOWNSHIP BUSINESS ADS PTY LTD,"Business Name		:	TOWNSHIP BUSINESS ADS PTY LTD			
						
Physical Add.		:	613 Klamson Towers, 151 Commissioner Street, Johannesburg Central, Johannesburg, Gauteng, 			
			South Africa			
						
Postal Add.		:				
		 				
						
Telephone No.		:	011 331 0142			
Fax No.		:				
Cellular No.		:	071 891 8143			
E-Mail Add.		:	admin@townshipbusinessads.co.za			
Website Add.		:				
TRADE HEADINGS						
1) 	Advertising Agencies			2) 	Marketing Consultants","613 Klamson Towers, 151 Commissioner Street, Johannesburg Central, Johannesburg, Gauteng, 			
			South Africa			
						
Postal Add.		; 011 331 0142			
Fax No.		; 071 891 8143			
E-Mail Add.		",,admin@townshipbusinessads.co.za,
WAGGENER EDSTROM,"Business Name		:	WAGGENER EDSTROM			
						
Physical Add.		:	The Mettle Building, 33 Fricker Rd, Illovo, Sandton, Gauteng,			
			South Africa			
						
Postal Add.		:				
		 				
						
Telephone No.		:	011 550 5400			
Fax No.		:				
Cellular No.		:				
E-Mail Add.		:	msorour@waggeneredstrom.co.za			
Website Add.		:				
TRADE HEADINGS						
1) 	Communications Consultants			2) 	PR Agency	
3)	Public Relations","33 Fricker Rd, Illovo, Sandton, Gauteng,			
			South Africa			
						
Postal Add.		; 011 550 5400			
Fax No.		",,msorour@waggeneredstrom.co.za,
PROVANTAGE PTY LTD (Head Office),"Business Name		:	PROVANTAGE PTY LTD (Head Office)			
						
Physical Add.		:	23 Republic Road, Bordeaux, Johannesburg, Gauteng,			
			South Africa			
						
Postal Add.		:	PO Box 3052,			
		 	Cramerview, 2060			
						
Telephone No.		:	0861 776 826			
Fax No.		:	011 543 7667			
Cellular No.		:				
E-Mail Add.		:	info@provantage.co.za			
Website Add.		:	www.provantage.co.za			
TRADE HEADINGS						
1) 	Media Consultants			2) 	Advertising Agencies","23 Republic Road, Bordeaux, Johannesburg, Gauteng,			
			South Africa			
						
Postal Add.		; 2060			
						
Telephone No.		; 0861 776 826			
Fax No.		; 011 543 7667			
Cellular No.		",,info@provantage.co.za,
LITHA COMMUNICATIONS,"Business Name		:	LITHA COMMUNICATIONS			
						
Physical Add.		:	9 St David’s Park, St David’s Place, Parktown, Johannesburg, Gauteng,			
			South Africa			
						
Postal Add.		:				
		 				
						
Telephone No.		:	011 484 7663			
Fax No.		:	011 484 0345			
Cellular No.		:				
E-Mail Add.		:	projects@lithacommunications.co.za			
Website Add.		:				
TRADE HEADINGS						
1) 	Communications			2) 	Events Management	
3)	Public Relations			4)","9 St David; 011 484 7663			
Fax No.		; 011 484 0345			
Cellular No.		",,projects@lithacommunications.co.za,
MEICARE SOLUTIONS CC,"Business Name		:	MEICARE SOLUTIONS CC			
						
Physical Add.		:	Unit16 Kya North Park, Bernie St, Kya Sand, Randburg, Gauteng,			
			South Africa			
						
Postal Add.		:	PO Box 1557, Olivedale,			
		 	Randburg, 2158			
						
Telephone No.		:	011 708 1395 / 011 708 0451 / 011 708 7119			
Fax No.		:	086 656 6781			
Cellular No.		:	083 632 7752			
E-Mail Add.		:	meyer@meicaresolutions.co.za			
Website Add.		:				
TRADE HEADINGS						
1) 	Medical Supplies","16 Kya North Park, Bernie St, Kya Sand, Randburg, Gauteng,			
			South Africa			
						
Postal Add.		; 2158			
						
Telephone No.		; 011 708 1395 ; 011 708 0451 ; 011 708 7119			
Fax No.		; 086 656 6781			
Cellular No.		; 083 632 7752			
E-Mail Add.		",,meyer@meicaresolutions.co.za,
VELOCITY FILMS (PTY) LTD (Johannesburg),"Business Name		:	VELOCITY FILMS (PTY) LTD (Johannesburg)			
						
Physical Add.		:	38 Wessel Road, Rivonia, Sandton, Johannesburg, Gauteng, 			
			South Africa			
						
Postal Add.		:				
		 				
						
Telephone No.		:	011 807 0100 / 011 807 0255			
Fax No.		:	011 807 1208			
Cellular No.		:				
E-Mail Add.		:	info@velocityfilms.com			
Website Add.		:	www.velocityfilms.com			
TRADE HEADINGS						
1) 	Production Company","38 Wessel Road, Rivonia, Sandton, Johannesburg, Gauteng, 			
			South Africa			
						
Postal Add.		; 011 807 0100 ; 011 807 0255			
Fax No.		; 011 807 1208			
Cellular No.		",,info@velocityfilms.com,
CSX Customer Services (PTY) Ltd,"Business Name	:	CSX Customer Services (PTY) Ltd



Physical Add.	:	14 Enterprise Close, Linbro Business Park, Sandton, Johannesburg, 2090,	


South Africa	

Postal Add.	:	P O Box 1697, Bramley, 2018	





Telephone No.	:	011 663 9300	


Call Centre	:	086 067 0000	
Cellular No.	:	

E-Mail Add.	:	info@csx.co.za	
Website Add.	:	www.csx.co.za	
TRADE HEADINGS
1	Document Imaging Scanners	2) 	Education & Assessments Solutions

3)	Packaging Equipment	4) 	Library Security & RFID Products	
5) 	               Microfilm & Book Scanners	           6)        Access Control	

7)	                Medical Sterilizers 	           8)        Security Printing","14 Enterprise Close, Linbro Business Park, Sandton, Johannesburg, 2090,	


South Africa	

Postal Add.	; 2018	





Telephone No.	; 011 663 9300	


Call Centre	; 086 067 0000	
Cellular No.	; 1	Document Imaging Scanners	2",,info@csx.co.za,
ROERING CREATIVE KIN (PTY) Ltd,"Business Name		:	ROERING CREATIVE KIN (PTY) Ltd			
						
Physical Add.		:	1 BRIAN STREET, SANDTON, GAUTENG			
			South Africa			
						
Postal Add.		:				
		 				
						
Telephone No.		:	011 513 7700			
Fax No.		:	011 513 7710			
Cellular No.		:				
E-Mail Add.		:	INFO@RCK.CO.ZA			
Website Add.		:				
TRADE HEADINGS						
1) 	Communications Consultants			2) 	Digital Media	
3)	Relationship Marketing			4) 	Brand Activation","1 BRIAN STREET, SANDTON, GAUTENG			
			South Africa			
						
Postal Add.		; 011 513 7700			
Fax No.		; 011 513 7710			
Cellular No.		",,INFO@RCK.CO.ZA,
THELLONG DEVELOPMENT SERVICES (Head Office),"Business Name		:	THELLONG DEVELOPMENT SERVICES (Head Office)			
						
Physical Add.		:	38 Zambezi Street, Three Rivers, Vereeniging, Gauteng,			
			South Africa			
						
Postal Add.		:				
		 				
						
Telephone No.		:	016 454 0119			
Fax No.		:	086 694 8188			
Cellular No.		:				
E-Mail Add.		:	info@thellong.co.za			
Website Add.		:	www.thellong.co.za			
TRADE HEADINGS						
1) 	Civil and Structural Engineering			2) 	Corporate Offices	
3)	Development Consultants			4) 	Consulting Engineers","38 Zambezi Street, Three Rivers, Vereeniging, Gauteng,			
			South Africa			
						
Postal Add.		; 016 454 0119			
Fax No.		; 086 694 8188			
Cellular No.		",,info@thellong.co.za,
TECHNIKON LABORATORIES (PTY) LTD,"Business Name		:	TECHNIKON LABORATORIES (PTY) LTD			
						
Physical Add.		:	1073 Anvil Road, Robertville, Florida, Gauteng, 			
			South Africa			
						
Postal Add.		:	P.O.Box 150, 			
		 	Maraisburg, 1700			
						
Telephone No.		:	011 674 1091			
Fax No.		:	011 674 5300			
Cellular No.		:				
E-Mail Add.		:	marketing@techlab.co.za			
Website Add.		:	www.techlab.co.za			
TRADE HEADINGS						
1) 	Pharmaceutical contract mnfr			2) 	Laboratories - Research & Testing","1073 Anvil Road, Robertville, Florida, Gauteng, 			
			South Africa			
						
Postal Add.		; 1700			
						
Telephone No.		; 011 674 1091			
Fax No.		; 011 674 5300			
Cellular No.		",,marketing@techlab.co.za,
INDEPENDENT ACTUARIES & CONSULTANTS (PTY) LTD (Woodmead),"Business Name		:	INDEPENDENT ACTUARIES & CONSULTANTS (PTY) LTD (Woodmead)			
						
Physical Add.		:	Woodmead Office Park, Bridle Close, Woodmead, Gauteng,			
			South Africa			
						
Postal Add.		:				
		 				
						
Telephone No.		:	011 656 4170			
Fax No.		:	011 656 4171			
Cellular No.		:				
E-Mail Add.		:	info@iac.co.za			
Website Add.		:				
TRADE HEADINGS						
1) 	Actuarial Consultants			2) 	Consultant Services","011 656 4170			
Fax No.		; 011 656 4171			
Cellular No.		",,info@iac.co.za,
FLUOR SA (PTY) LTD (Woodmead),"Business Name		:	FLUOR SA (PTY) LTD (Woodmead)			
						
Physical Add.		:	Woodmead North Office Park , 54 Maxwell Drive, Jukskei View, Sandton, Gauteng, 			
			South Africa			
						
Postal Add.		:				
		 				
						
Telephone No.		:	011 519 6000			
Fax No.		:	011 233 3805			
Cellular No.		:				
E-Mail Add.		:	sales@fluor.com			
Website Add.		:				
TRADE HEADINGS						
1) 	Consulting Engineers			2) 	Project Management	
3)	Procurement / Fabrication			4) 	Construction","54 Maxwell Drive, Jukskei View, Sandton, Gauteng, 			
			South Africa			
						
Postal Add.		; 011 519 6000			
Fax No.		; 011 233 3805			
Cellular No.		",,sales@fluor.com,
PURE LIGHT LED PRODUCTS,"Business Name		:	PURE LIGHT LED PRODUCTS			
						
Physical Add.		:	11 Kramer Rd, Kramerville, Sandton, Gauteng, 			
			South Africa			
						
Postal Add.		:	PO Box 5243, 			
		 	Dainfern North 2174			
						
Telephone No.		:	011 262 2770			
Fax No.		:				
Cellular No.		:				
E-Mail Add.		:	sales@purelightledproducts.com			
Website Add.		:				
TRADE HEADINGS						
1) 	Lighting Systems & Equipment			2) 	LED Products","11 Kramer Rd, Kramerville, Sandton, Gauteng, 			
			South Africa			
						
Postal Add.		; 2174			
						
Telephone No.		; 011 262 2770			
Fax No.		",,sales@purelightledproducts.com,
G & K GRAY TRAINING CC,"Business Name		:	G&K GRAY TRAINING CC			
						
Physical Add.		:	6 Bona Vista Road, Florida Hills, Roodepoort, Gauteng,			
			South Africa			
						
Postal Add.		:	PO Box 591,			
		 	Florida Hills, 1716			
						
Telephone No.		:	011 472 3516			
Fax No.		:	011 472 4999			
Cellular No.		:	082 330 7346			
E-Mail Add.		:	admin@gray-matters.com			
Website Add.		:	www.gray-matters.com			
TRADE HEADINGS						
1) 	Training Companies And Centres			2) 	Training Providers","6 Bona Vista Road, Florida Hills, Roodepoort, Gauteng,			
			South Africa			
						
Postal Add.		; 1716			
						
Telephone No.		; 011 472 3516			
Fax No.		; 011 472 4999			
Cellular No.		; 082 330 7346			
E-Mail Add.		",,admin@gray-matters.com,
INSTITUTE OF BANKERS IN SA,"Business Name		:	INSTITUTE OF BANKERS IN SA			
						
Physical Add.		:	Sunnyside Ridge Bldg, 32 Princes Of Wales Terrace, Parktown, Johannesburg, Gauteng,			
			South Africa			
						
Postal Add.		:				
		 				
						
Telephone No.		:	011 268 0669			
Fax No.		:				
Cellular No.		:				
E-Mail Add.		:	info@iob.co.za			
Website Add.		:				
TRADE HEADINGS						
1) 	Banking Institution 			2) 	Finance institution","32 Princes Of Wales Terrace, Parktown, Johannesburg, Gauteng,			
			South Africa			
						
Postal Add.		; 011 268 0669			
Fax No.		",,info@iob.co.za,
W H S E CONSULTANTS CC (Centurion),"Business Name		:	W H S E CONSULTANTS CC (Centurion)			
						
Physical Add.		:	1055 Saxby Avenue, Eldoraigne, Centurion, Gauteng,			
			South Africa			
						
Postal Add.		:	PO Box 50412,			
		 	Hercules, 0030			
						
Telephone No.		:	012 654 7231			
Fax No.		:	012 654 8528			
Cellular No.		:				
E-Mail Add.		:	analise@whse.co.za			
Website Add.		:				
TRADE HEADINGS						
1) 	Environmental Consultants			2) 	Health & Safety	
3)	Occupational Health			4) 	Enviromental Training & Consultancy","1055 Saxby Avenue, Eldoraigne, Centurion, Gauteng,			
			South Africa			
						
Postal Add.		; 0030			
						
Telephone No.		; 012 654 7231			
Fax No.		; 012 654 8528			
Cellular No.		",,analise@whse.co.za,
GAARONA VALLEY LODGE,"Business Name		:	GAARONA VALLEY LODGE 			
						
Physical Add.		:	UIL STREET, SHALIMAR RIDGE, HEIDELBERG 			
			South Africa			
						
Postal Add.		:	P O BOX 1279, HEIDELBERG			
		 				
						
Telephone No.		:	016 349 6424			
Fax No.		:	086 766 2289			
Cellular No.		:				
E-Mail Add.		:	info@gaarona.co.za			
Website Add.		:	www.gaarona.co.za			
TRADE HEADINGS						
1) 	Accommodation Establishments			2) 	Conference Function	
3)	Wedding Venues","016 349 6424			
Fax No.		; 086 766 2289			
Cellular No.		",,info@gaarona.co.za,
C D J LAND SURVEYORS,"Business Name		:	C D J LAND SURVEYORS			
						
Physical Add.		:	170 Golf Club Trce, Constantia Kloof, Roodepoort, Gauteng, 			
			South Africa			
						
Postal Add.		:	PO Box 4725,			
		 	Johannesburg, 1715			
						
Telephone No.		:	011 768 1233			
Fax No.		:	011 375 4003			
Cellular No.		:				
E-Mail Add.		:	info@cdj.co.za			
Website Add.		:				
TRADE HEADINGS						
1) 	Land Surveyors			2) 	Project Management	
3)	Topographical Surveys			4)","170 Golf Club Trce, Constantia Kloof, Roodepoort, Gauteng, 			
			South Africa			
						
Postal Add.		; 1715			
						
Telephone No.		; 011 768 1233			
Fax No.		; 011 375 4003			
Cellular No.		",,info@cdj.co.za,
CORPORATE TRAVELLER,"Business Name		:	CORPORATE TRAVELLER			
						
Physical Add.		:	Pendoring Office Park, 299 Pendoring St, Blackheath, Johannesburg, Gauteng,			
			South Africa			
						
Postal Add.		:				
		 				
						
Telephone No.		:	087 740 5090	011 778 8903 		
Fax No.		:				
Cellular No.		:				
E-Mail Add.		:	experts@corporatetraveller.co.za			
Website Add.		:				
TRADE HEADINGS						
1) 	Travel Agencies			2) 	Travel Agents","299 Pendoring St, Blackheath, Johannesburg, Gauteng,			
			South Africa			
						
Postal Add.		; 087 740 5090	011 778 8903 		
Fax No.		",,experts@corporatetraveller.co.za,
GRANDMARK INTERNATIONAL (Johannesburg),"Business Name		:	GRANDMARK INTERNATIONAL (Johannesburg)			
						
Physical Add.		:	26 Genesis Boulevard, Crown Mines, Johannesburg, Gauteng,			
			South Africa			
						
Postal Add.		:	PO Box 1046, Crown Mines,			
		 	Johannesburg, 2025			
						
Telephone No.		:	011 226 9209			
Fax No.		:	011 837 1189			
Cellular No.		:				
E-Mail Add.		:	info@grandmark.co.za			
Website Add.		:				
TRADE HEADINGS						
1) 	Automotive Parts 			2) 	Car Parts 	
3)	Motor Spares			4)","26 Genesis Boulevard, Crown Mines, Johannesburg, Gauteng,			
			South Africa			
						
Postal Add.		; 2025			
						
Telephone No.		; 011 226 9209			
Fax No.		; 011 837 1189			
Cellular No.		",,info@grandmark.co.za,
UNIGLOBE TRAVEL,"Business Name		:	UNIGLOBE TRAVEL			
						
Physical Add.		:	14 Kramer Road, Krammerville, Sandton, Gauteng,			
			South Africa			
						
Postal Add.		:				
		 				
						
Telephone No.		:	011 444 8910			
Fax No.		:	011 444 8962			
Cellular No.		:				
E-Mail Add.		:	enquiries@uniglobetravelsa.co.za			
Website Add.		:				
TRADE HEADINGS						
1) 	Travel Agencies			2) 	Travel Agents","14 Kramer Road, Krammerville, Sandton, Gauteng,			
			South Africa			
						
Postal Add.		; 011 444 8910			
Fax No.		; 011 444 8962			
Cellular No.		",,enquiries@uniglobetravelsa.co.za,
FOGHOUND STUDIOS ( Pty ) LTD,"Business Name		:	FOGHOUND STUDIOS			
						
Physical Add.		:	24 Richards Dve, Midrand, Johannesburg, Gauteng, 			
			South Africa			
						
Postal Add.		:	P O Box 2298, Halfway House, 1685			
		 				
						
Telephone No.		:	011 541 0000			
Fax No.		:	011 541 0007			
Cellular No.		:	083 412 9601			
E-Mail Add.		:	kobus@foghound.co.za			
Website Add.		:	www.foghound.co.za			
TRADE HEADINGS						
1) 	Advertising Agencies & Studios","24 Richards Dve, Midrand, Johannesburg, Gauteng, 			
			South Africa			
						
Postal Add.		; 1685			
		 				
						
Telephone No.		; 011 541 0000			
Fax No.		; 011 541 0007			
Cellular No.		; 083 412 9601			
E-Mail Add.		",,kobus@foghound.co.za,
MOTHEO TRAINING INSTITUTE TRUST,"Business Name		:	MOTHEO TRAINING INSTITUTE TRUST			
						
Physical Add.		:	5834 Mashudu Cres, Etwatwa EXT 2, Daveyton, Gauteng,			
			South Africa			
						
Postal Add.		:	P O Box 5834,			
		 	Daveyton, 1520			
						
Telephone No.		:	011 962 1698			
Fax No.		:	086 426 283*			
Cellular No.		:	079 426 2630			
E-Mail Add.		:	rexmotheo@gmail.com			
Website Add.		:	www.rexmotheo.co.za			
TRADE HEADINGS						
1) 	Training Institutions","5834 Mashudu Cres, Etwatwa EXT 2, Daveyton, Gauteng,			
			South Africa			
						
Postal Add.		; 1520			
						
Telephone No.		; 011 962 1698			
Fax No.		; 086 426 283; 079 426 2630			
E-Mail Add.		",,rexmotheo@gmail.com,
MAVAVASA PLUMBING MAINTENANCE CC,"Business Name		:	MAVAVASA PLUMBING MAINTENANCE CC			
						
Physical Add.		:	Jb Marks St, Kemptonpark, Kempton Park, Gauteng			
			South Africa			
						
Postal Add.		:				
		 				
						
Telephone No.		:	011 039 0725			
Fax No.		:				
Cellular No.		:	072 4529203			
E-Mail Add.		:	mavavasa.plumbing@gmail.com			
Website Add.		:				
TRADE HEADINGS						
1) 	drain and sewer cleaning			2) 	plumbers and sanitary engineers	
3)	leak detection			4) 	blocked drains","011 039 0725			
Fax No.		; 072 4529203			
E-Mail Add.		",,mavavasa.plumbing@gmail.com,
SEARCH PARTNERS INTERNATIONAL (PTY) LTD,"Business Name		:	SEARCH PARTNERS INTERNATIONAL (PTY) LTD			
						
Physical Add.		:	39 West Street, Houghton Estate, Johannesburg, Gauteng,			
			South Africa			
						
Postal Add.		:	PO Box 47253, Parklands,			
		 	Johannesburg, 2121			
						
Telephone No.		:	011 728 0105			
Fax No.		:	011 728 4909			
Cellular No.		:				
E-Mail Add.		:	info@spint.co.za			
Website Add.		:				
TRADE HEADINGS						
1) 	Recruitment Agency			2) 	Personnel Consultants	
3)	Executive Search Firms","39 West Street, Houghton Estate, Johannesburg, Gauteng,			
			South Africa			
						
Postal Add.		; 2121			
						
Telephone No.		; 011 728 0105			
Fax No.		; 011 728 4909			
Cellular No.		",,info@spint.co.za,
RIALTO FOODS (PTY) LTD (Johannesburg),"Business Name		:	RIALTO FOODS (PTY) LTD (Johnanesburg)			
						
Physical Add.		:	Stand 25, 1st Avenue Longlake Extension 1, Linbro Park, Johnanesburg, Gauteng,			
			South Africa			
						
Postal Add.		:				
		 				
						
Telephone No.		:	011 453 0438			
Fax No.		:	011 4540726			
Cellular No.		:				
E-Mail Add.		:	info@rialtofoods.co.za			
Website Add.		:				
TRADE HEADINGS						
1) 	Food Distributors			2) 	Food Importers","011 453 0438			
Fax No.		; 011 4540726			
Cellular No.		",,info@rialtofoods.co.za,
BIZERBA SOUTHERN AFRICA (PTY) LTD (Johannesburg),"Business Name		:	BIZERBA SOUTHERN AFRICA (PTY) LTD (Johannesburg)			
						
Physical Add.		:	Unit 24, Robertville Industrial Park, 254 Nadine Street, Roodepoort, Johannesburg, Gauteng,			
			South Africa			
						
Postal Add.		:				
		 				
						
Telephone No.		:	011 472 0586			
Fax No.		:				
Cellular No.		:				
E-Mail Add.		:	sales_za@bizerba.co.za			
Website Add.		:				
TRADE HEADINGS						
1) 	Scales & Mass Measuring Machines			2) 	Weigh Bridges	
3)	Weighing Equipment 			4) 	Electronic & Mechanical Scales","254 Nadine Street, Roodepoort, Johannesburg, Gauteng,			
			South Africa			
						
Postal Add.		; 011 472 0586			
Fax No.		",,sales_za@bizerba.co.za,
MDS VISAPAK (Head Office),"Business Name		:	MDS VISAPAK (Head Office)			
						
Physical Add.		:	MDS House, 58c Webber Street, Selby, Johannesburg, Gauteng,			
			South Africa			
						
Postal Add.		:				
		 				
						
Telephone No.		:	011 241 4900	079 884 0331 CARLA		
Fax No.		:	011 493 6888			
Cellular No.		:				
E-Mail Add.		:	carla@visas.co.za			
Website Add.		:	www.visas.co.za			
TRADE HEADINGS						
1) 	Travel Assistance			2) 	VISAS	
3)	Visa Applications","011 241 4900	079 884 0331 CARLA		
Fax No.		; 011 493 6888			
Cellular No.		",,carla@visas.co.za,
GLOBAL MICRO SOLUTIONS (PTY) LTD,"Business Name		:	GLOBAL MICRO SOLUTIONS (PTY) LTD			
						
Physical Add.		:	5th floor Global Hse, 28 Sturdee Avenue, Rosebank, Johannesburg, 2196			
			South Africa			
						
Postal Add.		:	PO Box 2174			
		 	Parklands, 2121			
						
Telephone No.		:	011 731 0600			
Fax No.		:	011 731 0601			
Cellular No.		:				
E-Mail Add.		:	natalie@globalmicro.co.za			
Website Add.		:	www.globalmicro.co.za			
TRADE HEADINGS						
1) 	desktop and application services			2) 	enterprise cloud storage	
3)	hosted backup and exchange			4) 	mxvault email protection","28 Sturdee Avenue, Rosebank, Johannesburg, 2196			
			South Africa			
						
Postal Add.		; 2174			
		 	Parklands, 2121			
						
Telephone No.		; 011 731 0600			
Fax No.		; 011 731 0601			
Cellular No.		",,natalie@globalmicro.co.za,
SURE EPCOT TRAVEL,"Business Name		:	SURE EPCOT TRAVEL			
						
Physical Add.		:	Cnr. Bekker Ave & Hendrik Potgieter Rd, Dalview, Brakpan, Gauteng,			
			South Africa			
						
Postal Add.		:	PO Box 138,			
		 	Brakpan, 1540			
						
Telephone No.		:	011 744 3613			
Fax No.		:	011 740 2668			
Cellular No.		:				
E-Mail Add.		:	kumedi@epcot.co.za			
Website Add.		:				
TRADE HEADINGS						
1) 	Travel Agencies			2) 	Travel Agents","1540			
						
Telephone No.		; 011 744 3613			
Fax No.		; 011 740 2668			
Cellular No.		",,kumedi@epcot.co.za,
APROLAB,"Business Name		:	APROLAB			
						
Physical Add.		:	10 Wallace St, Waverley, Johannesburg, Gauteng,			
			South Africa			
						
Postal Add.		:	P O Box 489, 			
		 	Highlands North, 2037			
						
Telephone No.		:	011 786 9501			
Fax No.		:	011 786 9501			
Cellular No.		:				
E-Mail Add.		:	aprolab@icon.co.za			
Website Add.		:				
TRADE HEADINGS						
1) 	Psychometric Assessments			2) 	Psychological Tests	
3)	Psychotherapy","10 Wallace St, Waverley, Johannesburg, Gauteng,			
			South Africa			
						
Postal Add.		; 2037			
						
Telephone No.		; 011 786 9501			
Fax No.		; 011 786 9501			
Cellular No.		",,aprolab@icon.co.za,
CHUCK PRINT,"Business Name		:	CHUCK PRINT			
						
Physical Add.		:	14450  DIALE STREET, EXT 2, KWA THEMA, 1575			
			SOUTH AFRICA			
						
Postal Add.		:				
		 				
						
Telephone No.		:	011 736 7822			
Fax No.		:	086 653 2572			
Cellular No.		:				
E-Mail Add.		:	nakedi@chuckprint.co.za			
Website Add.		:	www.chuckprint.co.za			
TRADE HEADINGS						
1) 	PRINTING			2) 	BANNERS	
3)	DESIGN & PRINTNG SERVICES			4) 	PRINT","14450  DIALE STREET, EXT 2, KWA THEMA, 1575			
			SOUTH AFRICA			
						
Postal Add.		; 011 736 7822			
Fax No.		; 086 653 2572			
Cellular No.		",,nakedi@chuckprint.co.za,
HIGH TECH THERAPY - GAUTENG,"Business Name		:	HIGH TECH THERAPY			
						
Physical Add.		:	52 DESIGNER BLVRD DÉCOR PARK, NEWMARKET RD, NORTH RIDING,SANDTON			
			GAUTENG.SA			
						
Postal Add.		:				
		 				
						
Telephone No.		:	011 704 6711			
Fax No.		:	011 704 6711			
Cellular No.		:	072 958 2571			
E-Mail Add.		:	AWEN@HTHERAPY.CO.ZA			
Website Add.		:				
TRADE HEADINGS						
1) 	ACCUPUNCTURE			2) 	CARDIO EQUIPMENT	
3)	MEDICAL EQUIPMENT			4) 	MEDICAL SUPPLIES","52 DESIGNER BLVRD DÉCOR PARK, NEWMARKET RD, NORTH RIDING,SANDTON			
			GAUTENG.SA			
						
Postal Add.		; 011 704 6711			
Fax No.		; 011 704 6711			
Cellular No.		; 072 958 2571			
E-Mail Add.		",,AWEN@HTHERAPY.CO.ZA,
ELECTRO-SPYRES MEDICAL,"Business Name		:	ELECTRO-SPYRES MEDICAL			
						
Physical Add.		:	LONGMEADOW BUSINESS ESTATE. 9 FRIESLAND DRIVE,MODDERFONTEIN 			
			JOHANNESBURG,GAUTENG			
						
Postal Add.		:				
		 				
						
Telephone No.		:	011  608 3998			
Fax No.		:	011 402 7132			
Cellular No.		:				
E-Mail Add.		:	SPYRES@GLOBAL.CO..ZA ; INFO@ELECTROSPYRES.COM			
Website Add.		:				
TRADE HEADINGS						
1) 	ELECTROSURGICAL ACCESSORIES			2) 	MEDICAL SUPPLIES	
3)	WOUND CARE DRESSINGS","9 FRIESLAND DRIVE,MODDERFONTEIN 			
			JOHANNESBURG,GAUTENG			
						
Postal Add.		; 011  608 3998			
Fax No.		; 011 402 7132			
Cellular No.		",,"SPYRES@GLOBAL.CO..ZA, INFO@ELECTROSPYRES.COM",
ASPEN PHARMACARE HEAD OFFICE,"Business Name		:	ASPEN PHARMACARE			
						
Physical Add.		:	Corporate Office Healthcare, Woodlands Drive, Sandton, Gauteng			
						
						
Postal Add.		:				
		 				
						
Telephone No.		:	011 239 6100			
Fax No.		:	011 239 6501			
Cellular No.		:				
E-Mail Add.		:				
Website Add.		:	www.aspenpharma.com			
TRADE HEADINGS						
1) 	Healthcare			2) 	Pharmaceutical supplies	
3)	Tablets & Capsules			4) 	Pharmaceutical Makers","011 239 6100			
Fax No.		; 011 239 6501			
Cellular No.		",,,
ASPEN PHARMACARE SANDTON,"Business Name		:	ASPEN PHARMACARE SANDTON			
						
Physical Add.		:	10 HEATHCAVEPARK, WOODLANDS DVE, WOODMEAD, SANDTON, GAUTENG			
						
						
Postal Add.		:				
		 				
						
Telephone No.		:	011 239 6000			
Fax No.		:	011 2396231			
Cellular No.		:				
E-Mail Add.		:				
Website Add.		:	www.aspenpharma.com			
TRADE HEADINGS						
1) 	Healthcare			2) 	Pharmaceutical supplies	
3)	Tablets & Capsules			4) 	PharmaceutIcal Makers","10 HEATHCAVEPARK, WOODLANDS DVE, WOODMEAD, SANDTON, GAUTENG			
						
						
Postal Add.		; 011 239 6000			
Fax No.		; 011 2396231			
Cellular No.		",,,
ASPEN PHARMACARE NORTHRIDING,"Business Name		:	ASPEN PHARMACARE NORTHRIDING			
						
Physical Add.		:	229 BOX, NORTH RIDING, GAUTENG			
						
						
Postal Add.		:				
		 				
						
Telephone No.		:	011 239 6000			
Fax No.		:				
Cellular No.		:				
E-Mail Add.		:				
Website Add.		:	www.aspenpharma.com			
TRADE HEADINGS						
1) 	Healthcare			2) 	Pharmaceutical supplies	
3)	Tablets & Capsules			4) 	Pharmaceutical Makers","229 BOX, NORTH RIDING, GAUTENG			
						
						
Postal Add.		; 011 239 6000			
Fax No.		",,,
ASPEN PHARMACARE CONSUMER HOTLINE,"Business Name		:	ASPEN PHARMACARE CONSUMER HOTLINE 			
						
Physical Add.		:	JOHANNESBURG			
						
						
Postal Add.		:				
		 				
						
Telephone No.		:	0800 122 912			
Fax No.		:				
Cellular No.		:				
E-Mail Add.		:				
Website Add.		:	www.aspenpharma.com			
TRADE HEADINGS						
1) 	Healthcare			2) 	Pharmaceutical supplies	
3)	Tablets & Capsules			4) 	Pharmaceutical Makers","0800 122 912			
Fax No.		",,,
Priocus Logistics Door To Door Deliveries Freight Logistics Johannesburg,"Business Name		:	Priocus Logistics			
						
Physical Add.		:	206 Highland Road, Kensignton, Johannesburg, 2101, Gauteng, South Africa			
						
						
Postal Add.		:				
		 				
						
Telephone No.		:	011 615 7080			
Fax No.		:				
Cellular No.		:	081 248 7270			
E-Mail Add.		:	mxolisi@priocuslogistics.co.za			
Website Add.		:	www.priocuslogistics.co.za			
TRADE HEADINGS						
1)	Deliveries			2)	Engineers-Logistics	
3)	Door To Door			4) 	Freight Logistics","206 Highland Road, Kensignton, Johannesburg, 2101, Gauteng, South Africa			
						
						
Postal Add.		; 011 615 7080			
Fax No.		; 081 248 7270			
E-Mail Add.		",,mxolisi@priocuslogistics.co.za,
Kranon Holding (Pty)  Ltd,"Business Name		:	Kranon Holding (Pty)  Ltd			
						
Physical Add 		:	Plot 111, 5th Rd, Rynfield AH, Benoni, Gauteng, South Africa			
						
						
Postal Add.		:				
		 				
						
Telephone No.		:	011 969 6016			
Fax No.		:				
Cellular No.		:				
E-Mail Add.		:	info@kranon.co.za			
Website Add.		:	www.kranon.co.za			
TRADE HEADINGS						
1)	Logistics Ditribution","011 969 6016			
Fax No.		",,info@kranon.co.za,
Kranon Holding (Pty) Ltd,"Business Name		:	Kranon Holding (Pty)  Ltd			
						
Physical Add 		:	Plot 111, 5th Rd, Rynfield AH, Benoni, Gauteng, South Africa			
						
						
Postal Add.		:	P O Box 16415, Atlasville			
		 				
						
Telephone No.		:	011 969 6016			
Fax No.		:	086 454 2847			
Cellular No.		:	078 266 4027			
E-Mail Add.		:	info@kranon.co.za			
Website Add.		:	www.kranon.co.za			
TRADE HEADINGS						
1)	Logistics Ditribution			3)	General Construction & Civil Works	
3)	Car Rental			4) 	Security Services","011 969 6016			
Fax No.		; 086 454 2847			
Cellular No.		; 078 266 4027			
E-Mail Add.		",,info@kranon.co.za,
swimming pool safety nets and pool solar blankets Swimming Pool Safety Nets4pools Gauteng,"Business Name		:	Nets4Pools			
						
Physical Add.		:	Sherbourne Place			
						
						
Postal Add.		:				
		 				
						
Telephone No.		:				
Fax No.		:				
Cellular No.		:	076 939 3786			
E-Mail Add.		:	rocketbidz@gmail.com			
Website Add.		:	www.nets4pools.co.za","076 939 3786			
E-Mail Add.		",,rocketbidz@gmail.com,
DELTA BUILDING CONTRACTORS,"Business Name		:	DELTA BUILDING CONTRACTORS			
						
Physical Add.		:	21 Polomino Singel, Greenhills , Randfontien, Gauteng , South Africa			
						
						
Postal Add.		:				
		 				
						
Telephone No.		:	011 692 1370			
Fax No.		:	086 500 1723			
Cellular No.		:	083 297 7010			
E-Mail Add.		:	nicolene@deltabou.co.za			
Website Add.		:				
TRADE HEADINGS						
1) 	Building &Construction","21 Polomino Singel, Greenhills , Randfontien, Gauteng , South Africa			
						
						
Postal Add.		; 011 692 1370			
Fax No.		; 086 500 1723			
Cellular No.		; 083 297 7010			
E-Mail Add.		",,nicolene@deltabou.co.za,
Makhonza Air Conditioning,"Business Name		:	Makhonza Air Conditioning			
						
Physical Add.		:	1094 Umgeni Rd, Klipfontein, Gauteng, South Africa			
						
						
Postal Add.		:				
		 				
						
Telephone No.		:				
Fax No.		:				
Cellular No.		:	073 294 3298			
E-Mail Add.		:				
Website Add.		:				
TRADE HEADINGS						
1)	Air Conditioning Equipment Systems			2)	Air Conditioners	
3)	Aircon Installation			4) 	Aicon Servicing","1094 Umgeni Rd, Klipfontein, Gauteng, South Africa			
						
						
Postal Add.		; 073 294 3298			
E-Mail Add.		",,,
VAAL BROKERS (PTY) LTD,"Business Name		:	VAAL BROKERS (PTY) LTD			
						
Physical Add.		:	13 Rossini Blvd, Vanderbijlpark, Gauteng,			
			South Africa			
						
Postal Add.		:	PO Box 4998,			
		 	Vanderbijlpark, 1900			
						
Telephone No.		:	016 982 6000			
Fax No.		:	016 982 2478 			
Cellular No.		:				
E-Mail Add.		:	ireneic@lantic.net			
Website Add.		:				
TRADE HEADINGS						
1) 	Insurance Brokers","13 Rossini Blvd, Vanderbijlpark, Gauteng,			
			South Africa			
						
Postal Add.		; 1900			
						
Telephone No.		; 016 982 6000			
Fax No.		; 016 982 2478 			
Cellular No.		",,ireneic@lantic.net,
Icecold Bodies (Pty) Ltd,"Business Name		:	Icecold Bodies (Pty) Ltd			
						
Physical Add.		:	4 End Street, Heidelberg, Gauteng, South Africa			
						
						
Postal Add.		:	P O BOX 1782, HEIDELBERG, 1438			
		 				
						
Telephone No.		:	016 349 1140			
Fax No.		:	016 349 1486			
Cellular No.		:	083 701 5103			
E-Mail Add.		:	anri@icecoldbodies.co.za			
Website Add.		:	www.icecoldbodies.co.za			
TRADE HEADINGS						
1)	GRP TRUCK BODIES","4 End Street, Heidelberg, Gauteng, South Africa			
						
						
Postal Add.		; 1438			
		 				
						
Telephone No.		; 016 349 1140			
Fax No.		; 016 349 1486			
Cellular No.		; 083 701 5103			
E-Mail Add.		",,anri@icecoldbodies.co.za,
Strong Bond Manufacturing Gauteng,"Business Name		:	Strong Bond Manufacturing			
						
Physical Add.		:	1 Dale Way, Kelvin, Sandton, Gauteng, South Africa			
						
						
Postal Add.		:	P.O Box 1615, Kelvin 2054			
		 				
						
Telephone No.		:	011 656 4994			
Fax No.		:	086 613 6636			
Cellular No.		:				
E-Mail Add.		:	info@strongbond.co.za			
Website Add.		:	www.strongbond.co.za			
TRADE HEADINGS						
1)	Adhesives			2)	Coatings	
3)	Sealanst","1 Dale Way, Kelvin, Sandton, Gauteng, South Africa			
						
						
Postal Add.		; 2054			
		 				
						
Telephone No.		; 011 656 4994			
Fax No.		; 086 613 6636			
Cellular No.		",,info@strongbond.co.za,
Marx K Curtain Specialist (Pty) Ltd,"Business Name		:	Marx K Curtain Specialist (Pty) Ltd			
						
Physical Add.		:	5 Long Av, Glenhazel, 2029, Johannesburg, Gauteng			
						
						
Postal Add.		:				
		 				
						
Telephone No.		:				
Fax No.		:				
Cellular No.		:	083 600 3353			
E-Mail Add.		:	macmarx@wol.co.za			
Website Add.		:				
TRADE HEADINGS						
1)	Vertical Blinds			2)	Bamboo Blinds	
3)	Roller Blinds			4) 	Wooden Blinds","5 Long Av, Glenhazel, 2029, Johannesburg, Gauteng			
						
						
Postal Add.		; 083 600 3353			
E-Mail Add.		",,macmarx@wol.co.za,
Trio Specialized Welding,"Business Name		:	Trio Specialized Welding 			
						
Physical Add.		:	4 Dagenhan Rd , Benoni , Gauteng 			
						
						
Postal Add.		:				
		 				
						
Telephone No.		:	011 4202155			
Fax No.		:	011 4202155			
Cellular No.		:	0833903807			
E-Mail Add.		:	jansteenkamp@telkomsa.net			
Website Add.		:				
TRADE HEADINGS						
1) 	alloys			2) 	braze	
3)	aluminium			4) 	brazing","4 Dagenhan Rd , Benoni , Gauteng 			
						
						
Postal Add.		; 011 4202155			
Fax No.		; 011 4202155			
Cellular No.		; 0833903807			
E-Mail Add.		",,jansteenkamp@telkomsa.net,
Earn A Car (Pty) Ltd,"Business Name		:	Earn A Car (Pty) Ltd			
						
Physical Add.		:	1 The Falls Cntr, Great North Rd, Northmead, Benoni, 1511, Gauteng, South Africa			
						
						
Postal Add.		:				
		 				
						
Telephone No.		:	011 425 1666			
Fax No.		:				
Cellular No.		:				
E-Mail Add.		:				
Website Add.		:	www.earnacar.co.za			
TRADE HEADINGS						
1)	Auto Finance			2)	Car Hire	
3)	Camper Hire			4) 	Insurance","1 The Falls Cntr, Great North Rd, Northmead, Benoni, 1511, Gauteng, South Africa			
						
						
Postal Add.		; 011 425 1666			
Fax No.		",,,
TSHETLO S A DR,"Business Name		:	TSHETLO S A DR			
						
Physical Add.		:	6003 Tshetlo St, Springs, Springs, Gauteng, South Africa 			
						
						
Postal Add.		:				
		 				
						
Telephone No.		:	011 7369561			
Fax No.		:				
Cellular No.		:				
E-Mail Add.		:				
Website Add.		:				
TRADE HEADINGS						
1) 	Dental Practice 			2) 	Capping & Bridge	
3)	Braces			4) 	Dentistry","6003 Tshetlo St, Springs, Springs, Gauteng, South Africa 			
						
						
Postal Add.		; 011 7369561			
Fax No.		",,,
THE WASTE GROUP PTY Ltd,"Business Name		:	THE WASTE GROUP PTY Ltd			
						
Physical Add.		:	53 DORBYL PARK, 13 MALCOLM BOULEVARD, VANDERBIJLPARK, GAUTENG			
						
						
Postal Add.		:				
		 				
						
Telephone No.		:	016 986 3001			
Fax No.		:				
Cellular No.		:				
E-Mail Add.		:				
Website Add.		:				
TRADE HEADINGS						
1) 	SCRAP METAL			2) 	SCRAP COLLECTIONS 	
3)	WASTE REMOVAL","53 DORBYL PARK, 13 MALCOLM BOULEVARD, VANDERBIJLPARK, GAUTENG			
						
						
Postal Add.		; 016 986 3001			
Fax No.		",,,
THE WASTE GROUP PTY (Ltd ) VEREENIGING,"Business Name		:	THE WASTE GROUP PTY (Ltd ) VEREENIGING			
						
Physical Add.		:	2 JAPIE KRIGE STREET, UNITAS PARK AH, VEREENIGING, GAUTENG, SOUTH AFRICA			
						
						
Postal Add.		:				
		 				
						
Telephone No.		:	016 428 4871			
Fax No.		:				
Cellular No.		:				
E-Mail Add.		:				
Website Add.		:				
TRADE HEADINGS						
1) 	SCRAP METAL			2) 	SCRAP COLLECTIONS 	
3)	WASTE REMOVAL","2 JAPIE KRIGE STREET, UNITAS PARK AH, VEREENIGING, GAUTENG, SOUTH AFRICA			
						
						
Postal Add.		; 016 428 4871			
Fax No.		",,,
LENCOR PLUMBING,"Business Name		:	LENCOR PLUMBING 			
						
Physical Add.		:	22 Totius St , Sasolburg , Gauteng , South Africa 			
						
						
Postal Add.		:				
		 				
						
Telephone No.		:				
Fax No.		:				
Cellular No.		:	076 886 1777			
E-Mail Add.		:	lencor@ymail.com			
Website Add.		:				
TRADE HEADINGS						
1) 	Plumbers 			2) 	Sanitary Engineers 	
3)	Burst Pipes 			4) 	Geysers","22 Totius St , Sasolburg , Gauteng , South Africa 			
						
						
Postal Add.		; 076 886 1777			
E-Mail Add.		",,lencor@ymail.com,
INCLEDON (Pty) Ltd,"Business Name+A1A12:G28		:	INCLEDON			
						
Physical Add.		:	Cavaleros Drive , Jupiter , Germiston , Gauteng , South Africa 			
						
						
Postal Add.		:	P O Box 3620, Johannesburg			
		 				
						
Telephone No.		:	011 323 0800			
Fax No.		:	011 323 0982			
Cellular No.		:				
E-Mail Add.		:	info@incledon.co.za			
Website Add.		:				
TRADE HEADINGS						
1) 	Plumbing 			2) 	Boreholes	
3)	Drains 			4) 	Pipes","28		; 011 323 0800			
Fax No.		; 011 323 0982			
Cellular No.		",,info@incledon.co.za,
NORTHERN BUILDING AND HANDY MAN SERVICES,"Business Name		:	NORTHERN BUILDING AND HANDY MAN SERVICES 			
						
Physical Add.		:	6 Silver St , Noordwyk , Midrand , Gauteng , South Africa 			
						
						
Postal Add.		:				
		 				
						
Telephone No.		:	078 634 9265			
Fax No.		:				
Cellular No.		:				
E-Mail Add.		:				
Website Add.		:				
TRADE HEADINGS						
1) 	Plumbers 			2) 	Sanitary Engineers 	
3)	Renovations 			4) 	Roofing","6 Silver St , Noordwyk , Midrand , Gauteng , South Africa 			
						
						
Postal Add.		; 078 634 9265			
Fax No.		",,,
SENGKHONA PLUMBERS,"Business Name		:	SENGKHONA PLUMBERS 			
						
Physical Add.		:	5th floor Sovereign House, Cnr Sovereign Rd & Mullins Rd, Bedford Gardens, Johannesburg			
						
						
Postal Add.		:	40633 Box , Cleveland , Johannesburg , 2022 , Gauteng , South Africa 			
		 				
						
Telephone No.		:	011 615 8829			
Fax No.		:	086 205 1343			
Cellular No.		:	076 230 0997			
E-Mail Add.		:	plumbing@sengkhona.co.za			
Website Add.		:	www.sengkhona.co.za			
TRADE HEADINGS						
1) 	Plumbers 			2) 	Sanitary Engineers","40633 Box , Cleveland , Johannesburg , 2022 , Gauteng , South Africa 			
		 				
						
Telephone No.		; 011 615 8829			
Fax No.		; 086 205 1343			
Cellular No.		; 076 230 0997			
E-Mail Add.		",,plumbing@sengkhona.co.za,
ANANZI DOORS (Pty) Ltd,"Business Name		:	ANANZI DOORS (Pty) Ltd			
						
Physical Add.		:	18 Alexandra Street, Florida, Roodepoort, Gauteng			
						
						
Postal Add.		:				
		 				
						
Telephone No.		:	011 672 6361			
Fax No.		:	011 672 2710			
Cellular No.		:	082 672 6361			
E-Mail Add.		:	info@ananzi-doors.co.za			
Website Add.		:				
TRADE HEADINGS						
1) 	Automatic Doors			2) 	Steel	
3)	Burglar Proofing			4) 	Doors","18 Alexandra Street, Florida, Roodepoort, Gauteng			
						
						
Postal Add.		; 011 672 6361			
Fax No.		; 011 672 2710			
Cellular No.		; 082 672 6361			
E-Mail Add.		",,info@ananzi-doors.co.za,
Key-Mark Industrial Keys,"Business Name		:	Key-Mark Industrial Keys			
						
Physical Add.		:	36 Harpur Av, Benoni, Gauteng, South Africa			
						
						
Postal Add.		:				
		 				
						
Telephone No.		:	011 845 2236			
Fax No.		:	011 845 2683			
Cellular No.		:				
E-Mail Add.		:	mwkeymrk@mweb.co.za			
Website Add.		:	www.mwkeymrk.co.za			
TRADE HEADINGS						
1)	Engineering			2)	Steel	
3)	Repairs			4) 	Welding","36 Harpur Av, Benoni, Gauteng, South Africa			
						
						
Postal Add.		; 011 845 2236			
Fax No.		; 011 845 2683			
Cellular No.		",,mwkeymrk@mweb.co.za,
STAMINA ADVANCED PLUMBERS,"Business Name		:	STAMINA ADVANCED PLUMBERS 			
						
Physical Add.		:	22 Siding St , Brakpan , Gauteng , South Africa 			
						
						
Postal Add.		:				
		 				
						
Telephone No.		:				
Fax No.		:				
Cellular No.		:	072 793 6453			
E-Mail Add.		:				
Website Add.		:				
TRADE HEADINGS						
1) 	Plumbers 			2) 	Sanitary Engineers 	
3)	Geysers			4) 	Drains","22 Siding St , Brakpan , Gauteng , South Africa 			
						
						
Postal Add.		; 072 793 6453			
E-Mail Add.		",,,
Mcrae Plumbing CC,"Business Name		:	Mcrae Plumbing CC			
						
Physical Add.		:	16 Heritage Sq , Cecil Knight St , Krugersdorp North 			
						
						
Postal Add.		:				
		 				
						
Telephone No.		:	011 660 9032			
Fax No.		:	011 665 2852			
Cellular No.		:				
E-Mail Add.		:				
Website Add.		:				
TRADE HEADINGS						
1) 	blocked drains 			2) 	geysers 	
3)	burst pipes 			4) 	cylinders","16 Heritage Sq , Cecil Knight St , Krugersdorp North 			
						
						
Postal Add.		; 011 660 9032			
Fax No.		; 011 665 2852			
Cellular No.		",,,
HONEY BEE BRIDAL CAKE CRAFT,"Business Name		:	HONEY BEE BRIDAL CAKE CRAFT 			
						
Physical Add.		:	231 SOUTH MALL 123 MAIN ROAD LENASIA GAUTENG SOUTH AFRICA 			
						
						
Postal Add.		:				
		 				
						
Telephone No.		:	011 8366 153			
Fax No.		:	011 8366154			
Cellular No.		:				
E-Mail Add.		:	fazila@honeybeeplaza.co.za			
Website Add.		:				
TRADE HEADINGS						
1) 	BAKERS 			2) 	BRIDAL ACCESSORIES 	
3)	BRIDAL CLOTHES 			4) 	BRIDESMAID WEAR","231 SOUTH MALL 123 MAIN ROAD LENASIA GAUTENG SOUTH AFRICA 			
						
						
Postal Add.		; 011 8366 153			
Fax No.		; 011 8366154			
Cellular No.		",,fazila@honeybeeplaza.co.za,
PROSPER PLUMBERS,"Business Name		:	PROSPER PLUMBERS			
						
Physical Add.		:	Rondebolt , Germiston , 1423 , Gauteng , South Africa 			
						
						
Postal Add.		:				
		 				
						
Telephone No.		:				
Fax No.		:				
Cellular No.		:	084 707 0635			
E-Mail Add.		:				
Website Add.		:				
TRADE HEADINGS						
1) 	Plumbers 			2) 	Sanitary Engineers 	
3)	Bathroom Fittings 			4) 	Geysers","1423 , Gauteng , South Africa 			
						
						
Postal Add.		; 084 707 0635			
E-Mail Add.		",,,
IRVIN SELEKE HOLDINGS,"Business Name		:	IRVIN SELEKE HOLDINGS 			
						
Physical Add.		:	3150 Njongwe Street , Orlando , Soweto , 1803 , Gauteng , South Africa 			
						
						
Postal Add.		:				
		 				
						
Telephone No.		:	011 935 1113			
Fax No.		:				
Cellular No.		:				
E-Mail Add.		:	irvinseleke@gmail.com			
Website Add.		:				
TRADE HEADINGS						
1) 	Alterations 			2) 	Building Contractors 	
3)	Plumbing 			4) 	Renovations","3150 Njongwe Street , Orlando , Soweto , 1803 , Gauteng , South Africa 			
						
						
Postal Add.		; 011 935 1113			
Fax No.		",,irvinseleke@gmail.com,
INCLEDON (Pty) Ltd  - WEST RAND,"Business Name		:	INCLEDON 			
						
Physical Add.		:	West Rand , South Africa 			
						
						
Postal Add.		:				
		 				
						
Telephone No.		:	011 323 0800			
Fax No.		:				
Cellular No.		:				
E-Mail Add.		:	info@incledon.co.za			
Website Add.		:				
TRADE HEADINGS						
1) 	Couplings 			2) 	Piping 	
3)	Flanges 			4) 	Irrigation Equipment","011 323 0800			
Fax No.		",,info@incledon.co.za,
MZANSI TREEFELLING,"Business Name		:	MZANSI TREEFELLING 			
						
Physical Add.		:	32 KINGSTON RD DINWIDDIE, GEMISTON,1405 GAUTENG SOUTH AFRICA 			
						
						
Postal Add.		:				
		 				
						
Telephone No.		:	078 0032289			
Fax No.		:				
Cellular No.		:				
E-Mail Add.		:	mzansitree2009@gmail.com			
Website Add.		:				
TRADE HEADINGS						
1) 	FIRE WOOD 			2) 	GARDEN SERVICES 	
3)	RUBBLE REMOVAL 			4) 	SITE CLEANING","32 KINGSTON RD DINWIDDIE, GEMISTON,1405 GAUTENG SOUTH AFRICA 			
						
						
Postal Add.		; 078 0032289			
Fax No.		",,mzansitree2009@gmail.com,
J S M Investments,"Business Name		:	J S M Investments			
						
Physical Add 		:	UNIT 04 FIESOLE, 50 - 1st AVENUE, ILLOVO, SANDTON, 2196, GAUTENG, SOUTH AFRICA			
						
						
Postal Add.		:				
		 				
						
Telephone No.		:				
Fax No.		:				
Cellular No.		:	071 347 6335			
E-Mail Add.		:	sulpisionmutevera@gmail.com			
Website Add.		:	sulpisiom@ism-events.co.za			
TRADE HEADINGS						
1)	Air Charter			2)	Freight Forwarding	
3)	Customs Clearing			4) 	Investment","04 FIESOLE, 50 - 1st AVENUE, ILLOVO, SANDTON, 2196, GAUTENG, SOUTH AFRICA			
						
						
Postal Add.		; 071 347 6335			
E-Mail Add.		",,"sulpisionmutevera@gmail.com, sulpisiom@ism-events.co.za",
SCUBAVERSITY AND DIVE CLUB,"Business Name		:	SCUBAVERSITY AND DIVE CLUB 			
						
Physical Add.		:	Peter Rd , Ruimsig , Roodepoort , 1732 , Gauteng , South Africa 			
						
						
Postal Add.		:				
		 				
						
Telephone No.		:	011 958 2418			
Fax No.		:				
Cellular No.		:				
E-Mail Add.		:	dive@scubaversity.co.za			
Website Add.		:				
TRADE HEADINGS						
1) 	Adventure Sports","1732 , Gauteng , South Africa 			
						
						
Postal Add.		; 011 958 2418			
Fax No.		",,dive@scubaversity.co.za,
TRAPPERS FRANCHISING CC - RANDBURG,"Business Name		:	TRAPPERS FRANCHISING CC			
						
Physical Add.		:	Unit 39 , New Market Rd , North Riding , Randburg , Gauteng , South Africa 			
						
						
Postal Add.		:				
		 				
						
Telephone No.		:	011 462 2919			
Fax No.		:				
Cellular No.		:				
E-Mail Add.						
Website Add.		:				
						
1) 	Adventure 			2) 	Hiking 	
3)	Camping 			4) 	Horseriding","39 , New Market Rd , North Riding , Randburg , Gauteng , South Africa 			
						
						
Postal Add.		; 011 462 2919			
Fax No.		",,,
ELLEN G CC - Corporate Clothing Gauteng - CORPORATE INDUSTRIAL & SPORT WEAR,"Business Name		:	ELLEN G CC			
						
Physical Add.		:	Genop House, 15 Hulbert Road, Selby, Johannesburg, Gauteng,			
			South Africa			
						
Postal Add.		:				
		 				
						
Telephone No.		:	011 071 0790			
Fax No.		:	086 520 1518			
Cellular No.		:				
E-Mail Add.		:	support@elleng.co.za			
Website Add.		:				
TRADE HEADINGS						
1) 	Corporate Clothing Or Accessories			2) 	Promotional Products	
3)	Gifts And Novelties","15 Hulbert Road, Selby, Johannesburg, Gauteng,			
			South Africa			
						
Postal Add.		; 011 071 0790			
Fax No.		; 086 520 1518			
Cellular No.		",,support@elleng.co.za,
SOUTHERN ASSIST TECHNOLOGY,"Business Name		:	SOUTHERN ASSIST TECHNOLOGY			
						
Physical Add.		:	142 President St , Johannesburg , Gauteng , South Africa 			
						
						
Postal Add.		:				
		 				
						
Telephone No.		:				
Fax No.		:				
Cellular No.		:	084 723 7413			
E-Mail Add.		:	info@southernassisttechnology.co.za			
Website Add.		:				
TRADE HEADINGS						
1) 	Building Additions 			2) 	Waterproofing Contractors 	
3)	Electric Installations 			4) 	Plumbing 	
5) 	Branded Mats			6) 	Tarring	
7)	Painting			8) 	Paving	
9) 	Granite Works			10) 	Carpentry	
11)	Airconditioning			12) 	Tiling	
13) 	Welding			10) 	Awnings	
11)	Carpet Cleaning","142 President St , Johannesburg , Gauteng , South Africa 			
						
						
Postal Add.		; 084 723 7413			
E-Mail Add.		",,info@southernassisttechnology.co.za,
QUARTO PRESS (PTY) LTD Lithography Printing,"Business Name		:	QUARTO PRESS (PTY) LTD			
						
Physical Add.		:	Raceway Ind Park, 28 Silverstone St, Gosforth Park, Germiston, Gauteng,			
			South Africa			
						
Postal Add.		:	PO Box 16089, 			
		 	Doornfontein, 2028 			
						
Telephone No.		:	011 825 0004			
Fax No.		:	011 825 0075			
Cellular No.		:				
E-Mail Add.		:	info@quarto.co.za			
Website Add.		:				
TRADE HEADINGS						
1) 	Lithography Printing 			2) 	Press Cutting Services	
3)	Newspaper & Magazine Services","28 Silverstone St, Gosforth Park, Germiston, Gauteng,			
			South Africa			
						
Postal Add.		; 2028 			
						
Telephone No.		; 011 825 0004			
Fax No.		; 011 825 0075			
Cellular No.		",,info@quarto.co.za,
ARROW COACHES BUS COACH HIRE,"Business Name		:	ARROW COACHES 			
						
Physical Add.		:	392 Stockwell Av , Nancefield , Soweto , Gauteng , South Africa 			
						
						
Postal Add.		:				
		 				
						
Telephone No.		:	011 945 1031			
Fax No.		:	011 342 4535			
Cellular No.		:				
E-Mail Add.		:				
Website Add.		:				
TRADE HEADINGS						
1) 	Bus And Coach Services 			2) 	Coach Operaters 	
3)	Bus Hire 			4) 	Luxury Liners","392 Stockwell Av , Nancefield , Soweto , Gauteng , South Africa 			
						
						
Postal Add.		; 011 945 1031			
Fax No.		; 011 342 4535			
Cellular No.		",,,
ROYAL BUS & TRUCK TYRES - BENONI,"Business Name		:	ROYAL BUS & TRUCK TYRES 			
						
Physical Add.		:	19 Liverpool Rd , Benoni South , Gauteng , South Africa 			
						
						
Postal Add.		:				
		 				
						
Telephone No.		:	013 656 1158			
Fax No.		:	013 656 1158			
Cellular No.		:				
E-Mail Add.		:	royaltyreswitbank@gmail.com			
Website Add.		:				
TRADE HEADINGS						
1) 	Tyre Repairs 			2) 	Truck Tyres 	
3)	Tyre Fitment 			4) 	Wheel Alignments","19 Liverpool Rd , Benoni South , Gauteng , South Africa 			
						
						
Postal Add.		; 013 656 1158			
Fax No.		; 013 656 1158			
Cellular No.		",,royaltyreswitbank@gmail.com,
THE SKILLS MATRIX GAUTENG,"Business Name		:	THE SKILLS MATRIX			
						
Physical Add.		:	45 Koedoe Ave, Birchleigh, Kempton Park, Gauteng,			
			South Africa			
						
Postal Add.		:				
		 				
						
Telephone No.		:	011 391 3332			
Fax No.		:	011 391 6995			
Cellular No.		:				
E-Mail Add.		:	inas@theskillsmatrix.co.za			
Website Add.		:				
TRADE HEADINGS						
1) 	Occupational Health & Safety			2) 	Technical Training	
3)	Development Consultants","45 Koedoe Ave, Birchleigh, Kempton Park, Gauteng,			
			South Africa			
						
Postal Add.		; 011 391 3332			
Fax No.		; 011 391 6995			
Cellular No.		",,inas@theskillsmatrix.co.za,
ON POINT ELECTRICAL,"Business Name		:	ON POINT ELECTRICAL 			
						
Physical Add.		:	James Commercial Park , 2 James Cresent , Midrand , Gauteng , South Africa 			
						
						
Postal Add.		:				
		 				
						
Telephone No.		:	011 051 4431			
Fax No.		:				
Cellular No.		:	072 768 1116			
E-Mail Add.		:	info@onpointelectrical.co.za			
Website Add.		:				
TRADE HEADINGS						
1) 	24 7 Electrical Services 			2) 	Boat Electronics 	
3)	Auto Electricians 			4) 	Electronics","2 James Cresent , Midrand , Gauteng , South Africa 			
						
						
Postal Add.		; 011 051 4431			
Fax No.		; 072 768 1116			
E-Mail Add.		; 24 7 Electrical Services 			2",,info@onpointelectrical.co.za,
NKOSI STAINLESS AND STEEL WORKS AND PROJECTS,"Business Name		:	NKOSI STAINLESS AND STEEL WORKS AND PROJECTS			
						
Physical Add.		:	1433 SANDAWANA STREET, DLAMINI 1, ORANGE FARM EXT 3			
						
						
Postal Add.		:				
		 				
						
Telephone No.		:	079 424 9602			
Fax No.		:				
Cellular No.		:	084 010 7610			
E-Mail Add.		:	nkosiknowledge@gmail.com			
Website Add.		:				
TRADE HEADINGS						
1) 	ALUMINIUM 			2) 	AWNINGS 	
3)	BALLUSTRADES 			4) 	CARPORT","1433 SANDAWANA STREET, DLAMINI 1, ORANGE FARM EXT 3			
						
						
Postal Add.		; 079 424 9602			
Fax No.		; 084 010 7610			
E-Mail Add.		",,nkosiknowledge@gmail.com,
DEBROCK CONSTRUCTION PROJECTS,"Business Name		:	DEBROCK CONSTRUCTION PROJECTS 			
						
Physical Add.		:	50 Short St , Johannesburg , Gauteng , South Africa 			
						
						
Postal Add.		:	No 33 Fair Field Street, The Hill, Johannesburg, South Africa.			
		 				
						
Telephone No.		:	011 038 8643			
Fax No.		:				
Cellular No.		:	073 830 1219			
E-Mail Add.		:	debrockconstructionprojects@gmail.com			
Website Add.		:				
TRADE HEADINGS						
1) 	Alterations 			2) 	Renovations 	
3)	Building Additions 			4) 	Plumbing","50 Short St , Johannesburg , Gauteng , South Africa 			
						
						
Postal Add.		; 33 Fair Field Street, The Hill, Johannesburg, South Africa.			
		 				
						
Telephone No.		; 011 038 8643			
Fax No.		; 073 830 1219			
E-Mail Add.		",,debrockconstructionprojects@gmail.com,
LUCRATIVE,"Business Name		:	LUCRATIVE 			
						
Physical Add.		:	8 Jackdaw Street , Germiston , Gauteng , South Africa 			
						
						
Postal Add.		:				
		 				
						
Telephone No.		:	011 056 5509			
Fax No.		:				
Cellular No.		:				
E-Mail Add.		:	mashilo.thabo@lucrativegroup.co.za			
Website Add.		:	www.lucrativegroup.co.za			
TRADE HEADINGS						
1) 	Alterations 			2) 	Waterproofing 	
3)	Electrical 			4) 	Plumbing","8 Jackdaw Street , Germiston , Gauteng , South Africa 			
						
						
Postal Add.		; 011 056 5509			
Fax No.		",,mashilo.thabo@lucrativegroup.co.za,
ELLEN G cc - Corporate Clothing Gauteng - CORPORATE INDUSTRIAL & SPORT WEAR,"Business Name		:	ELLEN G CC			
						
Physical Add.		:	4th Floor Genop House, 15 Hulbert Street, Selby, Johannesburg, Gauteng,			
			South Africa			
						
Postal Add.		:	P O Box 31022			
		 	Braamfontein, 2017			
						
Telephone No.		:	011 071 0790/ 010 597 6696/7			
Fax No.		:	086 520 1518			
Cellular No.		:	074 6744 039			
E-Mail Add.		:	ellen@elleng.co.za			
Website Add.		:	www.elleng.co.za			
TRADE HEADINGS						
1) 	Corporate Clothing			2) 	Promotional Products	
3)	Protective Clothing			4) 	Security uniform & accessories	
5) 	Corporate Gifts			6)	Reflective Clothing","15 Hulbert Street, Selby, Johannesburg, Gauteng,			
			South Africa			
						
Postal Add.		; 31022			
		 	Braamfontein, 2017			
						
Telephone No.		; 011 071 0790; 010 597 6696; 7			
Fax No.		; 086 520 1518			
Cellular No.		; 074 6744 039			
E-Mail Add.		",,ellen@elleng.co.za,
SHIZEMBE SHUTTLE AND TOURS,"Business Name		:	SHIZEMBE SHUTTLE AND TOURS 			
						
Physical Add.		:	260B Florence Ribiero Av , Brooklyn , Pretoria , Gauteng , South Africa 			
						
						
Postal Add.		:				
		 				
						
Telephone No.		:	012 435 8888			
Fax No.		:				
Cellular No.		:	072 909 7671			
E-Mail Add.		:	info@shizembetours.co.za			
Website Add.		:	www.shizembetours.co.za			
TRADE HEADINGS						
1) 	Adventure 			2) 	Shuttle	
3)	Airport Shuttle 			4) 	Safaris And Operators","012 435 8888			
Fax No.		; 072 909 7671			
E-Mail Add.		",,info@shizembetours.co.za,
CEILING AND PARTITION INSTALLERS,"Business Name		:	CEILING AND PARTITION INSTALLERS			
						
Physical Add.		:	76 Goldman Str , Florida , Roodepoort , Gauteng , South Africa 			
						
						
Postal Add.		:				
		 				
						
Telephone No.		:				
Fax No.		:				
Cellular No.		:	071 901 1034			
E-Mail Add.		:	anwargaf7@gmail.com			
Website Add.		:	www.cpinstallers.co.za			
TRADE HEADINGS						
1) 	Building Alterations 			2) 	Plumbing 	
3)	Carpentry 			4) 	Ceiling Contractors","76 Goldman Str , Florida , Roodepoort , Gauteng , South Africa 			
						
						
Postal Add.		; 071 901 1034			
E-Mail Add.		",,anwargaf7@gmail.com,
B M A REMOVALS,"Business Name		:	B M A REMOVALS 			
						
Physical Add.		:	3 PENNY LANE 225 2ND AVE NEW  ALBERTON GAUTENG SOUTH AFRICA 			
						
						
Postal Add.		:				
		 				
						
Telephone No.		:	011 902 1176 			
Fax No.		:	086 672 0268			
Cellular No.		:				
E-Mail Add.		:	bmalogistics@mweb.co.za			
Website Add.		:				
TRADE HEADINGS						
1) 	DOMESTIC 			2) 	STORAGE 	
3)	INSURANCE 			4) 	PACKING","3 PENNY LANE 225 2ND AVE NEW  ALBERTON GAUTENG SOUTH AFRICA 			
						
						
Postal Add.		; 011 902 1176 			
Fax No.		; 086 672 0268			
Cellular No.		",,bmalogistics@mweb.co.za,
JUST SETS SA (PTY) LTD,"Business Name		:	JUST SETS SA (PTY)LTD 			
						
Physical Add.		:	151 9TH RD KEW JOHANNESBURG GAUTENG SOUTH AFRICA 			
						
						
Postal Add.		:				
		 				
						
Telephone No.		:	011 882 9347			
Fax No.		:	011 882 2370			
Cellular No.		:				
E-Mail Add.		:	tech@justsets.co.za 			
Website Add.		:				
TRADE HEADINGS						
1) 	CURTAINS 			2) 	DESIGN EVENTS 	
3)	DANCE FLOORS 			4) 	HYDRALICS PERFORMANCE","151 9TH RD KEW JOHANNESBURG GAUTENG SOUTH AFRICA 			
						
						
Postal Add.		; 011 882 9347			
Fax No.		; 011 882 2370			
Cellular No.		",,tech@justsets.co.za,
PRAEKELT CONSULTING (PTY) LTD,"Business Name		:	PRAEKELT CONSULTING (PTY) LTD 			
						
Physical Add.		:	44 Stanley Av , Braamfontien Werf , Johannesburg , Gauteng , South Africa 			
						
						
Postal Add.		:				
		 				
						
Telephone No.		:	011 482 8684			
Fax No.		:				
Cellular No.		:				
E-Mail Add.		:				
Website Add.		:	www.barron.co.za			
TRADE HEADINGS						
1) 	Embriodery			2) 	Uniforms 	
3)	Corporate Clothing 			4) 	Workwear","44 Stanley Av , Braamfontien Werf , Johannesburg , Gauteng , South Africa 			
						
						
Postal Add.		; 011 482 8684			
Fax No.		",,,
POLYOAK PACKAGING,"Business Name		:	POLYOAK PACKAGING			
						
Physical Add.		:	17 Aeroton road, Aeroton, Johannesburg			
						
						
Postal Add.		:	186 Box , Crown Mines , Johannesburg , Gauteng , South Africa 			
		 				
						
Telephone No.		:	011 247 6000			
Fax No.		:	011 494 1045			
Cellular No.		:				
E-Mail Add.		:	info@polyoak.co.za			
Website Add.		:	www.polyoak.co.za			
TRADE HEADINGS						
1) 	Labels And Boxes 			2) 	Packaging Suppliers 	
3)	Packaging Materials 			4) 	Packaging Products","17 Aeroton road, Aeroton, Johannesburg			
						
						
Postal Add.		; 186 Box , Crown Mines , Johannesburg , Gauteng , South Africa 			
		 				
						
Telephone No.		; 011 247 6000			
Fax No.		; 011 494 1045			
Cellular No.		",,info@polyoak.co.za,
WRAP IT PACKAGING  Ribbons & Custom made gift boxes	Packaging Solutions Packaging 	Wrapping Paper,"Business Name		:	WRAP IT PACKAGING			
						
Physical Add.		:	DUNKELD WEST SHOPPING CENTRE, 2ND FLOOR, CNR JAN SMUTS AVE & BOMPAR RD			
			DUNKELD  			
						
Postal Add.		:				
		 				
						
Telephone No.		:	011 782 6471			
Fax No.		:	011 782 6471			
Cellular No.		:				
E-Mail Add.		:	blancheboutselis@gmail.com			
Website Add.		:				
TRADE HEADINGS						
1) 	Ribbons & Custom made gift boxes			2) 	Packaging Solutions 	
3)	Packaging 			4) 	Wrapping Paper","011 782 6471			
Fax No.		; 011 782 6471			
Cellular No.		",,blancheboutselis@gmail.com,
MONTROUX SCHOOLWEAR,"Business Name		:	MONTROUX SCHOOLWEAR 			
						
Physical Add.		:	SHOP 30J, NORTHCLIFF CNR SHOPPING CENTRE, CNR BEYERS NAUDE & MILNES AVE, NORTHCLIFF			
						
						
Postal Add.		:				
		 				
						
Telephone No.		:	011 782 5796			
Fax No.		:	011 782 5796			
Cellular No.		:				
E-Mail Add.		:	montrouxschoolwear@gmail.com			
Website Add.		:				
TRADE HEADINGS						
1) 	Uniforms","011 782 5796			
Fax No.		; 011 782 5796			
Cellular No.		",,montrouxschoolwear@gmail.com,
MADIMONG TRADING AND SERVICES,"Business Name		:	MADIMONG TRADING AND SERVICES 			
						
Physical Add.		:	47 Railway St , Noldick , Meyerton , Gauteng , South Africa 			
						
						
Postal Add.		:	Postnet Suite #94			
		 	Private Bag X1003, Meyerton,1960			
						
Telephone No.		:	086 728 8162			
Fax No.		:	086 6628124			
Cellular No.		:	084 304 2739			
E-Mail Add.		:	info @madimongtrading.co.za			
Website Add.		:				
TRADE HEADINGS						
1) 	Building  & Construction 			2) 	Carpentry	
3)	Building Additions 			4) 	Renovations","47 Railway St , Noldick , Meyerton , Gauteng , South Africa 			
						
						
Postal Add.		; 94			
		 	Private Bag X1003, Meyerton,1960			
						
Telephone No.		; 086 728 8162			
Fax No.		; 086 6628124			
Cellular No.		; 084 304 2739			
E-Mail Add.		",,,
REEF INSURANCE BROKERS (PTY) LTD,"Business Name		:	REEF INSURANCE BROKERS (PTY) LTD			
						
Physical Add.		:	1 Mowbray Av, Benoni, Gauteng,			
			South Africa			
						
Postal Add.		:				
		 				
						
Telephone No.		:	0861 007 333			
Fax No.		:	086 532 5527			
Cellular No.		:				
E-Mail Add.		:	info@reefinsurance.co.za			
Website Add.		:	www.reefinsurance.co.za			
TRADE HEADINGS						
1) 	Financial Planning Consultants			2) 	Healthcare Consultants	
3)	Insurance Agents And Brokers			4)","1 Mowbray Av, Benoni, Gauteng,			
			South Africa			
						
Postal Add.		; 0861 007 333			
Fax No.		; 086 532 5527			
Cellular No.		",,info@reefinsurance.co.za,
BWF ENVIRONMENTAL DYNAMICS SA (PTY) Ltd,"Business Name
			:
			BWF ENVIRONMENTAL DYNAMICS SA (PTY) Ltd
			 
		
		
			 
			 
		
		
			Physical Add.
			:
			5 1st Avenue Street, Vosterkroon, Nigel. Gauteng, South Africa","5 1st Avenue Street, Vosterkroon, Nigel. Gauteng, South Africa",,,
CIC INSURANCE BROKERS,"Business Name		:	CIC INSURANCE BROKERS			
						
Physical Add.		:	37 DARWIN AVE, CIC HOUSE, SAVOY ESTATE, JOHANNESBURG			
						
						
Postal Add.		:				
		 				
						
Telephone No.		:	011 786 0472			
Fax No.		:	011  887 7713			
Cellular No.		:	082 416 4356			
E-Mail Add.		:	SUE@CICINS.CO.ZA			
Website Add.		:				
TRADE HEADINGS						
          1) 	INSURANCE BROKERS			2) 	CAR INSURANCE	
        3)	FINANCIAL SERVICES			4) 	AGRICULTURE INSURANCE","37 DARWIN AVE, CIC HOUSE, SAVOY ESTATE, JOHANNESBURG			
						
						
Postal Add.		; 011 786 0472			
Fax No.		; 011  887 7713			
Cellular No.		; 082 416 4356			
E-Mail Add.		",,SUE@CICINS.CO.ZA,
ERA POLYMERS AFRICA Pty Ltd,ERA POLYMERS AFRICA Pty Ltd,,,,
FINANCIAL FITNESS SERVICES (PTY) Ltd,"Business Name		:	FINANCIAL FITNESS SERVICES (PTY) Ltd			
						
Physical Add.		:	21 STUART AVENUE, MORNINGSIDE MANOR, SANDTON, GAUTENG			
						
						
Postal Add.		:	P O BOX 1881, GALLO MANOR, 2052			
		 				
						
Telephone No.		:	011 802 0888			
Fax No.		:	011 802 0880			
Cellular No.		:				
E-Mail Add.		:	MARLENE@FINFIT.CO.ZA			
Website Add.		:	http://www.finfit.co.za/			
TRADE HEADINGS						
1) 	FINANCIAL ADVISORS			2) 	FINANCIAL BROKERS	
3)	INVESTMENT MANAGERS			4) 	INVESTMENT ADVICE & MANAGEMENT","21 STUART AVENUE, MORNINGSIDE MANOR, SANDTON, GAUTENG			
						
						
Postal Add.		; 2052			
		 				
						
Telephone No.		; 011 802 0888			
Fax No.		; 011 802 0880			
Cellular No.		",,MARLENE@FINFIT.CO.ZA,http://www.finfit.co.za/
SHAWSON PLASTICS,"Business Name		:	SHAWSON PLASTICS			
						
Physical Add.		:	cnr TUNGSTEN & WAKIS AVENUE, STRYDOM PARK, RANDBURG			
						
						
Postal Add.		:				
		 				
						
Telephone No.		:	011 792 1916			
Fax No.		:				
Cellular No.		:				
E-Mail Add.		:	RODNEYTRUBSHAW@FASTMAIL.FM			
Website Add.		:	www.shawsonplastics.co.za3			
TRADE HEADINGS						
1) 	WHEELY BIN			2) 	600L TANKS	
3)	PLASTICS			4) 	DUSTBINS","011 792 1916			
Fax No.		; 3			
TRADE HEADINGS						
1",,RODNEYTRUBSHAW@FASTMAIL.FM,
FORGEWELD GAUTENG,"Business Name		:	FORGEWELD GAUTENG			
						
Physical Add.		:	101 3RD STREET, BABELEGI INDUSTRIAL, BABELEGI, NORTH WEST			
						
						
Postal Add.		:				
		 				
						
Telephone No.		:	012 719 9052			
Fax No.		:	012 719 9055			
Cellular No.		:				
E-Mail Add.		:	FLORENCE@FORGEWORLD.COM			
Website Add.		:	WWW.FORGEWELD.COM			
TRADE HEADINGS						
1) 	STEEL TANK MANUFACTURERS			2) 	PIPING SYSTEMS","101 3RD STREET, BABELEGI INDUSTRIAL, BABELEGI, NORTH WEST			
						
						
Postal Add.		; 012 719 9052			
Fax No.		; 012 719 9055			
Cellular No.		",,FLORENCE@FORGEWORLD.COM,
TOW IT ROADSIDE ASSISTANCE,"Business Name		:	TOW IT ROADSIDE ASSISTANCE			
						
Physical Add.		:	50 SIMONSVLEI CRECENT,THE REEDS,CENTURION,GAUTENG,0061			
						
						
Postal Add.		:				
		 				
						
Telephone No.		:				
Fax No.		:				
Cellular No.		:	0825914188			
E-Mail Add.		:	TOWITROADSIDE@GMAIL.COM 			
Website Add.		:				
Geo - Location		:				
TRADE HEADINGS						
1) 	ROADSIDE ASSISSTANCE			2) 	TOWING	
3)	RECOVERY","50 SIMONSVLEI CRECENT,THE REEDS,CENTURION,GAUTENG,0061			
						
						
Postal Add.		; 0825914188			
E-Mail Add.		",,TOWITROADSIDE@GMAIL.COM,
EXQUISITE GLASS AND ALUMINIUM,"Business Name		:	EXQUISITE GLASS AND ALUMINIUM			
						
Physical Add.		:	UNIT 5 NTN IINDUSRIAL PARK,139 BELL ROAD, MEYERTON			
						
						
Postal Add.		:				
		 				
						
Telephone No.		:	016 362 6536			
Fax No.		:	 			
Cellular No.		:	 			
E-Mail Add.		:	INFO@EXGAL.CO.ZA / SABIRA@EXGAL.CO.ZA			
Website Add.		:				
TRADE HEADINGS						
1) 	GLASS			2) 	ALUMINIUM	
3)	SECURITY","5 NTN IINDUSRIAL PARK,139 BELL ROAD, MEYERTON			
						
						
Postal Add.		; 016 362 6536			
Fax No.		",,"INFO@EXGAL.CO.ZA, SABIRA@EXGAL.CO.ZA",
SKYJACKS TAILLIFTS (PTY) Ltd,"Business Name		:	SKYJACKS TAILLIFTS (PTY) Ltd			
						
Physical Add.		:	14 GOLDEN DRIVE, BENONI, GAUTENG			
			SOUTH AFRICA			
						
Postal Add.		:				
		 				
						
Telephone No.		:	011 849 6769			
Fax No.		:				
Cellular No.		:				
E-Mail Add.		:	reception@tailifts.co.za			
Website Add.		:				
TRADE HEADINGS						
1) 	LIFTS			2) 	PALLET JACKS","14 GOLDEN DRIVE, BENONI, GAUTENG			
			SOUTH AFRICA			
						
Postal Add.		; 011 849 6769			
Fax No.		",,reception@tailifts.co.za,
AFC MATERIALS HANDLING cc GAUTENG,"Business Name		:	AFC MATERIALS HANDLING cc			
						
Physical Add.		:	UNIT M, ISANDO BUSINESS UNITS, 38 MONTEER RD, ISANDO			
			SOUTH AFRICA			
						
Postal Add.		:				
		 				
						
Telephone No.		:	011 392 2629			
Fax No.		:	011 392 4951			
Cellular No.		:				
E-Mail Add.		:	rebecca@afsmh.co.za			
Website Add.		:				
TRADE HEADINGS						
1) 	LIFTS			2) 	PALLET JACKS	
3)	FORKLIFTS","38 MONTEER RD, ISANDO			
			SOUTH AFRICA			
						
Postal Add.		; 011 392 2629			
Fax No.		; 011 392 4951			
Cellular No.		",,rebecca@afsmh.co.za,
MAKRO ( ALBERTON ),"Business Name		:	MAKRO ( ALBERTON )			
						
Physical Add.		:	HEIDELBERG ROAD, NEW MARKET PARK, ALBERTON, GAUTENG			
			SOUTH AFRICA			
						
Postal Add.		:				
		 				
						
Telephone No.		:	0860 008 991			
Fax No.		:				
Cellular No.		:				
E-Mail Add.		:	alberton@makro.co.za			
Website Add.		:	www.makro.co.za			
TRADE HEADINGS						
1) 	RETAIL 			2) 	WHOLESALE MERCHANTS	
3)	ELECTRICAL APPLIANCES","0860 008 991			
Fax No.		",,alberton@makro.co.za,
MAKRO (  ALBERTON  ),"Business Name
			:
			MAKRO ( ALBERTON )
			 
		
		
			 
			 
		
		
			Physical Add.
			:
			HEIDELBERG ROAD, NEW MARKET PARK, ALBERTON, GAUTENG",,,,
KINGSWOOD IT INTERNATIONAL,"Business Name		:	KINGSWOOD IT INTERNATIONAL			
						
Physical Add.		:	20 NEW STREET, GHANDI SQUARE, JOHANNESBURG			
						
						
Postal Add.		:				
		 				
						
Telephone No.		:	010 023 1761			
Fax No.		:				
Cellular No.		:				
E-Mail Add.		:				
Website Add.		:	WWW.KINGSWOODINTERNATIONAL.ORG			
TRADE HEADINGS						
1) 	BOOT CAMPS			2) 	DISTANCE LEARNING	
3)	CLASSROOM LEARNING			4) 	E LEARNING (ONLINE)","20 NEW STREET, GHANDI SQUARE, JOHANNESBURG			
						
						
Postal Add.		; 010 023 1761			
Fax No.		",,,
Health System Technologies (Pty) Ltd  Gauteng,"Business Name		:	Health System Technologies (Pty)Ltd			
						
Physical Add.		:	9 Simba Road, Block C, Sunninghill Place			
			Sunninghill			
						
Postal Add.		:	Private Bag X5 Clarench 7740			
		 				
						
Telephone No.		:	0216831596			
Fax No.		:	216 742 317			
Cellular No.		:				
E-Mail Add.		:	solutions@healthsystems.co.za			
Website Add.		:	www.healthsystems.co.za			
TRADE HEADINGS						
1) 	Health Information Systems			2) 	Patient Admin Systems	
3)	Lab Information Systems			4) 	Hospital Info Systems	
3)	RIS/PACS ( Enterprise Imaging)			4) 	Patient Billing Systems","9 Simba Road, Block C, Sunninghill Place			
			Sunninghill			
						
Postal Add.		; 5 Clarench 7740			
		 				
						
Telephone No.		; 0216831596			
Fax No.		; 216 742 317			
Cellular No.		",,solutions@healthsystems.co.za,
Zamokuhle Private Hospital,"Business Name
			:
			Zamokuhle Private Hospital
			 
		
		
			 
			 
		
		
			Physical Add.
			:
			128 Flint Mazibuko Street, Hospital View, Tembisa
			 
		
		
			&nb","128 Flint Mazibuko Street, Hospital View, Tembisa
			 
		
		
			",,,
